САМАРА,новая цена,Наличие,New,страна,сорт винограда,,,закуп,,,,,,,,,,,цена,,,,,,,,,,,,,
ВИНО БЕЛОЕ СУХОЕ,,,,,,,,,,,,,,,,,,,,,,,,,,,,,,,,
"Вино Айси Цинандали белое сухое 0,75 л",1630,,470,Грузия,Ркацители\Мцване Кахури,,,410,,,,,,,,,,,1100,,,,,,,,,,,,,
"Вино Тенглд Три Пино Гриджио белое сухое 0,75 л",2220,,490,ЮАР,Пино Гриджио,,,570,,,,,,,,,,,1700,,,,,,,,,,,,,
"Вино Цинандали Алаверди белое сухое 0,75 л",1680,,500,Грузия,Ркацители\Мцване Кахури,,,470,,,,,,,,,,,1300,,,,,,,,,,,,,
"Вино Куумба Шардоне белое сухое 0,75 л",1810,,570,ЮАР,Шардоне,,,470,,,,,,,,,,,1200,,,,,,,,,,,,,
"Вино Калмеда Совиньон Блан-Москатель белое сухое 0,75 л",1920,,570,Чили,Совиньон Блан/Москатель,,,550,,,,,,,,,,,1500,,,,,,,,,,,,,
"Вино Эль Ниньо и Ла Луна Бланко белое сухое 0,75 л",2060,,570,Испания,Совиньон БланМакабео,,,570,,,,,,,,,,,1600,,,,,,,,,,,,,
"Вино Кампо Вента Дон Хуан Тиерра де Кастилья белое сухое 0,75 л",2060,,590,Чили,Совиньон Блан,,,590,,,,,,,,,,,1600,,,,,,,,,,,,,
"Вино Н Нивариус белое сухое 0,75 л",2470,,600,Испания,Темпранильо Бланко,,,900,,,,,,,,,,,1900,,,,,,,,,,,,,
Вино Бродлиф Совиньон Блан белое сухое,1920,,630,ЮАР,Совиньон Блан,,,590,,,,,,,,,,,1500,,,,,,,,,,,,,
"Вино Оушен Свирл Шардоне белое сухое 0,75 л",2180,,650,ЮАР,Шардоне,,,650,,,,,,,,,,,1700,,,,,,,,,,,,,
"Вино П.В.С.& Б Стеларис Пино Гриджио белое сухое 0,75 л",2040,,670,ЮАР,Пино Гриджио,,,670,,,,,,,,,,,1600,,,,,,,,,,,,,
"Вино Кандиум Вердехо до Руэда белое сухое 0,75 л",2170,,690,Испания,Вердехо,,,670,,,,,,,,,,,1700,,,,,,,,,,,,,
"Вино Тенуте Дель Неччио Орвието Классико белое сухое 0,75 л",2090,,720,Италия,"Грекетто, Проканико, Шардоне",,,620,,,,,,,,,,,1600,,,,,,,,,,,,,
"Вино Адега Май Дори белое сухое 0,75 л",2280,,800,Португалия,Виозиньо\Аринту\Альвариньо\Совиньон Блан,,,800,,,,,,,,,,,1800,,,,,,,,,,,,,
Вино Пьетраме Пино Гриджо Терре ди Кьети Абруццо IGP белое сухое,2300,,830,Италия,Пино Гриджио,,,690,,,,,,,,,,,1600,,,,,,,,,,,,,
"Вино Универсале белое полусухое 0,75 л",2400,,850,Италия,Грилло\Совиньон\Верментино,,,850,,,,,,,,,,,1900,,,,,,,,,,,,,
Вино Маркес Де Касерес Бланко белое сухое 0.75,2650,,970,Новая Зеландия,Виура/Макабео,,,950,,,,,,,,,,,2100,,,,,,,,,,,,,
"Вино Ла Форшетьер Совиньон Блан белое сухое 0,75 л",2640,,1000,Франция,Совиньон Блан,,,1000,,,,,,,,,,,2100,,,,,,,,,,,,,
"Вино Пино Гриджио Делле Венецие Арнази белое сухое 0,75 л",3170,,1300,Италия,Пино Гриджио,,,1300,,,,,,,,,,,2300,,,,,,,,,,,,,
"Вино Терра Норте ДО Риас Байшас белое сухое 0,75 л",3550,,1500,Испания,Альбариньо,,,1500,,,,,,,,,,,2500,,,,,,,,,,,,,
Вино Трамонтана Сицилия белое сухое,,нет,500,Италия,Треббьяно,,,390,,,,,,,,,,,1000,,,,,,,,,,,,,
"Вино Ошторошбор Иршаи Оливер белое сухое 0,75 л",,НЕТ,НЕТ,Венгрия,Иршаи Оливер,,,470,,,,,,,,,,,1500,,,,,,,,,,,,,
"Вино Маркези Спинола Гави Биолоджико DOCG белое сухое 0,75 л",,НЕТ,НЕТ,Италия,Кортезе,,,1500,,,,,,,,,,,2500,,,,,,,,,,,,,
,,,,,,,,,,,,,,,,,,,,,,,,,,,,,,,,
ВИНО БЕЛОЕ ПОЛУСЛАДКОЕ,новая цена,Наличие,New,страна,сорт винограда,,,закуп,,,,,,,,,,,цена,,,,,,,,,,,,,
"Вино Блэк Бёрд Вестерн Кейп Во белое полусладкое 0,75 л",1680,,450,ЮАР,Шенен Блан,,,450,,,,,,,,,,,1299,,,,,,,,,,,,,
"Вино Алазанская Долина Алаверди белое полусладкое 0,75 л",1810,,490,Грузия,Ркацители\Кахури Мцване,,,400,,,,,,,,,,,1400,,,,,,,,,,,,,
"Вино Музаради Алазанская Долина белое полусладкое 0,75 л",1800,,510,Грузия,Ркацители\Белые сорта винограда,,,470,,,,,,,,,,,1400,,,,,,,,,,,,,
"Вино Кахури Гвинис Марани Алазанская Долина белое полусладкое 0,75 л",1780,,550,Грузия,Ркацители,,,540,,,,,,,,,,,1300,,,,,,,,,,,,,
"Вино Рио Рика Москато белое полусладкое 0,75 л",1930,мало,550,Чили,Москато,,,550,,,,,,,,,,,1500,,,,,,,,,,,,,
"Вино Бадагони Алазанская Долина белое полусладкое 0,75 л",1810,,570,Грузия,Ркацители,,,470,,,,,,,,,,,1399,,,,,,,,,,,,,
"Вино Кампо Вента Дон Хуан Тиерра де Кастилья белое полусладкое 0,75 л",2060,,590,Испания,Макабео,,,590,,,,,,,,,,,1600,,,,,,,,,,,,,
"Вино Энгельшайн Либлих белое полусладкое 0,75 л",2050,,630,Германия,Айрен\Треббьяно\Макабео,,,600,,,,,,,,,,,1600,,,,,,,,,,,,,
"Вино Пиккола Джойа Мальвазия Рубиконе ИГТ белое полусладкое 0,75 л",2060,,700,Италия,Мальвазия,,,630,,,,,,,,,,,1500,,,,,,,,,,,,,
"Вино Молоко Любимой Женщины белое полусладкое 0,75 л",2160,,730,Германия,Мюллер-Тургау\Рислинг\Сильванер\Кёрнер,,,670,,,,,,,,,,,1700,,,,,,,,,,,,,
Вино Лизард Рислинг бел.п/сл,2280,,800,Германия,Рислинг,,,800,,,,,,,,,,,1800,,,,,,,,,,,,,
Вино Маркес Де Касерес Сантинела Риоха DOC белое полусладкое,2610,,1000,Испания,"Мальвазия, Виура/Макабео",,,990,,,,,,,,,,,2000,,,,,,,,,,,,,
Вино Трамонтана Сицилия белое полусладкое,,нет,490,Италия,Треббьяно,,,400,,,,,,,,,,,1000,,,,,,,,,,,,,
"Вино Tabla Алазанская Долина белое полусладкое 0,75 л",,НЕТ,НЕТ,Грузия,Ркацители\Цоликоури,,,350,,,,,,,,,,,1400,,,,,,,,,,,,,
,,,,,,,,,,,,,,,,,,,,,,,,,,,,,,,,
ВИНО БЕЛОЕ ПОЛУСУХОЕ,новая цена,Наличие,New,страна,сорт винограда,,,закуп,,,,,,,,,,,цена,,,,,,,,,,,,,
"Вино Терра де Оро Шардоне белое полусухое 0,75 л",1650,очень мало,470,Чили,Шардоне,,,470,,,,,,,,,,,1500,,,,,,,,,,,,,
"Вино Вилла Анна Пино Гриджио белое полусухое 0,75 л",1650,,620,Италия,Пино Гриджио,,,550,,,,,,,,,,,1500,,,,,,,,,,,,,
Вино Маре Альта Винью Верде DOC белое полусухое,1790,,700,Португалия,"Аринто/Падерна, Лоурейро",,,620,,,,,,,,,,,1600,,,,,,,,,,,,,
Вино Лизард Рислинг Трокен белое полусухое,1950,,800,Германия,Рислинг,,,800,,,,,,,,,,,1700,,,,,,,,,,,,,
"Вино Вейнцунфт Рислинг Мозель белое полусухое 0,75 л",2010,,830,Германия,Рислинг,,,770,,,,,,,,,,,1700,,,,,,,,,,,,,
"Вино Примо Фиоре Фамозо белое полусухое 0,75 л",2130,,900,Италия,Фамозо,,,900,,,,,,,,,,,1900,,,,,,,,,,,,,
"Вино Зибенштейн Совиньон Блан Пфальц белое полусухое 0,75 л",2200,,950,Германия,Совиньон Блан,,,950,,,,,,,,,,,1900,,,,,,,,,,,,,
"Вино Зибенштейн Рислинг Пфальц белое полусухое 0,75 л",2250,,970,Германия,Рислинг,,,950,,,,,,,,,,,1900,,,,,,,,,,,,,
Вино Макуту Бей Совиньон Блан белое полусухое ,2550,,1150,Новая Зеландия,Совиньон Блан,,,1000,,,,,,,,,,,2100,,,,,,,,,,,,,
,,,,,,,,,,,,,,,,,,,,,,,,,,,,,,,,
ВИНО РОЗОВОЕ СУХОЕ,новая цена,Наличие,New,страна,сорт винограда,,,закуп,,,,,,,,,,,цена,,,,,,,,,,,,,
"Вино Бродлиф Совиньон Блан розовое сухое 0,75 л",2180,,630,ЮАР,Совиньон Блан\Пино Нуар,,,590,,,,,,,,,,,1700,,,,,,,,,,,,,
"Вино жемчужное Кашу Фрешку розовое сухое 0,75 л",2040,,670,Португалия,Арагонеш\Каштелау,,,500,,,,,,,,,,,1600,,,,,,,,,,,,,
"Вино Розато Тоскана Тенуте Россетти розовое сухое 0,75 л",2420,,800,Италия,Санджовезе\Мерло,,,800,,,,,,,,,,,1900,,,,,,,,,,,,,
"Вино Кампо Вента Дон Хуан Тиерра де Кастилья розовое сухое 0,75 л",,нет,нет,Испания,Бобаль,,,900,,,,,,,,,,,1500,,,,,,,,,,,,,
,,,,,,,,,,,,,,,,,,,,,,,,,,,,,,,,
ВИНО РОЗОВОЕ ПОЛУСУХОЕ,новая цена,Наличие,New,страна,сорт винограда,,,закуп,,,,,,,,,,,цена,,,,,,,,,,,,,
"Вино Бриза ду Мар Винью Верде DOC розовое полусухое 0,75 л",2040,,650,Португалия,Виньяу\Амарал\Боррасал,,,540,,,,,,,,,,,1600,,,,,,,,,,,,,
"Вино Маре Альта Винью Верде розовое полусухое 0,75 л",2170,,700,Португалия,Виньаон\Боррасал\Эшпадейро,,,620,,,,,,,,,,,1700,,,,,,,,,,,,,
"Вино Галеоне Примитиво Мерло Розе Апулия розовое полусухое 0,75 л",2410,,830,Италия,Примитиво/Мерло,,,750,,,,,,,,,,,1900,,,,,,,,,,,,,
,,,,,,,,,,,,,,,,,,,,,,,,,,,,,,,,
ВИНО КРАСНОЕ СУХОЕ,новая цена,Наличие,New,страна,сорт винограда,,,закуп,,,,,,,,,,,цена,,,,,,,,,,,,,
"Вино Саперави красное сухое 0,75 л",1590,,270,Россия,Саперави,,,250,,,,,,,,,,,1200,,,,,,,,,,,,,
"Вино Кинта дель Дуке Виньо Тинто красное сухое 0,75 л",1680,,500,Испания,Темпранильо,,,490,,,,,,,,,,,1300,,,,,,,,,,,,,
"Вино Сол де Плата Мальбек красное сухое 0,75 л",1960,,650,Аргентина,Мальбек,,,590,,,,,,,,,,,1500,,,,,,,,,,,,,
"Вино Саперави Бадагони красное сухое 0,75 л",2060,,700,Грузия,Саперави,,,650,,,,,,,,,,,1400,,,,,,,,,,,,,
"Вино Марселино Риоха красное сухое 0,75 л",2060,,700,Испания,Темпранильо,,,670,,,,,,,,,,,1600,,,,,,,,,,,,,
"Вино Марселино Ресерва Риоха ДОКа красное сухое 0,75 л",2580,,700,Испания,Темпранильо,,,870,,,,,,,,,,,2000,,,,,,,,,,,,,
"Вино Марселино Риоха Крианза красное сухое 0,75 л",2420,,770,Испания,Темпранильо,,,770,,,,,,,,,,,1900,,,,,,,,,,,,,
"Вино Ультимо Бастион Бобаль Гарнача Крианца красное сухое 0,75 л",2280,,800,Испания,Бобаль\Гарнача,,,800,,,,,,,,,,,1800,,,,,,,,,,,,,
"Вино Тенуте Дель Неччио Кьянти красное сухое 0,75 л",2240,,800,Италия,"Санджовезе, Мальвазия Нера, Чильеджоло",,,630,,,,,,,,,,,1700,,,,,,,,,,,,,
"Вино Бариста Пинотаж красное сухое 0,75 л",2640,,1000,ЮАР,Пинотаж,,,1000,,,,,,,,,,,2100,,,,,,,,,,,,,
"Вино Сеньорио Де Ла Ералта Гран Резерва красное сухое 0,75 л",3170,,1300,Испания,Темпранильо,,,1300,,,,,,,,,,,2300,,,,,,,,,,,,,
Вино Маркес Де Касерес Крианса красное сухое 0.75,3270,,1350,Испания,Темпранильо/Гарнача/Грасиано,,,1350,,,,,,,,,,,2500,,,,,,,,,,,,,
"Вино Патриа Чика красное сухое 0,75 л",3370,МАЛО,1400,Испания,Темпранильо\Гарнача\Мерло\Каберне Совиньон,,,1400,,,,,,,,,,,2500,,,,,,,,,,,,,
Вино Трамонтана Апулия красное сухое,,нет,нет,Италия,Санджовезе,,,400,,,,,,,,,,,1000,,,,,,,,,,,,,
"Вино Терраш де Монсараш красное сухое 0,75 л",,нет,нет,Португалия,Тринкадейра\Арагонеш\Кастелао,,,650,,,,,,,,,,,1700,,,,,,,,,,,,,
"Вино Терраш де Монсараш красное сухое 0,75 л",,нет,нет,Португалия,Тринкадейра\Арагонеш\Кастелао,,,650,,,,,,,,,,,1800,,,,,,,,,,,,,
"Вино Мирла Бэй Пино Нуар красное сухое 0,75 л",,нет,нет,Чили,Пино Нуар,,,700,,,,,,,,,,,1700,,,,,,,,,,,,,
"Вино Тенуте Дель Неччио Кьянти Ризерва красное сухое 0,75 л",,нет,нет,Италия,Санджовезе,,,770,,,,,,,,,,,1800,,,,,,,,,,,,,
"Вино Бардолино Валлезелле Пьеве Сан Вито красное сухое 0,75 л",,нет,нет ,Италия,Корвина\Рондинелла\Молинара\Неграра,,,нет в наличии,,,,,,,,,,,2200,,,,,,,,,,,,,
,,,,,,,,,,,,,,,,,,,,,,,,,,,,,,,,
ВИНО КРАСНОЕ ПОЛУСЛАДКОЕ,новая цена,Наличие,New,страна,сорт винограда,,,закуп,,,,,,,,,,,цена,,,,,,,,,,,,,
"Вино Блэк Бёрд Вестерн Кейп Во красное полусладкое 0,75 л",1950,,450,ЮАР,Пинотаж,,,450,,,,,,,,,,,1500,,,,,,,,,,,,,
"Вино Музаради Киндзмараули красное полусладкое 0,75 л",1790,,550,Грузия,Саперави,,,500,,,,,,,,,,,1400,,,,,,,,,,,,,
"Вино Рио Рика Ред Бленд красное полусладкое 0,75 л",2070,,550,Чили,Каберне Совиньон\Карменер\Шираз,,,550,,,,,,,,,,,1600,,,,,,,,,,,,,
"Вино Мукузани Кахури Гвинис Марани красное сухое 0,75 л",2200,,550,Грузия,Саперави,,,500,,,,,,,,,,,1700,,,,,,,,,,,,,
"Вино Кахури Киндзмараули красное полусладкое 0,75 л",2190,,590,Грузия,Саперави,,,530,,,,,,,,,,,1700,,,,,,,,,,,,,
"Вино Киндзмараули Бадагони красное полусладкое 0,75 л",2550,,800,Грузия,Саперави,,,750,,,,,,,,,,,2000,,,,,,,,,,,,,
"Вино Киндзмараули Виниверия красное полусладкое 0,75 л",2810,,1100,Грузия,Саперави,,,990,,,,,,,,,,,2100,,,,,,,,,,,,,
Вино Трамонтана Апулия красное полусладкое,,НЕТ,НЕТ,Италия,Санджовезе,,,500,,,,,,,,,,,1000,,,,,,,,,,,,,
"Вино Tabla Киндзмараули красное полусладкое 0,75 л",,НЕТ,НЕТ,Грузия,Саперави,,,490,,,,,,,,,,,1500,,,,,,,,,,,,,
"Вино Киндзмараули Шалвино красное полусладкое 0,75 л",,нет,нет,Грузия,Саперави,,,600,,,,,,,,,,,1900,,,,,,,,,,,,,
,,,,,,,,,,,,,,,,,,,,,,,,,,,,,,,,
ВИНО КРАСНОЕ ПОЛУСУХОЕ,новая цена,Наличие,New,страна,сорт винограда,,,закуп,,,,,,,,,,,цена,,,,,,,,,,,,,
"Вино Пиросмани Кахури Гвинис Марани красное полусухое 0,75 л",1600,,450,Грузия,Саперави,,,400,,,,,,,,,,,1100,,,,,,,,,,,,,
"Вино Пьетраме Монтепульчано Д`Абруццо красное полусухое 0,75 л",2040,,670,Италия,Монтепульчано,,,670,,,,,,,,,,,1600,,,,,,,,,,,,,
"Вино Бастиони Делла Рокка Аппассименто красное полусухое 0,75 л",2170,,700,Италия,Примитиво\Негроамаро,,,730,,,,,,,,,,,1700,,,,,,,,,,,,,
"Вино Фортецца деи Колли Негроамаро красное полусухое 0,75 л",2120,,730,Италия,Негроамаро,,,650,,,,,,,,,,,1500,,,,,,,,,,,,,
"Вино Фортецца Деи Колли Примитиво красное полусухое 0,75 л",2190,,770,Италия,Примитиво,,,700,,,,,,,,,,,1699,,,,,,,,,,,,,
"Вино Пьетраме Монтепульчано Д`Абруццо Лимитата кр.полусух 0,75 л",2370,,870,Италия,Монтепульчано,,,770,,,,,,,,,,,1800,,,,,,,,,,,,,
"Вино Виллакьяра Неро Д`Авола Сицилия ДОП красное полусухое 0,75 л",2400,,870,Италия,Неро д'Авола,,,870,,,,,,,,,,,1900,,,,,,,,,,,,,
"Вино Примо Фиоре Ува Лонганези красное полусухое 0,75 л",2430,,900,Италия,Ува Лонганези,,,900,,,,,,,,,,,1900,,,,,,,,,,,,,
"Вино Эпикуро Примитиво красное полусухое 0,75 л",2480,,930,Италия,Примитиво,,,850,,,,,,,,,,,1900,,,,,,,,,,,,,
"Вино Баррелая красное полусухое 0,75 л",2640,,1000,Италия,Мерло\Каберне Совиньон\Сира/Шираз\Санджовезе,,,1000,,,,,,,,,,,2100,,,,,,,,,,,,,
"Вино Кьянти Ризерва красное полусухое 0,75 л",2810,,1100,Италия,Санджовезе\Мерло,,,950,,,,,,,,,,,2000,,,,,,,,,,,,,
"Вино Неро ди Тройя красное полусухое 0,75 л",2990,,1200,Италия,Неро ди Троя,,,1200,,,,,,,,,,,2200,,,,,,,,,,,,,
"Вино Орапьена Монтепульчано д'Абруццо Ризерва красное полусухое 0,75 л",3170,,1300,Италия,Монтепульчано,,,1100,,,,,,,,,,,2200,,,,,,,,,,,,,
"Вино Сузуманьелло Гран Аппассо красное полусухое 0,75 л",3170,,1300,Италия,Сузуманьелло,,,1300,,,,,,,,,,,2300,,,,,,,,,,,,,
Вино ВайНот?! IGP красное полусухое,3370,,1400,Италия,Зинфандель,,,1400,,,,,,,,,,,2500,,,,,,,,,,,,,
"Вино Кот де Сомме Пино Нуар красное полусухое 0,75 л",,нет,нет,Франция,Пино Нуар,,,850,,,,,,,,,,,1800,,,,,,,,,,,,,
"Вино Пино Нуар Лесс Зибенштейн красное полусухое 0,75 л",,нет,нет,Германия,Пино Нуар,,,950,,,,,,,,,,,2000,,,,,,,,,,,,,
"Вино Спенсер Бэй Пинотаж красное полусухое 0,75 л",,нет,нет,ЮАР,Пинотаж,,,нет в наличии,,,,,,,,,,,1400,,,,,,,,,,,,,
"Вино Кальдора Санджовезе Мерло красное полусухое 0,75 л",,нет,нет,Италия,Санджовезе\Мерло,,,нет в наличии,,,,,,,,,,,1500,,,,,,,,,,,,,
,,,,,,,,,,,,,,,,,,,,,,,,,,,,,,,,
ПОРТВЕЙН,новая цена,Наличие,New,страна,сорт винограда,крепость,,,,,,,,,,,,,,,,,,,,,,,,,,
"Вино ликерное ПОРТВЕЙН Красный Гурзуф крепкое красное 0,75 л",1610,,460,Россия,Бастардо\Магарачский\Каберне Совиньон\Саперави,17,,,,,,,,,,,,,,,,,,,,,,,,,,
"Вино ликерное Портвейн белый Гурзуф Крым крепкое белое 0,75 л",1680,,500,Россия,Кокур\Первенец Магарача\Шардоне\Алиготе\Ркацители\Мускат\Италия\Мускат Янтарный,17,,,,,,,,,,,,,,,,,,,,,,,,,,
"Вино ликерное Массандра Портвейн Белый Крымский 0,75 л",2150,,750,Россия,Кокур\Ркацители\Алиготе,"17,5",,,,,,,,,,,,,,,,,,,,,,,,,,
"Портвейн Гравураш ду Коа Порто Руби красный сладкий 0,75 л",2610,,1000,Португалия,Турига Франка\Тинта Баррока\Тинта Амарела\Тинта Рориш,19,,,,,,,,,,,,,,,,,,,,,,,,,,
,,,,,,,,,,,,,,,,,,,,,,,,,,,,,,,,
"ВОДКА 0,5л",новая цена,Наличие,New,,,,,закуп,,,,,,,,,,,цена,,,,,,,,,,,,,
"Водка Зимняя деревенька на солодовом спирте 0,5",1550,бристоль,430,,,,,360,,,,,,,,,,,1100,,,,,,,,,,,,,
"Водка ПЯТЬ ОЗЕР 40% 0,5Л",1570,,440,,,,,380,,,,,,,,,,,999,,,,,,,,,,,,,
"Водка Тундра Аутентик 0,5",1570,,440,,,,,390,,,,,,,,,,,1000,,,,,,,,,,,,,
"Водка ХАСКИ АРКТИК АЙС 40% 0,5Л",1630,,470,,,,,370,,,,,,,,,,,999,,,,,,,,,,,,,
"Водка Русский Стандарт Голд 0,5",1680,,500,,,,,440,,,,,,,,,,,1100,,,,,,,,,,,,,
"Водка Белая Березка 0,5",1780,,550,,,,,420,,,,,,,,,,,1100,,,,,,,,,,,,,
"Водка БЕРИНГОФФ 40% 0,5Л",2590,бристоль,670,,,,,670,,,,,,,,,,,2000,,,,,,,,,,,,,
"Водка виноградная Найт Габриелло Граппа Нобиле 0,5 л",2920,,1000,,,,,1000,,,,,,,,,,,2299,,,,,,,,,,,,,
"Водка ОРГАНИКА 40% П/УП. 0,5Л + КНИГА",2990,бристоль,1200,,,,,900,,,,,,,,,,,1999,,,,,,,,,,,,,
"Водка МАМОНТ 40% 0,5Л",3000,бристоль,1200,,,,,1200,,,,,,,,,,,2399,,,,,,,,,,,,,
"Водка Чистые росы 0,5 ",3140,бристоль,1200,,,,,1100,,,,,,,,,,,2500,,,,,,,,,,,,,
"Водка БЕЛУГА НОБЛ 40% 0,5Л",2990,,1200,,,,,1100,,,,,,,,,,,2300,,,,,,,,,,,,,
"Водка БЕЛЕНЬКАЯ ЗОЛОТАЯ НА СПИРТЕ АЛЬФА 40% 0,5Л",,нет,нет,,,,,300,,,,,,,,,,,999,,,,,,,,,,,,,
,,,,,,,,,,,,,,,,,,,,,,,,,,,,,,,,
"ВОДКА 0,7л",новая цена,Наличие,New,,,,,закуп,,,,,,,,,,,цена,,,,,,,,,,,,,
"Водка Зимняя Деревенька на солодовом спирте  0,7",1850,,590,,,,,490,,,,,,,,,,,1300,,,,,,,,,,,,,
"Водка Тундра Аутентик 0,7",1880,,600,,,,,460,,,,,,,,,,,1200,,,,,,,,,,,,,
"Водка Пять Озер 0,7",1910,,620,,,,,460,,,,,,,,,,,1200,,,,,,,,,,,,,
"Водка ХАСКИ 40% 0,7Л",1960,бристоль,650,,,,,490,,,,,,,,,,,1199,,,,,,,,,,,,,
"Водка Дикий мед классика туба 0,7 л",2060,,700,,,,,620,,,,,,,,,,,1399,,,,,,,,,,,,,
"Водка Русский Стандарт  0,7",2060,,700,,,,,620,,,,,,,,,,,1400,,,,,,,,,,,,,
"Водка Белая Березка  0,7",2080,,710,,,,,590,,,,,,,,,,,1400,,,,,,,,,,,,,
"Водка особая СИБИРСКИЙ ЭКСПРЕСС 40% 0,7Л",3170,бристоль,1300,,,,,1100,,,,,,,,,,,2500,,,,,,,,,,,,,
"Водка ОРГАНИКА ЛАЙФ 40% П/УП. 0,7Л",3550,бристоль,1500,,,,,900,,,,,,,,,,,2099,,,,,,,,,,,,,
"Водка ФИНЛЯНДИЯ 40% 0,7Л",3550,,1500,,,,,1250,,,,,,,,,,,2700,,,,,,,,,,,,,
"Водка БЕЛУГА ТРАНСАТЛАНТИК РЕЙСИНГ 40% 0,7Л",3920,,1700,,,,,960,,,,,,,,,,,2700,,,,,,,,,,,,,
"Водка Онегин 0,7 л",3920,,1700,,,,,1140,,,,,,,,,,,2799,,,,,,,,,,,,,
"Водка Чистые росы 0,7",4110,,1800,,,,,1350,,,,,,,,,,,2700,,,,,,,,,,,,,
"Водка Суммум 0,7 л",4370,,1800,,,,,1700,,,,,,,,,,,3499,,,,,,,,,,,,,
"Водка КАСПИЙ КАВИАР ЭДИШЕН 40% 0,7Л",,нет,1834,,,,,1000,,,,,,,,,,,2400,,,,,,,,,,,,,
,,,,,,,,,,,,,,,,,,,,,,,,,,,,,,,,
ВОДКА 1л,новая цена,Наличие,New,,,,,закуп,,,,,,,,,,,цена,,,,,,,,,,,,,
Водка Зимняя Деревенька на солодовом спирте 1л,2240,бристоль,800,,,,,700,,,,,,,,,,,1500,,,,,,,,,,,,,
Водка Белая Березка 1Л,2340,,850,,,,,760,,,,,,,,,,,1500,,,,,,,,,,,,,
Водка Русский Стандарт 1л,2470,,920,,,,,830,,,,,,,,,,,1600,,,,,,,,,,,,,
Водка Медведь 1 л,2780,,1090,,,,,900,,,,,,,,,,,2099,,,,,,,,,,,,,
,,,,,,,,,,,,,,,,,,,,,,,,,,,,,,,,
"ВИСКИ 0,5л",новая цена,Наличие,New,,,,,закуп,,,,,,,,,,,цена,,,,,,,,,,,,,
"Напиток спиртной зерновой купажированный Нобл Стаг Спайсд 0,5 л",1880,,600,,,,,600,,,,,,,,,,,1200,,,,,,,,,,,,,
"Виски купажированный шотландский Нобл Стаг яблоко 0,5 л",2050,,600,,,,,560,,,,,,,,,,,1599,,,,,,,,,,,,,
"Виски купажированный шотландский Нобл Стаг 0,5 л",2040,,650,,,,,620,,,,,,,,,,,1599,,,,,,,,,,,,,
"Виски Наки Томпсон 3 года купажированный 0,5",2320,,840,,,,,720,,,,,,,,,,,1600,,,,,,,,,,,,,
"Виски шотландский ВИЛЬЯМ ЛОУСОНС 40% 0,5Л",2610,,1000,,,,,780,,,,,,,,,,,1600,,,,,,,,,,,,,
"Виски Вильям Лоусонс Супер Спайсд купажир. 0,5 л",2610,,1000,,,,,900,,,,,,,,,,,2000,,,,,,,,,,,,,
"Виски ДЖИМ БИМ РЭД СТАГ БЛЭК ЧЕРРИ 4 ГОДА  0,5Л",,нет,нет,,,,,нет в наличии,,,,,,,,,,,2899,,,,,,,,,,,,,
,,,,,,,,,,,,,,,,,,,,,,,,,,,,,,,,
"ВИСКИ 0,7л",новая цена,Наличие,New,,,,,закуп,,,,,,,,,,,цена,,,,,,,,,,,,,
"Виски купажированный шотландский Нобл Стаг 3 года 0,7 л",2270,,820,,,,,690,,,,,,,,,,,1400,,,,,,,,,,,,,
"Виски Наки Томпсон 3 года купажированный 0,7",2810,,1100,,,,,945,,,,,,,,,,,1800,,,,,,,,,,,,,
"Виски купажированный шотландский Сир Эдвардс 0,7 л",3140,,1200,,,,,1190,,,,,,,,,,,2499,,,,,,,,,,,,,
"Виски Вильям Лоусонс не менее 3 лет купажированный 0,7",3170,,1300,,,,,1150,,,,,,,,,,,1900,,,,,,,,,,,,,
"Виски Вильям Лоусонс Супер Спайсд выдержка 3 года 0,7 л",3170,,1300,,,,,1050,,,,,,,,,,,2400,,,,,,,,,,,,,
"Виски Джонни Уокер Рэд Лейбл не менее 3 лет купажир. 0,7 л",3780,,1400,,,,,1299,,,,,,,,,,,3000,,,,,,,,,,,,,
"Виски Дюарс Уайт Лейбл 3 года 0,7 л",3550,,1500,,,,,1300,,,,,,,,,,,2799,,,,,,,,,,,,,
"Виски зерновой БУРБОН ДЖИМ БИМ 40% 0,75Л",4110,,1800,,,,,1490,,,,,,,,,,,3100,,,,,,,,,,,,,
"Виски шотландский БАЛЛАНТАЙНС ФАЙНЕСТ 40% 0,7Л ",4480,,2000,,,,,2190,,,,,,,,,,,3600,,,,,,,,,,,,,
"Виски Джек Дэниел`с Теннесси 0,7 ",4870,,2000,,,,,1820,,,,,,,,,,,3899,,,,,,,,,,,,,
"Виски купажированный Инаизуми п/к 0,7 л",6880,,2200,,,,,2180,,,,,,,,,,,5399,,,,,,,,,,,,,
"Виски Дюарс Португиз Смуз 8 лет шотландский купажированный 0,7 л",5040,,2300,,,,,1700,,,,,,,,,,,3399,,,,,,,,,,,,,
"Виски Джемесон не менее 3 лет купажир. 0,75",5040,,2300,,,,,2000,,,,,,,,,,,3999,,,,,,,,,,,,,
"Виски Джим Бим Эппл 0,7 л",5230,,2400,,,,,1500,,,,,,,,,,,4100,,,,,,,,,,,,,
"Нап.спиртной Джим Бим Пич 0,7 л",5230,,2400,,,,,2799,,,,,,,,,,,3399,,,,,,,,,,,,,
"Напиток спиртной Джим Бим Блэк Черри 0,7 л",5230,,2400,,,,,2799,,,,,,,,,,,3399,,,,,,,,,,,,,
"Спиртной напиток на осн. односолодового виски ПОУГС МЕДОВЫЙ 35% 0,7Л",5230,бристоль,2400,,,,,1550,,,,,,,,,,,3399,,,,,,,,,,,,,
"Виски Гранжстоун бурбон каск финиш п/к 0,7 л",7440,,2700,,,,,3000,,,,,,,,,,,5899,,,,,,,,,,,,,
"Спиртной напиток на основе виски ДЖЕМЕСОН АПЕЛЬСИН 30% 0,7Л",5970,,2800,,,,,1950,,,,,,,,,,,3200,,,,,,,,,,,,,
"Виски шотл. купаж. ДЖОННИ УОКЕР БЛЭК ЛЕЙБЛ 12 ЛЕТ 40% (П/УП./) 0,7",6820,,3000,,,,,3000,,,,,,,,,,,5499,,,,,,,,,,,,,
"Виски Джонни Уокер Блэк Лейбл 12 лет 0,7 л ",6350,,3000,,,,,3000,,,,,,,,,,,4899,,,,,,,,,,,,,
"Виски Мэйкерс Марк 0,7 л",7280,,3500,,,,,3300,,,,,,,,,,,5599,,,,,,,,,,,,,
"Виски Дюарс Спешиал Резерв 12 лет шотландский купажированный 0,7 л",8020,,3900,,,,,3500,,,,,,,,,,,5299,,,,,,,,,,,,,
"Виски купажированный ХАТОЗАКИ 3 ГОДА 40% 0,7Л",8220,бристоль,4000,,,,,3000,,,,,,,,,,,5000,,,,,,,,,,,,,
"Виски шотландский ЧИВАС РИГАЛ 12 ЛЕТ 40% П/УП. 0,7Л",8220,,4000,,,,,3200,,,,,,,,,,,4900,,,,,,,,,,,,,
"Виски шотландский ЧИВАС РИГАЛ 18 ЛЕТ 40% П/УП. 0,7Л ",21280,мало кб,11000,,,,,10100,,,,,,,,,,,12500,,,,,,,,,,,,,
"Виски шотландский МАКАЛЛАН ДАБЛ КАСК ГОЛД 12лет 40% П/УП. 0,7Л",22570,,11700,,,,,10600,,,,,,,,,,,16000,,,,,,,,,,,,,
Виски Джим Бим Рай зерновой 0.7л,,нет ,нет ,,,,,2100,,,,,,,,,,,5100,,,,,,,,,,,,,
"Виски ирландский ПОУГС купажированный 40% 0,7Л",,нет,нет ,,,,,1450,,,,,,,,,,,3299,,,,,,,,,,,,,
"Виски ирландский односолодовый ПОУГС мята и лайм 40% 0,7Л",,нет,нет,,,,,1900,,,,,,,,,,,3799,,,,,,,,,,,,,
"Спиртной напиток на основе виски ДЖЕМЕСОН ИМБИРЬ И ЛАЙМ 30% 0,7Л",,нет,нет,,,,,2290,,,,,,,,,,,3000,,,,,,,,,,,,,
"Виски Джонни Уокер Голд Лейбл 0,7 л ",,нет,нет,,,,,7650,,,,,,,,,,,12499,,,,,,,,,,,,,
"Спиртной напиток ДЖЕК ДЭНИЕЛС ТЕННЕССИ ФАЭР 35% 0,7Л",,нет,нет,,,,,1600,,,,,,,,,,,3099,,,,,,,,,,,,,
"Виски Балвэни Даблвуд 12 лет п/к 0,7 л",,нет,нет ,,,,,7200,,,,,,,,,,,11999,,,,,,,,,,,,,
"Виски Чивас Ригал 15 лет шотландский купажированный 0,75 л",,нет,нет,,,,,6300,,,,,,,,,,,10999,,,,,,,,,,,,,
Виски шотландский МАКАЛЛАН ДАБЛ КАСК ГОЛД 3 ГОДА,,нет,нет,,,,,13500,,,,,,,,,,,14000,,,,,,,,,,,,,
"Спиртной напиток ДЖЕК ДЭНИЕЛС ТЕННЕССИ ХАНИ ЛИКЕР 35% 0,7Л",,нет,нет,,,,,нет в наличии,,,,,,,,,,,3999,,,,,,,,,,,,,
,,,,,,,,,,,,,,,,,,,,,,,,,,,,,,,,
"ВИСКИ 0,7л",новая цена,Наличие,New,,,,,закуп,,,,,,,,,,,цена,,,,,,,,,,,,,
Виски (бурбон) Джим Бим 4 года зерновой 1 л,5600,,2600,,,,,3600,,,,,,,,,,,4500,,,,,,,,,,,,,
Виски Джек Дениел`сТеннесси 1л,7280,,3500,,,,,3290,,,,,,,,,,,4700,,,,,,,,,,,,,
виски Джонни Уокер Рэд Лейбл 1л,,нет,нет ,,,,,2100,,,,,,,,,,,3400,,,,,,,,,,,,,
Виски шотландский ЧИВАС РИГАЛ 12 ЛЕТ 40% П/УП. 1Л,,нет,нет,,,,,4500,,,,,,,,,,,6700,,,,,,,,,,,,,
,,,,,,,,,,,,,,,,,,,,,,,,,,,,,,,,
"КОНЬЯК 0,5л",новая цена,Наличие,New,,,,,закуп,,,,,,,,,,,цена,,,,,,,,,,,,,
"Коньяк ординарный Армянский Коньяк 5 лет 0,5 л",1960,,651,,,,,560,,,,,,,,,,,1200,,,,,,,,,,,,,
Бренди Кизлярский Молодой 0.5л,1980,,660,,,,,540,,,,,,,,,,,1499,,,,,,,,,,,,,
"Коньяк Кочари 5 лет 0,5",2060,,700,,,,,650,,,,,,,,,,,1400,,,,,,,,,,,,,
"Коньяк Старейшина 5 лет 0,5",2120,,730,,,,,700,,,,,,,,,,,1500,,,,,,,,,,,,,
"Коньяк Фанагория 5 лет 0,5 л",2150,,750,,,,,650,,,,,,,,,,,1300,,,,,,,,,,,,,
"Коньяк Фазерс Олд Баррель не менее 5 лет 0,5 л",2170,,760,,,,,600,,,,,,,,,,,1300,,,,,,,,,,,,,
"Коньяк Армянский Кочари 7 лет подарочный п/к 0,5",2340,,850,,,,,700,,,,,,,,,,,1600,,,,,,,,,,,,,
"Коньяк Кочари 10 лет п/к 0,5 л",2430,,900,,,,,800,,,,,,,,,,,1699,,,,,,,,,,,,,
Коньяк Старейшина 7 лет 0.5,2430,,900,,,,,800,,,,,,,,,,,1800,,,,,,,,,,,,,
"Коньяк Ной Традиционный 5 лет 0,5",2430,,900,,,,,800,,,,,,,,,,,1600,,,,,,,,,,,,,
"Коньяк армянский Торум 10 лет туба 0,5 л",2890,,1100,,,,,1100,,,,,,,,,,,2299,,,,,,,,,,,,,
"Коньяк Армянский Арарат 5 лет п/к 0,5",3170,,1300,,,,,1490,,,,,,,,,,,1800,,,,,,,,,,,,,
Бренди Торрес 10 лет Гран Резерва 0.5,3170,,1300,,,,,1700,,,,,,,,,,,2300,,,,,,,,,,,,,
"Коньяк Асканели ВС 5 лет п/к 0,5 л",3370,,1400,,,,,1200,,,,,,,,,,,2599,,,,,,,,,,,,,
"Коньяк Дю Бюиссон VS п/к 0,5 л",4390,,1700,,,,,1700,,,,,,,,,,,3499,,,,,,,,,,,,,
"Коньяк Арарат АНИ КВ п/к 0,5 л",4370,,1800,,,,,1700,,,,,,,,,,,3499,,,,,,,,,,,,,
"Коньяк Рулле ВС Де Люкс ординарный трехлетний п/к 0,5 л",5040,,2300,,,,,2100,,,,,,,,,,,3999,,,,,,,,,,,,,
"Коньяк А.ДЕ Фуссиньи Селексьон Коллексьон туба 0,5 л",6280,,2400,,,,,2300,,,,,,,,,,,4999,,,,,,,,,,,,,
"Коньяк Арарат Ахтамар 10 лет п/к 0,5 л",6450,,2800,,,,,2800,,,,,,,,,,,5199,,,,,,,,,,,,,
"Коньяк КУРВУАЗЬЕ ВС 40% 0,5Л",7780,бристоль,3000,,,,,4000,,,,,,,,,,,6200,,,,,,,,,,,,,
"Коньяк КУРВУАЗЬЕ ВСОП 40% П/УП. 0,5Л",9330,,4600,,,,,4500,,,,,,,,,,,5900,,,,,,,,,,,,,
"Коньяк армянский очень старый ОС НАИРИ 20 ЛЕТ 40% П/УП. 0,5Л",11200,,5600,,,,,5600,,,,,,,,,,,6200,,,,,,,,,,,,,
Коньяк А.де Фуссиньи ХО п/к 0.5,15670,,8000,,,,,7300,,,,,,,,,,,9999,,,,,,,,,,,,,
"Коньяк армянский старый КС ВАСПУРАКАН 15 ЛЕТ 40% П/УП. 0,5Л",,нет,нет,,,,,4000,,,,,,,,,,,5000,,,,,,,,,,,,,
,,,,,,,,,,,,,,,,,,,,,,,,,,,,,,,,
"КОНЬЯК 0,7л",новая цена,Наличие,New,,,,,закуп,,,,,,,,,,,цена,,,,,,,,,,,,,
"Коньяк Асканели ВСОП 7 лет п/к 0,7 л",4370,,1800,,,,,1700,,,,,,,,,,,3499,,,,,,,,,,,,,
"Бренди Делор Фрер V.S.O.P п/к 0,7 л",6500,,2600,,,,,2500,,,,,,,,,,,5199,,,,,,,,,,,,,
"Бренди КОНЬЯК КУРВУАЗЬЕ ВС 40% 0,7Л",7530,,4000,,,,,5300,,,,,,,,,,,6200,,,,,,,,,,,,,
"Коньяк КУРВУАЗЬЕ ВСОП 40% П/УП. 0,7Л ",9500,мало,6000,,,,,7600,,,,,,,,,,,8000,,,,,,,,,,,,,
"Коньяк КУРВУАЗЬЕ ХО 40% П/УП. 0,7Л ",27750,,21000,,,,,20000,,,,,,,,,,,24000,,,,,,,,,,,,,
"Коньяк КУРВУАЗЬЕ ФОНТЕНБЛО КАСКС 3 ГОДА 40% П/УП. 0,7Л",,нет,нет,,,,,7450,,,,,,,,,,,8200,,,,,,,,,,,,,
"Коньяк ординарный ХЕННЕССИ ВСОП ПРИВИЛЕЖ 4 ГОДА 40% П/УП. 0,7Л",,нет,нет,,,,,9000,,,,,,,,,,,10200,,,,,,,,,,,,,
"Коньяк Реми Мартан ХО 40% П/УП. 0,7Л ",,нет,нет,,,,,-?,,,,,,,,,,,25000,,,,,,,,,,,,,
,,,,,,,,,,,,,,,,,,,,,,,,,,,,,,,,
РОМ 0.5л,новая цена,Наличие,New,,,,,,,,,цена,закуп,,,,,,,,,,,,,,,,,,,
"Ром Капитан Жан Лафитт дарк 0,5 л",1680,,500,,,,,,,,,,,,,,,,,,,,,,,,,,,,,
"Напиток спиртной на основе рома Оакхарт Ориджинал Бакарди 0,5",2430,"бристоль,кб",900,,,,,1020,,,,,,,,,,,1700,,,,,,,,,,,,,
,,,,,,,,,,,,,,,,,,,,,,,,,,,,,,,,
"РОМ 0,7л",новая цена,Наличие,New,,,,,закуп,,,,,,,,,,,цена,,,,,,,,,,,,,
"Ром Мама Джама Блэк выдержанный 0,7 л",2060,,700,,,,,1056,,,,,,,,,,,1599,,,,,,,,,,,,,
"Ром Блэк Пирл Дарк 0,7 л",2610,,1000,,,,,1000,,,,,,,,,,,1900,,,,,,,,,,,,,
"Ром Блэк Пирл Уайт 0,7 л",2610,,1000,,,,,1000,,,,,,,,,,,1900,,,,,,,,,,,,,
"Ром выдержанный Сангсом в п/к 0,7 л",3170,,1300,,,,,1200,,,,,,,,,,,2399,,,,,,,,,,,,,
"Ром БАРСЕЛО АНЬЕХО ВЫДЕРЖАННЫЙ 37,5-40% ТЕМН. 0,7Л",3920,,1700,,,,,2000,,,,,,,,,,,2300,,,,,,,,,,,,,
Ром Напиток спиртной Captain Morgan Spiced Gold 0.7 л,3920,,1700,,,,,1200,,,,,,,,,,,2499,,,,,,,,,,,,,
Контрабандо 5 лет 0.7л,4730,"кб,лента",2000,,,,,2900,,,,,,,,,,,3799,,,,,,,,,,,,,
"Ром Бругал Аньехо Супериор 0,7 л",5620,,2300,,,,,2200,,,,,,,,,,,4499,,,,,,,,,,,,,
"Ром Ботран №8 Ризерва Классика 40% п/к 0,7 л",5600,,2600,,,,,,,,,,2900,,,,,,,,,,,,,,,,,,,
"Ром Matusalem Solera 7 лет, 0.7л",5970,,2800,,,,,,,,,,,,,,,,,,,,,,,,,,,,,
"Ром Закапа Юбилейный 23 года п/к 0,7 л",13810,,7000,,,,,6050,,,,,,,,,,,8900,,,,,,,,,,,,,
"Ром Закапа XO п/к 0,7 л",19410,,10000,,,,,10000,,,,,,,,,,,14999,,,,,,,,,,,,,
Гавана Клуб Аньехо 3 года 0.7л,5420,нет,2500,,,,,2500,,,,,,,,,,,3499,,,,,,,,,,,,,
Ром Дэд Мэн'с Фингерс  (белый) 0.7л,3450,нет,1450,,,,,1450,,,,,,,,,,,2100,,,,,,,,,,,,,
Ром Дэд Мэн'с Фингерс пряный (черный) 0.7л,4420,нет,1600,,,,,1150,,,,,,,,,,,3500,,,,,,,,,,,,,
"Набор Оакхарт Ориджинал Спайс Голд+2 банки Rich Cola 0,7 л",,нет,1500,,,,,1499,,,,,,,,,,,2699,,,,,,,,,,,,,
"Напиток спиртной на основе рома Оакхарт Ориджинал Бакарди 0,7",,нет,нет,,,,,1199,,,,,,,,,,,2000,,,,,,,,,,,,,
"Ром выдержанный БАРСЕЛО АНЬЕХО 37,5-40% 0,7Л",,нет,нет,,,,,1750,,,,,,,,,,,2000,,,,,,,,,,,,,
Ром Дэд Мэн'с Фингерс манго (желтый) 0.7л,,нет,нет,,,,,1000,,,,,,,,,,,2300,,,,,,,,,,,,,
Ром КАПИТАН МОРГАН ПРЯНЫЙ ЗОЛОТОЙ 35% 0.5л,,нет,нет,,,,,890,,,,,,,,,,,2200,,,,,,,,,,,,,
"Напиток на основе рома КАПИТАН МОРГАН ЧЕРНЫЙ ПРЯНЫЙ 40% 0,7Л",,нет,нет,,,,,1450,,,,,,,,,,,3999,,,,,,,,,,,,,
"Ром невыдержанный ПЛАНТЕЙШН ТРИ ЗВЕЗДЫ 41,2% 0,7Л",,нет,нет,,,,,нет в наличии,,,,,,,,,,,2600,,,,,,,,,,,,,
,,,,,,,,,,,,,,,,,,,,,,,,,,,,,,,,
ТЕКИЛА,новая цена,Наличие,New,,,,,закуп,,,,,,,,,,,цена,,,,,,,,,,,,,
"Коктейль Альта Коста Сильвер с текилой 0,5 л",1680,,450,,,,,400,,,,,,,,,,,1299,,,,,,,,,,,,,
"Хосе Куэрво, Эспесьяль Репосадо 0.75 л",5140,,2350,,,,,2290,,,,,,,,,,,3500,,,,,,,,,,,,,
"Текила Хосе Куэрво Эспесиаль Сильвер 38% 0,7л",5420,,2500,,,,,2490,,,,,,,,,,,3000,,,,,,,,,,,,,
Текила Olmeca Blanco 0.7 л,5600,,2600,,,,,500,,,,,,,,,,,3900,,,,,,,,,,,,,
"Текила Эсполон РЕПОСАДО 0,75 л",6350,,3000,,,,,3300,,,,,,,,,,,4000,,,,,,,,,,,,,
"Текила Эсполон Бланко 0,75 л",7280,,3500,,,,,3490,,,,,,,,,,,3900,,,,,,,,,,,,,
"Текила Эсполон Аньехо 0,75 л",8480,,3500,,,,,4000,,,,,,,,,,,6799,,,,,,,,,,,,,
"Текила Ла Тременда 0,7 л",,нет,нет,,,,,1000,,,,,,,,,,,2499,,,,,,,,,,,,,
"Спиртной напиток ТЕКИЛА СИЕРРА РЕПОСАДО 38% 0,5Л",,нет,нет,,,,,1050,,,,,,,,,,,3300,,,,,,,,,,,,,
Текила Индиана Мехико 0.7л,,нет,нет,,,,,1400,,,,,,,,,,,2799,,,,,,,,,,,,,
"Спиртной напиток ТЕКИЛА АСИЕНДА ВЬЕХА БЛАНКО 40% 0,75Л",,нет,нет,,,,,1950,,,,,,,,,,,4000,,,,,,,,,,,,,
"Спиртной напиток ТЕКИЛА АСИЕНДА ВЬЕХА РЕПОСАДО 40% 0,75Л",,нет,нет,,,,,2000,,,,,,,,,,,4000,,,,,,,,,,,,,
Текила Olmeca gold 1 л,,нет,нет,,,,,3350,,,,,,,,,,,4199,,,,,,,,,,,,,
"Спиртной напиток ТРЕС ОЧОС ТЕКИЛА БЛАНКО 38% 0,7Л",,нет,нет,,,,,нет в наличии,,,,,,,,,,,2000,,,,,,,,,,,,,
"ТЕКИЛА СИЛЬВЕР ЛА МИСЬОН ДЕЛЬ СИГЛО 21  0,75Л",,нет,нет,,,,,нет в наличии,,,,,,,,,,,3600,,,,,,,,,,,,,
,,,,,,,,,,,,,,,,,,,,,,,,,,,,,,,,
ДЖИН,новая цена,Наличие,New,,,,,закуп,,,,,,,,,,,цена,,,,,,,,,,,,,
"Джин Фримен 40% 0,5л.",1560,,370,,,,,350,,,,,,,,,,,1199,,,,,,,,,,,,,
"Джин Фримен Пинк 40% 0,5л.",1560,,370,,,,,350,,,,,,,,,,,1199,,,,,,,,,,,,,
"Джин БРИСТОЛЛС 40% 0,5Л",1790,бристоль ,550,,,,,500,,,,,,,,,,,1400,,,,,,,,,,,,,
"Джин БАРРИСТЕР ДРАЙ/БЛЮ 40% 0,5Л",1790,,560,,,,,460,,,,,,,,,,,1400,,,,,,,,,,,,,
"Джин БРИСТОЛЛС 40% 0,7Л",2150,бристоль ,750,,,,,700,,,,,,,,,,,1600,,,,,,,,,,,,,
"Джин ГИБСОН'С ЛОНДОН ДРАЙ 37,5% 0,7Л",3550,бристоль ,1500,,,,,790,,,,,,,,,,,1800,,,,,,,,,,,,,
Джин Gordon's London Dry Gin 0.7 л,4480,бристоль ,2000,,,,,1980,,,,,,,,,,,2799,,,,,,,,,,,,,
"Спиртной напиток на основе джина ГОРДОНС ПИНК 37,5% 0,7Л",,нет,нет,,,,,1350,,,,,,,,,,,3000,,,,,,,,,,,,,
"Джин Финч Мэджик Аладдин 0,5 л",,нет,нет,,,,,нет в наличии,,,,,,,,,,,1500,,,,,,,,,,,,,
"Джин ОуБиЭс Обсешн 0,7 л",,нет,нет,,,,,нет в наличии,,,,,,,,,,,2100,,,,,,,,,,,,,
,,,,,,,,,,,,,,,,,,,,,,,,,,,,,,,,
ЛИКЕР,новая цена,Наличие,New,,,,,закуп,,,,,,,,,,,цена,,,,,,,,,,,,,
"Ликер Лимончелло Сан Ламаджо 0,5 л",1730,,260,,,,,260,,,,,,,,,,,1299,,,,,,,,,,,,,
"Ликер Мариба Рио сливки с ароматом ванили 0,5 л",1700,,350,,,,,270,,,,,,,,,,,1299,,,,,,,,,,,,,
"Ликер Самбука Эрнальди Классик 0,5 л",1830,,390,,,,,330,,,,,,,,,,,1399,,,,,,,,,,,,,
"Ликер Мариба Рио сливки с ароматом шоколада 0,5 л",1690,,400,,,,,270,,,,,,,,,,,1299,,,,,,,,,,,,,
Ликер Tundra bitter 0.5 л,2090,,470,,,,,420,,,,,,,,,,,1599,,,,,,,,,,,,,
"Настойка Абсент Фримен горькая 0,5 л",2060,,570,,,,,500,,,,,,,,,,,1599,,,,,,,,,,,,,
"Ликер Найт Габриелло Амаретто 0,5 л",2470,,600,,,,,700,,,,,,,,,,,1899,,,,,,,,,,,,,
"Ликер Старейшина Альпин Хани 0,5 л",2170,,700,,,,,600,,,,,,,,,,,1700,,,,,,,,,,,,,
"Лимончелло Casa Positano 0,5 л",2440,,700,,,,,700,,,,,,,,,,,1899,,,,,,,,,,,,,
"Ликер МОЦАРТ ШОКОЛАД С КЛУБНИКОЙ 15% 0,5Л",3330,мало,1380,,,,,1380,,,,,,,,,,,2200,,,,,,,,,,,,,
"Ликер МОЦАРТ ШОКОЛАДНЫЙ 17% 0,5Л",3330,мало,1380,,,,,1380,,,,,,,,,,,2200,,,,,,,,,,,,,
"Напиток спиртной Апероль (аперитив) 0,7 л",4070,,1780,,,,,1780,,,,,,,,,,,2900,,,,,,,,,,,,,
"Спиртной напиток ШЕРИДАНС ДВУХСЛОЙНЫЙ КОФЕЙНЫЙ 15,5% 0,5Л",4480,,2000,,,,,1300,,,,,,,,,,,2900,,,,,,,,,,,,,
"Ликер десертный КАМПАРИ 25% 0,75Л",4480,бристоль,2000,,,,,1800,,,,,,,,,,,2700,,,,,,,,,,,,,
"Ликер десертный ЯГЕРМАЙСТЕР 35% 0,7Л",4480,,2000,,,,,1990,,,,,,,,,,,2900,,,,,,,,,,,,,
"Ликер Куантро крепкий 0,7 л",4860,,2200,,,,,2200,,,,,,,,,,,3000,,,,,,,,,,,,,
"Ликер крепкий САМБУКА МОЛИНАРИ 40% 0,7Л",5140,бристоль,2350,,,,,1450,,,,,,,,,,,2500,,,,,,,,,,,,,
"Ликер крепкий ЛОРЕНЦО ГАСПАРИНИ САМБУКА 40% 0,5Л",,нет,700,,,,,450,,,,,,,,,,,1400,,,,,,,,,,,,,
"Ликер десертный ЛЮЛЮ СО ВКУСОМ КЛУБНИКИ И ЛАЙМА 15% 0,7Л",,нет,1000,,,,,580,,,,,,,,,,,1699,,,,,,,,,,,,,
"Ликер Найт Габриэлло Лимончелло 0,5 л",,нет,нет,,,,,700,,,,,,,,,,,1900,,,,,,,,,,,,,
Ликер Baileys Original 0.7 л,,нет,нет,,,,,2190,,,,,,,,,,,3499,,,,,,,,,,,,,
"Ликер десертный ЛОРЕНЦО ГАСПАРИНИ ЛИМОНЧЕЛЛО 30% 0,5Л",,нет,нет,,,,,нет в наличии,,,,,,,,,,,1400,,,,,,,,,,,,,
,,,,,,,,,,,,,,,,,,,,,,,,,,,,,,,,
"ПРОСЕККО, БРЮТ",новая цена,Наличие,New,страна,сорт винограда,,,закуп,,,,,,,,,,,цена,,,,,,,,,,,,,
"Вино игристое Российское Премиум белое брют 0,75 л",1320,,240,Россия,Белые сорта винограда,,,240,,,,,,,,,,,1000,,,,,,,,,,,,,
Вино игристое Шато Тамань РОЗОВОЕ брют 0.75,1430,,350,Россия,Пино Блан/Мюллер/Мускат/Саперави,,,330,,,,,,,,,,,1100,,,,,,,,,,,,,
"Газ. винный напиток Мартини Розато  8,5% роз. п\сл, ж/б 0,25 л (от 3шт)",1500,,400,Италия,,,,400,,,,,,,,,,,800,,,,,,,,,,,,,
"Газ. винный напиток Мартини Секко белый полусухой  8,5%  ж/б 0,25 л (от 3шт)",1500,,400,Италия,,,,400,,,,,,,,,,,800,,,,,,,,,,,,,
"Газ. винный напиток МАРТИНИ СЕМИ ДОЛЬЧЕ 8,5% БЕЛ. СЛ. Ж/Б 0,25Л (от 3шт)",1500,,400,Италия,,,,400,,,,,,,,,,,800,,,,,,,,,,,,,
"Вино игристое Российское Фанагория белое брют 0,75 л",1680,,500,Россия,Шардоне/Алиготе/Пино Нуар/Рислинг,,,400,,,,,,,,,,,1200,,,,,,,,,,,,,
"Вино игристое ШАТО ШУГО 10,5-11,5% РОЗ. П/СУХ. 0,75Л",1740,бристоль,530,Россия,,,,440,,,,,,,,,,,1299,,,,,,,,,,,,,
"Вино игристое Шато Тамань Сюр Ли белое экстра брют 0,75 л",1920,,590,Россия,Шардоне\Алиготе,,,570,,,,,,,,,,,1499,,,,,,,,,,,,,
"Вино игристое Брюле Cuvee белое брют 0,75 л",1920,бристьль,600,Россия,Шардоне\Пино Нуар\Мерло,,,550,,,,,,,,,,,1499,,,,,,,,,,,,,
"Вино игристое ВёВ Албан белое брют 0,75 л",1960,,650,Франция,Айрен,,,550,,,,,,,,,,,1500,,,,,,,,,,,,,
"Вино игристое Проссимо спуманте белое брют 0,75 л",2190,,770,Италия,Гарганега,,,650,,,,,,,,,,,1600,,,,,,,,,,,,,
"Вино игристое Альборес Ундуррага Брют 0,75 л",2230,,790,Чили,Шардоне\Совиньон Блан\Сира/Шираз,,,770,,,,,,,,,,,1599,,,,,,,,,,,,,
"Вино игристое Альборес Ундуррага белое полусухое 0,75 л",2230,,790,Чили,Шардоне\Совиньон Блан\Сира/Шираз,,,770,,,,,,,,,,,1599,,,,,,,,,,,,,
"Вино игристое Кава Арте Латино розовое брют 0,75 л",2270,,820,Испания,Трепат\Пино Нуар,,,700,,,,,,,,,,,1700,,,,,,,,,,,,,
"Вино игристое Мьяцци Риболла Джалла белое брют 0,75 л",2470,,920,Италия,Риболла Джалла,,,800,,,,,,,,,,,1799,,,,,,,,,,,,,
"Вино игристое Кава Доменек Винтаж белое экстра брют 0,75 л",2600,,990,Италия,Примитиво\Негроамаро,,,900,,,,,,,,,,,1999,,,,,,,,,,,,,
"Вино игристое Карлос Серрес Риоха ДОК белое брют 0,75 л",3470,,1000,Испания,Виура/Макабео\Шардоне\Темпранильо Бланко,,,1250,,,,,,,,,,,2699,,,,,,,,,,,,,
"Вино игристое Корте дей Рови Просекко Экстра Драй DOC белое сухое 0,75 л",2990,,1200,Италия,Глера/Просекко,,,1200,,,,,,,,,,,2199,,,,,,,,,,,,,
Вино игристое Мартини Брют бел.брют,3170,,1300,Италия,"Треббьяно, Шардоне",,,1200,,,,,,,,,,,2000,,,,,,,,,,,,,
Игристое вино Просекко Мартини белое сухое,3170,,1300,Италия,Глера/Просекко,,,1200,,,,,,,,,,,2000,,,,,,,,,,,,,
Вино игристое Мартини Асти бел.брют,3370,,1400,Италия,Москато,,,1190,,,,,,,,,,,2499,,,,,,,,,,,,,
"Вино игристое БИО БИО БАББЛС 11% БЕЛ. БРЮТ 0,75Л",3550,бристоль,1500,Италия,"Инзолия, Гарганега",,,1790,,,,,,,,,,,2399,,,,,,,,,,,,,
Вино игристое Мондоро Брют бел.сух,3550,,1500,Италия,Глера/Просекко,,,1390,,,,,,,,,,,2799,,,,,,,,,,,,,
Вино игристое Мондоро Просекко защ.геогр.ук.бел.сух,4020,,1750,Италия,Глера/Просекко,,,1390,,,,,,,,,,,2200,,,,,,,,,,,,,
"Вино игристое Кюве ДиПи Традишн Давид Порэ белое брют 0,75 л",5040,,2300,Франция,Шардоне/Пино Нуар/Пино Менье,,,2500,,,,,,,,,,,3900,,,,,,,,,,,,,
"Вино игристое Шампань Де Корветте Премье Крю белое брют 0,75 л",9510,,4700,Франция,Шардоне/Пино Нуар/Пино Менье,,,4700,,,,,,,,,,,6999,,,,,,,,,,,,,
"Вино игристое выдержанное Моэт и Шандон Империаль белое брют 0,75 л",15670,,8000,Франция,Шардоне/Пино Нуар/Пино Менье,,,6440,,,,,,,,,,,9000,,,,,,,,,,,,,
"Вино игристое Вдова Клико Понсардин белое брют 0,75 л",15880,,8000,Франция,Шардоне\Пино Нуар\Пино Менье,,,7940,,,,,,,,,,,12999,,,,,,,,,,,,,
"Вино игристое Villa Amalia белое брют 0,33 л (от 5шт)",,нет,нет,Россия,Ркацители\Подарок Магарача,,,130,,,,,,,,,,,300,,,,,,,,,,,,,
"Вино игристое ЭНДЕМЫ РКАЦИТЕЛИ 10,5-12,5% БЕЛ. БРЮТ 0,75Л",,нет,нет,Россия,,,,550,,,,,,,,,,,1199,,,,,,,,,,,,,
"Вино игристое Креман де Луар Домен д`Аврийе белое брют 0,75 л",,нет,нет,Франция,Шардоне\Пино Нуар\Шенен Блан,,,1300,,,,,,,,,,,3000,,,,,,,,,,,,,
"Вино игристое Шато Тамань белое брют п/к 0,75 л",,нет,нет,Россия,Пино Белый\Бианка\Алиготе\Шардоне\Рислинг,,,450,,,,,,,,,,,1399,,,,,,,,,,,,,
"Вино игристое Вальпьяна Миллезимато Экстра Драй белое брют 0,75 л",,нет,нет,Италия,Глера,,,нет в наличии,,,,,,,,,,,1500,,,,,,,,,,,,,
,,,,,,,,,,,,,,,,,,,,,,,,,,,,,,,,
АСТИ,новая цена,Наличие,New,страна,сорт винограда,,,закуп,,,,,,,,,,,цена,,,,,,,,,,,,,
Напиток винный газ. Ламбруско Розато п/сл 0.75,1120,,200,Россия,,,,200,,,,,,,,,,,800,,,,,,,,,,,,,
Напиток винный газ. Ламбруско Бьянко п/сл 0.75,1120,,200,Россия,,,,200,,,,,,,,,,,800,,,,,,,,,,,,,
"Вино игристое Российское Премиум белое полусладкое 0,75 л",1460,,240,Россия,Белые сорта винограда,,,240,,,,,,,,,,,1100,,,,,,,,,,,,,
"Вино игристое Советское Шампанское белое полусладкое 0,75 л",1440,,300,Россия,Шардоне/Совиньон Блан/Алиготе/Рислинг/Кокур,,,260,,,,,,,,,,,1100,,,,,,,,,,,,,
"Вино игристое Массимо Висконти Ламбруско белое сладкое 0,75 л",1920,,590,Италия,Ламбруско,,,500,,,,,,,,,,,1500,,,,,,,,,,,,,
"Вино игристое ВёВ Албан белое полусладкое 0,75 л",1960,,650,Франция,Айрен,,,550,,,,,,,,,,,1500,,,,,,,,,,,,,
Вино игристое Сант Орсола Асти DOCG белое сладкое,2430,,900,Италия,Мускат,,,700,,,,,,,,,,,1800,,,,,,,,,,,,,
"Вино игристое Атто Примо Асти белое сладкое 0,75 л",2570,,970,Италия,Мускат,,,900,,,,,,,,,,,1900,,,,,,,,,,,,,
"Вино игристое Исси Мальвазия Спуманте белое сладкое 0,75 л",2570,,970,Италия,Мальвазия/Мускат,,,900,,,,,,,,,,,1800,,,,,,,,,,,,,
Вино игристое Чинзано Асти DOCG бел.сл,3170,,1300,Италия,Мускат,,,1300,,,,,,,,,,,2000,,,,,,,,,,,,,
Игристое вино Мартини Асти Пьемонт бел.сл,3370,,1400,Италия,Мускат,,,1190,,,,,,,,,,,2000,,,,,,,,,,,,,
Вино игристое Мондоро Асти DOCG бел.сл,3550,,1500,Италия,Мускат,,,1300,,,,,,,,,,,2200,,,,,,,,,,,,,
"Вино игристое Линда Донна Асти DOCG белое сладкое 0,75 л",,нет,нет,Италия,Мускат,,,нет в наличии,,,,,,,,,,,1700,,,,,,,,,,,,,
"Вино игристое Фальдео Асти DOCG белое сладкое 0,75 л",,нет,нет,Италия,Мускат,,,нет в наличии,,,,,,,,,,,1600,,,,,,,,,,,,,
,,,,,,,,,,,,,,,,,,,,,,,,,,,,,,,,
ВЕРМУТ,новая цена,Наличие,New,,,,,закуп,,,,,,,,,,,цена,,,,,,,,,,,,,
"Вермут Чинзано Бьянко белый сладкий 0,5 л",1920,,600,,,,,750,,,,,,,,,,,1500,,,,,,,,,,,,,
"Напиток ароматизированный МАРТИНИ БЬЯНКО 15% 0,5 л",2060,,700,,,,,980,,,,,,,,,,,1600,,,,,,,,,,,,,
"Вермут Мартини Бьянко белый сладкий 0,5 л",2060,,700,,,,,800,,,,,,,,,,,1600,,,,,,,,,,,,,
"Вермут Мартини Экстра Драй белый сухой 0,75 л ",2810,,1100,,,,,1100,,,,,,,,,,,1900,,,,,,,,,,,,,
"Вермут Мартини Бьянко белый сладкий 0,75 л",2810,,1100,,,,,980,,,,,,,,,,,1900,,,,,,,,,,,,,
"Вермут Мартини Фиеро сладкий 0,75 л",2810,,1100,,,,,980,,,,,,,,,,,1900,,,,,,,,,,,,,
Вермут ЧИНЗАНО БЬЯНКО 15% БЕЛ. СЛ. 1Л,,нет,нет,,,,,1200,,,,,,,,,,,2000,,,,,,,,,,,,,
"Вермут Каза Позитано Бьянко белый сладкий 0,75 л",,нет,нет,,,,,470,,,,,,,,,,,1400,,,,,,,,,,,,,
,,,,,,,,,,,,,,,,,,,,,,,,,,,,,,,,
ПИВО,новая цена,Наличие,New,,,,,закуп,,,,,,,,,,,цена,,,,,,,,,,,,,
"Пиво Жигули Барное светлое ст 0,31 л",199,,57,,,,,,,,,,,,,,,,,,,,,,,,,,,,,
"пиво Рижское светлое ст 0,45 л",199,,55,,,,,,,,,,,,,,,,,,,,,,,,,,,,,
"Пиво Белорусское светлое фильтрованное пастеризованное ст 0,5 л",199,,67,,,,,,,,,,,,,,,,,,,,,,,,,,,,,
"Сидр Мистер Лис Яблоко ж/б 0,43 л",209,,64,,,,,,,,,,,,,,,,,,,,,,,,,,,,,
"Пиво БАЛТИКА КЛАССИЧЕСКОЕ №3 СВЕТЛ. ФИЛЬТР. ПАСТЕР. СТ/Б 0,5Л",209,,64,,,,,,,,,,,,,,,,,,,,,,,,,,,,,
"Пиво КРУШОВИЦЕ СВЕТЛ. ФИЛЬТР. ПАСТЕР. Ж/Б 0,43Л",219,,70,,,,,,,,,,,,,,,,,,,,,,,,,,,,,
"Пиво СТАРЫЙ МЕЛЬНИК ИЗ БОЧОНКА МЯГКОЕ СВЕТЛ. ФИЛЬТР. ПАСТЕР. СТ/Б 0,45Л",229,,70,,,,,,,,,,,,,,,,,,,,,,,,,,,,,
"Пивной напиток СТАРЫЙ МЕЛЬНИК ИЗ БОЧОНКА БАРХАТНОЕ ТЕМН. ФИЛЬТР. ПАСТЕР. СТ/Б 0,45Л",229,,70,,,,,,,,,,,,,,,,,,,,,,,,,,,,,
"Пиво LOWENBRAU ОРИГИНАЛЬНОЕ СВЕТЛ. ФИЛЬТР. ПАСТЕР. Ж/Б 0,45Л",229,,68,,,,,,,,,,,,,,,,,,,,,,,,,,,,,
"Пивной напиток KRONE BLANCHE BIERE СВЕТЛ. НЕФИЛЬТР. ПАСТЕР. СТ/Б 0,45Л",239,,90,,,,,,,,,,,,,,,,,,,,,,,,,,,,,
"Сидр Бон Сезон ст 0,4 л",239,,90,,,,,,,,,,,,,,,,,,,,,,,,,,,,,
"Пивн. напиток GARAGE ананас,лимон, вишня, ананас, СТ/Б 0,4Л",209,,62,,,,,80,,,,,,,,,,,199,,,,,,,,,,,,,
"Сидр Мистер Лис Пряное Яблоко\пряное яблоко ж/б 0,43 л",219,,80,,,,,80,,,,,,,,,,,199,,,,,,,,,,,,,
Хугарден,229,,90,,,,,80,,,,,,,,,,,200,,,,,,,,,,,,,
Козел светлое/темное,239,,95,,,,,80,,,,,,,,,,,200,,,,,,,,,,,,,
жигулевское,249,,94,,,,,50,,,,,,,,,,,150,,,,,,,,,,,,,
"Пиво КРУШОВИЦЕ CERNE ROYAL ТЕМН. ФИЛЬТР. ПАСТЕР. СТ/Б 0,45Л",249,,65,,,,,70,,,,,,,,,,,249,,,,,,,,,,,,,
"Пивной напиток VELKOPOPOVICKY KOZEL ТЕМН. ФИЛЬТР. ПАСТЕР. Ж/Б 0,45Л",249,,90,,,,,73,,,,,,,,,,,249,,,,,,,,,,,,,
"Эсса(Дыня-клубника,Кокос-манго,Ананас-грейпфрут)",259,,90,,,,,80,,,,,,,,,,,250,,,,,,,,,,,,,
"Пиво Карловсбад Чешский Лагер светлое фильтрованное пастеризованное ст 0,5 л",269,,,,,,,,,,,,,,,,,,,,,,,,,,,,,,,
"Пиво Жигулевское Самарское 0,5л",309,пятерочка,120,,,,,,,,,,,,,,,,,,,,,,,,,,,,,
шпатен,319,,125,,,,,110,,,,,,,,,,,300,,,,,,,,,,,,,
корона,399,,160,,,,,135,,,,,,,,,,,350,,,,,,,,,,,,,
"Аперитив Джантуган Соджу 18, 2%   клубника, манго, цитрус 0,375 л",499,,200,,,,,200,,,,,,,,,,,400,,,,,,,,,,,,,
Пиво Bud 0.5 л (стяжка 4шт),999,,332,,,,,75,,,,,,,,,,,799,,,,,,,,,,,,,
"Пиво Стелла Артуа светлое ст 0,44 л (стяжка 4шт)",1199,(Кб/лента),410,,,,,85,,,,,,,,,,,1199,,,,,,,,,,,,,
"Пиво Асахи Супер Драй светлое ст 0,33 л",559,нет,250,,,,,240,,,,,,,,,,,399,,,,,,,,,,,,,
"Пиво Кёнингсголд Лагер светлое фильтрованное пастеризованное ж/б 0,5 л",нет,нет,110,,,,,100,,,,,,,,,,,299,,,,,,,,,,,,,
"Пиво Белджиан Крон Лагер светлое ж/б 0,5 л",нет,нет,90,,,,,80,,,,,,,,,,,250,,,,,,,,,,,,,
"Пиво Чешский Птачек Лагер светлое фильтрованное пастеризованное ж/б 0,5 л",нет,нет,100,,,,,100,,,,,,,,,,,299,,,,,,,,,,,,,
чешское,нет,нет,59,,,,,90,,,,,,,,,,,200,,,,,,,,,,,,,
"Пиво Кроненбург 1664 светлое ст 0,46 л",нет,нет,нет,,,,,100,,,,,,,,,,,249,,,,,,,,,,,,,
"Пиво Гролш Пилснер светлое ж/б 0,5 л",нет,нет,нет,,,,,190,,,,,,,,,,,399,,,,,,,,,,,,,
"Пиво Хоп Райдер Уит Пэйл Эль светлое ж/б 0,33 л",нет,нет,нет,,,,,70,,,,,,,,,,,250,,,,,,,,,,,,,
"Пиво Хоп Райдер Экстра Стаут темное ж/б 0,33 л",нет,нет,нет,,,,,70,,,,,,,,,,,250,,,,,,,,,,,,,
"Пиво Евротур Шварц темное фильтрованное пастеризованное ж/б 0,5 л",нет,нет,нет,,,,,80,,,,,,,,,,,200,,,,,,,,,,,,,
"Пиво Хопфендорф Шварцбир темное ж/б 0,5 л",нет,нет,нет,,,,,нет в наличии,,,,,,,,,,,200,,,,,,,,,,,,,
,,,,,,,,,,,,,,,,,,,,,,,,,,,,,,,,
ПИВО 1л и больше (от 3шт),новая цена,Наличие,New,,,,,закуп,,,,,,,,,,,цена,,,,,,,,,,,,,
"Пиво БЕЛЫЙ МЕДВЕДЬ СВЕТЛ. ФИЛЬТР. ПАСТЕР. ПЭТ 1,15Л",299,,79,,,,,,,,,,,,,,,,300,,,,,,,,,,,,,
"Пиво Австрийское светлое ПЭТ 1,5 л",319,,112,,,,,110,,,,,,,,,,,300,,,,,,,,,,,,,
"Пиво Рижское светлое ПЭТ 1,3 л",329,,115,,,,,90,,,,,,,,,,,200,,,,,,,,,,,,,
"Пиво Живая Варка светлое ПЭТ 1,5 л",339,,115,,,,,115,,,,,,,,,,,300,,,,,,,,,,,,,
"Пиво Живая Варка светлое ПЭТ 1,5 л",349,,115,,,,,115,,,,,,,,,,,300,,,,,,,,,,,,,
"Пиво Пшеничное мягкое ПЭТ 1,5 л",369,,147,,,,,116,,,,,,,,,,,300,,,,,,,,,,,,,
"Пиво TUBORG GREEN СВЕТЛ. ФИЛЬТР. ПАСТЕР. ПЭТ 1,35Л",379,,150,,,,,160,,,,,,,,,,,350,,,,,,,,,,,,,
Разливное светлое фильтрованное 1л,449,,180,,,,,140,,,,,,,,,,,400,,,,,,,,,,,,,
Разливное светлое нефильтрованное 1л,449,,180,,,,,140,,,,,,,,,,,400,,,,,,,,,,,,,
Разливое темное 1л,549,,220,,,,,130,,,,,,,,,,,450,,,,,,,,,,,,,
"Пиво ГЁССЕР СВЕТЛ. ФИЛЬТР. ПАСТЕР. ПЭТ 1,2Л",,нет,нет,,,,,180,,,,,,,,,,,400,,,,,,,,,,,,,
"Пиво CARLSBERG СВЕТЛ. ФИЛЬТР. ПАСТЕР. ПЭТ 1,35Л",,нет,нет,,,,,130,,,,,,,,,,,300,,,,,,,,,,,,,
"Пиво Nord Land Beer светлое крепкое фильтрованное 1,2 л",,нет,нет,,,,,нет в наличии,,,,,,,,,,,349,,,,,,,,,,,,,
,,,,,,,,,,,,,,,,,,,,,,,,,,,,,,,,
НАПИТКИ Б\А,новая цена,наличие,закуп,,,,,,,,,,,,,,,,,,,,,,,,,,,,,
Вода Аква Минерале газированная 2 л,169,,70,,,,,,,,,,,,,,,,,,,,,,,,,,,,,
Вода Аква Минерале негаз 2 л,169,,70,,,,,,,,,,,,,,,,,,,,,,,,,,,,,
"Минеральная вода Заветный родник негазированная 1,5 л",149,,50,,,,,,,,,,,,,,,,,,,,,,,,,,,,,
"Вода Аква Люкс газ 1,5 л",149,,50,,,,,,,,,,,,,,,,,,,,,,,,,,,,,
Вода минеральная Аш Тау Скважина 6К газированная 1 л,99,,35,,,,,,,,,,,,,,,,,,,,,,,,,,,,,
Напиток ДОБРЫЙ КОЛА ГАЗ.  1Л,299,,100,,,,,,,,,,,,,,,,,,,,,,,,,,,,,
Сок RICH ВИШНЯ 1Л,389,,180,,,,,,,,,,,,,,,,,,,,,,,,,,,,,
Сок RICH ТОМАТ 1Л,349,,160,,,,,,,,,,,,,,,,,,,,,,,,,,,,,
Сок RICH АПЕЛЬСИН\АНАНАС\ГРЕЙПФРУТ 1Л,399,,190,,,,,,,,,,,,,,,,,,,,,,,,,,,,,
Сок Сады Придонья томатный с солью с мякотью\яблоко 1 л,339,,150,,,,,,,,,,,,,,,,,,,,,,,,,,,,,
"Напиток НАТАХТАРИ ГРУША\ФЕЙХОА\САПЕРАВИ СТ/Б 0,5Л",299,,108,,,,,,,,,,,,,,,,,,,,,,,,,,,,,
"Напиток LIPTON ЗЕЛЕНЫЙ ЧАЙ\ЧЕРНЫЙ ЛИМОН НЕГАЗ. 0,5л",249,,90,,,,,,,,,,,,,,,,,,,,,,,,,,,,,
Напиток Рич индиан тоник\биттер лимон сильногазированный 1 л,319,,135,,,,,,,,,,,,,,,,,,,,,,,,,,,,,
Газированный напиток Эвервесс Биттер Лимон 1 л,239,,80,,,,,,,,,,,,,,,,,,,,,,,,,,,,,
"Газированный напиток Старые Добрые Традиции Лимонад ст 0,5 л",159,,40,,,,,,,,,,,,,,,,,,,,,,,,,,,,,
"Квас Добрый хлеб фильтрованный пастеризованный 1,5 л",169,,50,,,,,,,,,,,,,,,,,,,,,,,,,,,,,
"Чай IceTea Лимон\лесные ягоды\малина 0,5 л",139,,50,,,,,,,,,,,,,,,,,,,,,,,,,,,,,
"Минеральная вода Ессентуки Целебная газированная ст 0,5 л",129,,40,,,,,,,,,,,,,,,,,,,,,,,,,,,,,
"Нектар Сады Придонья мультифрутовый\яблоко\черешня 0,95 л",399,,209,,,,,,,,,,,,,,,,,,,,,,,,,,,,,
Газированный напиток Экспорт Стаил Классик Кола 2 л,299,,100,,,,,,,,,,,,,,,,,,,,,,,,,,,,,
,,,,,,,,,,,,,,,,,,,,,,,,,,,,,,,,
ЭЛЕКТРОНКИ,новая цена,Наличие,New,,,,,,,,,,,,,,,,,цена,,,,,,,,,,,,
бристоль или любой продуктовый/вейпшоп,,,,,,,,,,,,,,,,,,,,,,,,,,,,,,,,
Электронная одноразовая система от 2000тяг,3599,,1900,,,,,,,,,,,,,,,,,1500,,,,,,,,,,,,
"(дыня, кола, банан, ягодный микс, клубничный коктейль,",,,,,,,,,,,,,,,,,,,,,,,,,,,,,,,,
Электронная одноразовая система до 10000тяг,4199,,2500,,,,,,,,,,,,,,,,,2900,,,,,,,,,,,,
"(банан, ягодный микс, клубника,маракуйа,яблоко,манго)",,,,,,,,,,,,,,,,,,,,,,,,,,,,,,,,
,,,,,,,,,,,,,,,,,,,,,,,,,,,,,,,,
СНЭКИ И ДР,новая цена,Наличие,New,,,,,,,,,,,,,,,,цена,,,,,,,,,,,,,
ЛУКОВЫЕ КОЛЬЦА СМЕТАНА\СЫР 45г,109,,,,,,,,,,,,,,,,,,100,,,,,,,,,,,,,
Сухарики КИРИЕШКИ ЧИЗБУРГЕР\ОГУРЦЫ\ШАШЛЫК\,119,,,,,,,,,,,,,,,,,,100,,,,,,,,,,,,,
ХОЛОДЕЦ С ХРЕНОМ\ВЕТЧИНА СЫР\СТЕЙК\СЕМГА\ 60г,,,,,,,,,,,,,,,,,,,,,,,,,,,,,,,,
Семечки ОТ МАРТИНА ЖАРЕНЫЕ МОРСКАЯ СОЛЬ 100Г,199,,,,,,,,,,,,,,,,,,150,,,,,,,,,,,,,
Сухарики ХРУСTEAM ЧИАБАТТА ОЛИВКИ\ВЕТЧИНА\,229,,,,,,,,,,,,,,,,,,200,,,,,,,,,,,,,
КРАБ\ТОМАТ\СЫРНОЕ АССОРТИ\СМЕТАНА ЗЕЛЕНЬ 60г ,,,,,,,,,,,,,,,,,,,,,,,,,,,,,,,,
Колбаски Дымчики сырокопченые оригинальные 70 г,279,,,,,,,,,,,,,,,,,,240,,,,,,,,,,,,,
Колбаски Кабанос сырокопченые куриные 70 г,289,,,,,,,,,,,,,,,,,,250,,,,,,,,,,,,,
Чипсы Лэйс Бекон\Краб\Лук/Сменана зелень 90г,339,,,,,,,,,,,,,,,,,,250,,,,,,,,,,,,,
Чипсы Лэйс Бекон\Краб\Лук/Сменана зелень 140г,379,,,,,,,,,,,,,,,,,,350,,,,,,,,,,,,,
Фисташки «ОТЕЦ ОРЕХ» ЖАРЕНЫЕ СОЛЕНЫЕ,449,,,,,,,,,,,,,,,,,,400,,,,,,,,,,,,,
Миндаль «ОТЕЦ ОРЕХ» ЖАРЕНЫЙ 150Г,479,,,,,,,,,,,,,,,,,,350,,,,,,,,,,,,,
Фундук «ОТЕЦ ОРЕХ» ЖАРЕНЫЙ 150Г,489,,,,,,,,,,,,,,,,,,350,,,,,,,,,,,,,
Чипсы соломкой POMSTICKS С СОЛЬЮ\СМЕТАНА 100Г,нет,нет,нет,,,,,,,,,,,,,,,,250,,,,,,,,,,,,,
,,,,,,,,,,,,,,,,,,,,,,,,,,,,,,,,
СИГАРЕТЫ И СТИКИ (за пачку),новая цена,Наличие,New,,,,,,,,,,,,,,,,цена,,,,,,,,,,,,,
Сигареты LUCKY STRIKE Green,399,,159,,,,,,,,,,,,,,,,350,,,,,,,,,,,,,
Сигареты Ротманс Грин,399,,159,,,,,,,,,,,,,,,,350,,,,,,,,,,,,,
Сигареты Ротманс Дэми Классик,419,,170,,,,,,,,,,,,,,,,350,,,,,,,,,,,,,
Сигареты Камелл Желтый,449,,180,,,,,,,,,,,,,,,,400,,,,,,,,,,,,,
Сигареты Камелл Компакт,449,,180,,,,,,,,,,,,,,,,350,,,,,,,,,,,,,
Сигареты LUCKY STRIKE XL,469,,190,,,,,,,,,,,,,,,,350,,,,,,,,,,,,,
Стики NEO Ванилла\Тобакко\Тропик,469,,190,,,,,,,,,,,,,,,,450,,,,,,,,,,,,,
Стики IQOS Heets Янтарные\Бронзовые\Голд\Грин\Фиол.\Слайт\Самер Бриз,499,,200,,,,,,,,,,,,,,,,450,,,,,,,,,,,,,
Сигареты Винстон Вайт,499,,200,,,,,,,,,,,,,,,,400,,,,,,,,,,,,,
Сигареты Винстон ИксСтайл,499,,202,,,,,,,,,,,,,,,,400,,,,,,,,,,,,,
Сигареты Винстон Классик,499,,202,,,,,,,,,,,,,,,,400,,,,,,,,,,,,,
Сигареты Винстон xs blue Тонкие,509,,223,,,,,,,,,,,,,,,,450,,,,,,,,,,,,,
Сигареты Винстон XS компакт блю,539,,230,,,,,,,,,,,,,,,,400,,,,,,,,,,,,,
Сигареты Парламент Платинум Блю,539,,230,,,,,,,,,,,,,,,,450,,,,,,,,,,,,,
Сигареты Винстон Рэд,539,,230,,,,,,,,,,,,,,,,450,,,,,,,,,,,,,
Сигареты Винстон Блю,539,,230,,,,,,,,,,,,,,,,400,,,,,,,,,,,,,
Сигареты Винстон Сильвер,549,,233,,,,,,,,,,,,,,,,400,,,,,,,,,,,,,
Сигареты CHAPMAN шоколад\вишня,559,,255,,,,,,,,,,,,,,,,499,,,,,,,,,,,,,
Сигареты Парламент аква блю,559,,279,,,,,,,,,,,,,,,,500,,,,,,,,,,,,,
Сигареты Парламент сильвер блю,619,,279,,,,,,,,,,,,,,,,500,,,,,,,,,,,,,
Сигареты Парламент One,629,,279,,,,,,,,,,,,,,,,500,,,,,,,,,,,,,
,,,,,,,,,,,,,,,,,,,,,,,,,,,,,,,,
"МЯСО, РЫБА И СЫР КОПЧЕНОЕ\НАРЕЗНОЕ",новая цена,Наличие,NEW,,,,,,,,,,,,,,,,цена,,,,,,,,,,,,,
Колбаса Микоян сырокопченая 80г,199,,64,,,,,,,,,,,,,,,,199,,,,,,,,,,,,,
Крабовые палочки 200г,249,,85,,,,,,,,,,,,,,,,249,,,,,,,,,,,,,
Сосиски МОЛОЧНЫЕ 290Г,349,,115,,,,,,,,,,,,,,,,349,,,,,,,,,,,,,
Сыр копченый косичка 90г,399,,140,,,,,,,,,,,,,,,,399,,,,,,,,,,,,,
Рыба Копченная ПОРТ АРТУР Желтый полосатик\,349,,140,,,,,,,,,,,,,,,,349,,,,,,,,,,,,,
Кольца кальмара\Мясо кальмара сушено-вяленое\ ,349,,140,,,,,,,,,,,,,,,,349,,,,,,,,,,,,,
Кальмар сушеный\Стружка минтая\ 60г,349,,140,,,,,,,,,,,,,,,,349,,,,,,,,,,,,,
"Рыбка сушеная желтый полосатик ""Чистое море""",349,,145,,,,,,,,,,,,,,,,349,,,,,,,,,,,,,
Филе сельди\горбуша/скумбрия 200г,399,,200,,,,,,,,,,,,,,,,399,,,,,,,,,,,,,
Кальмар Сухогруз сушеныйм70г,399,,200,,,,,,,,,,,,,,,,399,,,,,,,,,,,,,
Сыр плавленый HOCHLAND\PRESIDENT 150г,449,,155,,,,,,,,,,,,,,,,449,,,,,,,,,,,,,
Сервелат 300г,499,,140,,,,,,,,,,,,,,,,499,,,,,,,,,,,,,
Сыр в ассортименте 180г,899,,250,,,,,,,,,,,,,,,,899,,,,,,,,,,,,,
Сыр плавленый VIOLA Чеддер ломтики 140г,899,,250,,,,,,,,,,,,,,,,899,,,,,,,,,,,,,
,,,,,,,,,,,,,,,,,,,,,,,,,,,,,,,,закуп
ШОКОЛАД И КОНФЕТЫ,цена,наличие,закуп,,,,,,,,,,,,,,,,,,,,,,,,,,,,,40
Набор конфет RAFFAELLO 150Г коробка,800,,350,,,,,,,,,,,,,,,,,,,,,,,,,,,,,40
Набор конфет Ферреро Роше 125г коробка,800,,350,,,,,,,,,,,,,,,,,,,,,,,,,,,,,
"Шоколад Чоко энд Натс молочный с цельным фундуком\с миндалем\белый с цельным фундуком, 200г",600,,259,,,,,,,,,,,,,,,,,,,,,,,,,,,,,50
"Набор конфет Мерси ассорти, 250 г коробка",800,,350,,,,,,,,,,,,,,,,,,,,,,,,,,,,,50
"Набор конфет Тоффифе, 125 г коробка",600,,,,,,,,,,,,,,,,,,,,,,,,,,,,,,,
Шоколад Милка молочный с карамелью\молочный\ с фундуком\миндаль и лесные ягоды 90г,200,,85,,,,,,,,,,,,,,,,,,,,,,,,,,,,,80
"Набор конфет ОРЕШКА с цельным фундуком со вкусом сливок, 150 г",500,,120,,,,,,,,,,,,,,,,,,,,,,,,,,,,,90
"Набор конфет Дав Promises ассорти, 118г, коробка",750,,300,,,,,,,,,,,,,,,,,,,,,,,,,,,,,90
"Набор конфет Родные Просторы с вафельной крошкой, 180 г",450,,160,,,,,,,,,,,,,,,,,,,,,,,,,,,,,100
"Шоколад Милка Мммакс Арахис и Карамель, 270 г",850,,400,,,,,,,,,,,,,,,,,,,,,,,,,,,,,150
"Конфеты А.Коркунов Шоколадная палитра, 143 г коробка",600,,250,,,,,,,,,,,,,,,,,,,,,,,,,,,,,220
Шоколад Альпен Гольд молочный\молочный Орео\с фундуком\ с черникой и йогуртом 80 г,180,,70,,,,,,,,,,,,,,,,,,,,,,,,,,,,,220
,,,,,,,,,,,,,,,,,,,,,,,,,,,,,,,,250
,,,,,,,,,,,,,,,,,,,,,,,,,,,,,,,,
,,,,,,,,,,,,,,,,,,,,,,,,,,,,,,,,
,,,,,,,,,,,,,,,,,,,,,,,,,,,,,,,,закуп
,,,,,,,,,,,,,,,,,,,,,,,,,,,,,,,,159
,,,,,,,,,,,,,,,,,,,,,,,,,,,,,,,,159
,,,,,,,,,,,,,,,,,,,,,,,,,,,,,,,,170
,,,,,,,,,,,,,,,,,,,,,,,,,,,,,,,,180
,,,,,,,,,,,,,,,,,,,,,,,,,,,,,,,,180
,,,,,,,,,,,,,,,,,,,,,,,,,,,,,,,,190
,,,,,,,,,,,,,,,,,,,,,,,,,,,,,,,,190
,,,,,,,,,,,,,,,,,,,,,,,,,,,,,,,,200
,,,,,,,,,,,,,,,,,,,,,,,,,,,,,,,,200
,,,,,,,,,,,,,,,,,,,,,,,,,,,,,,,,202
,,,,,,,,,,,,,,,,,,,,,,,,,,,,,,,,202
,,,,,,,,,,,,,,,,,,,,,,,,,,,,,,,,223
,,,,,,,,,,,,,,,,,,,,,,,,,,,,,,,,230
,,,,,,,,,,,,,,,,,,,,,,,,,,,,,,,,230
,,,,,,,,,,,,,,,,,,,,,,,,,,,,,,,,230
,,,,,,,,,,,,,,,,,,,,,,,,,,,,,,,,230
,,,,,,,,,,,,,,,,,,,,,,,,,,,,,,,,233
,,,,,,,,,,,,,,,,,,,,,,,,,,,,,,,,255
,,,,,,,,,,,,,,,,,,,,,,,,,,,,,,,,279
,,,,,,,,,,,,,,,,,,,,,,,,,,,,,,,,279
,,,,,,,,,,,,,,,,,,,,,,,,,,,,,,,,279
,,,,,,,,,,,,,,,,,,,,,,,,,,,,,,,,
,,,,,,,,,,,,,,,,,,,,,,,,,,,,,,,,закуп
,,,,,,,,,,,,,,,,,,,,,,,,,,,,,,,,64
,,,,,,,,,,,,,,,,,,,,,,,,,,,,,,,,85
,,,,,,,,,,,,,,,,,,,,,,,,,,,,,,,,115
,,,,,,,,,,,,,,,,,,,,,,,,,,,,,,,,140
,,,,,,,,,,,,,,,,,,,,,,,,,,,,,,,,140
,,,,,,,,,,,,,,,,,,,,,,,,,,,,,,,,140
,,,,,,,,,,,,,,,,,,,,,,,,,,,,,,,,140
,,,,,,,,,,,,,,,,,,,,,,,,,,,,,,,,145
,,,,,,,,,,,,,,,,,,,,,,,,,,,,,,,,200
,,,,,,,,,,,,,,,,,,,,,,,,,,,,,,,,200
,,,,,,,,,,,,,,,,,,,,,,,,,,,,,,,,155
,,,,,,,,,,,,,,,,,,,,,,,,,,,,,,,,140
,,,,,,,,,,,,,,,,,,,,,,,,,,,,,,,,250
,,,,,,,,,,,,,,,,,,,,,,,,,,,,,,,,250