Калининград,новая цена,Наличие,New,страна,сорт винограда,крепость,,,,,,цена,закуп
ВИНО БЕЛОЕ СУХОЕ,,,,,,,,,,,,,
"Вино Куумба Шардоне белое сухое 0,75 л",1770,600,600,ЮАР,Шардоне,13,,,,,,1199,470
"Вино Калмеда Совиньон Блан-Москатель белое сухое 0,75 л",1720,590,570,Чили,Совиньон Блан/Москатель,"12,5",,,,,,1299,500
Вино Бродлиф Совиньон Блан белое сухое,1820,650,630,ЮАР,Совиньон Блан,"12,5",,,,,,1399,570
"Вино Оушен Свирл Шардоне белое сухое 0,75 л",1860,650,650,ЮАР,Шардоне,"12,5",,,,,,1599,650
"Вино П.В.С.& Б Стеларис Пино Гриджио белое сухое 0,75 л",1890,670,670,ЮАР,Пино Гриджио,13,,,,,,1599,670
Вино Тенуте Дель Неччио Орвието Классико Умбрия DOC белое сухое,1980,720,720,Италия,"Грекетто, Проканико, Шардоне",12.5,,,,,,1499,620
Вино Пьетраме Пино Гриджо Терре ди Кьети Абруццо IGP белое сухое,2180,830,830,Италия,Пино Гриджио,"12,5",,,,,,1699,690
"Вино Универсале белое полусухое 0,75 л",2220,850,850,Италия,Грилло\Совиньон\Верментино,"13,5",,,,,,1899,850
"Вино Ла Форшетьер Совиньон Блан белое сухое 0,75 л",2490,1000,1000,Франция,Совиньон Блан,"11,5",,,,,,2299,1000
"Вино Терра Норте ДО Риас Байшас белое сухое 0,75 л",3390,1500,1500,Испания,Альбариньо,"13,5",,,,,,2999,1500
"Вино Кампо Вента Дон Хуан Тиерра де Кастилья белое сухое 0,75 л",1750,нет,590,Чили,Совиньон Блан,13,,,,,,1499,590
"Вино Кандиум Вердехо до Руэда белое сухое 0,75 л",1930,нет,690,Испания,Вердехо,"12,5",,,,,,1599,670
"Вино Адега Май Дори белое сухое 0,75 л",2120,нет,800,Португалия,Виозиньо\Аринту\Альвариньо\Совиньон Блан,"12,5",,,,,,1799,800
Вино Маркес Де Касерес Бланко белое сухое 0.75,2440,нет,970,Испания,Виура/Макабео,12,,,,,,1999,950
"Вино Пино Гриджио Делле Венецие Арнази белое сухое 0,75 л",3190,нет,1390,Италия,Пино Гриджио,"12,5",,,,,,2399,1390
"Вино Цинандали Алаверди белое сухое 0,75 л",1680,нет,550,Грузия,Ркацители\Мцване Кахури,12,,,,,,1299,500
"Вино Айси Цинандали белое сухое 0,75 л",1680,нет,550,Грузия,Ркацители\Мцване Кахури,"12,5",,,,,,1299,500
Вино Трамонтана Сицилия белое сухое,,нет,500,Италия,Треббьяно,11,,,,,,1199,470
"Вино Н Нивариус белое сухое 0,75 л",,нет,800,Испания,Темпранильо Бланко,"13,5",,,,,,1899,900
"Вино Маркези Спинола Гави Биолоджико DOCG белое сухое 0,75 л",,нет,нет,Италия,Кортезе,"12,5",,,,,,2499,1500
"Вино Кинта Дель Дуке Бланко белое сухое 0,75 л",,нет,нет,Испания,Айрен,11,,,,,,1199,490
"Вино Ошторошбор Иршаи Оливер белое сухое 0,75 л",,нет,нет,Венгрия,Иршаи Оливер,"12,5",,,,,,1299,500
"Вино Тенглд Три Пино Гриджио белое сухое 0,75 л",,нет,490,ЮАР,Пино Гриджио,12.5,,,,,,1399,570
"Вино Эль Ниньо и Ла Луна Бланко белое сухое 0,75 л",,нет,570,Испания,Совиньон БланМакабео,"11,5",,,,,,1399,570
,,,,,,,,,,,,,
ВИНО БЕЛОЕ ПОЛУСЛАДКОЕ,новая цена,Наличие,New,страна,сорт винограда,крепость,,,,,,цена,закуп
"Вино Кахури Гвинис Марани Алазанская Долина белое полусладкое 0,75 л",1510,,450,Грузия,Ркацители,12,,,,,,1199,370
"Вино Музаради Алазанская Долина белое полусладкое 0,75 л",1590,500,500,Грузия,Ркацители\Белые сорта винограда,"12,5",,,,,,1199,350
"Вино Алазанская Долина Алаверди белое полусладкое 0,75 л",1680,550,550,Грузия,Ркацители\Кахури Мцване,13,,,,,,1199,400
"Вино Бадагони Алазанская Долина белое полусладкое 0,75 л",1880,660,660,Грузия,Ркацители,"10,5",,,,,,1499,550
"Вино Пиккола Джойа Мальвазия Рубиконе ИГТ белое полусладкое 0,75 л",1950,700,700,Италия,Мальвазия,9,,,,,,1599,600
Вино Зайро Рислинг Пфальц медиум свит бел.п/сл,2120,900,800,Германия,Рислинг,11,,,,,,1999,800
"Вино Энгельшайн Либлих белое полусладкое 0,75 л",1840,нет,730,Германия,Айрен\Треббьяно\Макабео,"9,5",,,,,,1599,600
"Вино Кампо Вента Дон Хуан Тиерра де Кастилья белое полусладкое 0,75 л",1600,нет,590,Испания,Макабео,12,,,,,,1599,590
Вино Трамонтана Сицилия белое полусладкое,1450,нет,500,Италия,Треббьяно,"10,5",,,,,,1399,530
Вино Маркес Де Касерес Сантинела Риоха DOC белое полусладкое,2290,нет,1000,Испания,"Мальвазия, Виура/Макабео",11.5,,,,,,2299,990
"Вино Рио Рика Москато белое полусладкое 0,75 л",,нет,550,Чили,Москато,12,,,,,,1499,550
"Вино Tabla Алазанская Долина белое полусладкое 0,75 л",,нет,нет,Грузия,Ркацители\Цоликоури,"11,5",,,,,,1099,370
"Вино Блэк Бёрд Вестерн Кейп Во белое полусладкое 0,75 л",,нет,450,ЮАР,Шенен Блан,12,,,,,,1299,450
,,,,,,,,,,,,,
ВИНО БЕЛОЕ ПОЛУСУХОЕ,новая цена,Наличие,New,страна,сорт винограда,крепость,,,,,,цена,закуп
"Вино Вилла Анна Пино Гриджио белое полусухое 0,75 л",1930,690,690,Италия,Пино Гриджио,12,,,,,,1499,600
"Вино Маре Альта Винью Верде DOC белое полусухое 0,75л",1950,720,700,Португалия,"Аринто/Падерна, Лоурейро",10,,,,,,1599,620
"Вино Зайро Рислинг Пфальц Трокен белое полусухое 0,75л",2120,900,800,Германия,Рислинг,12,,,,,,1799,800
"Вино Вейнцунфт Рислинг Рейнгау белое полусухое 0,75 л",2180,850,830,Германия,Рислинг,12,,,,,,1699,750
"Вино Примо Фиоре Фамозо белое полусухое 0,75 л",2310,900,900,Италия,Фамозо,"12,5",,,,,,1899,900
"Вино Зибенштейн Совиньон Блан Пфальц белое полусухое 0,75 л",2390,950,950,Германия,Совиньон Блан,"12,5",,,,,,1999,950
"Вино Зибенштейн Рислинг Пфальц белое полусухое 0,75 л",2440,970,970,Германия,Рислинг,12,,,,,,1999,950
Вино Макуту Бей Совиньон Блан белое полусухое ,2750,1200,1150,Новая Зеландия,Совиньон Блан,12,,,,,,2499,1000
"Вино Терра де Оро Шардоне белое полусухое 0,75 л",,нет,470,Чили,Шардоне,13,,,,,,1199,470
,,,,,,,,,,,,,
ВИНО РОЗОВОЕ СУХОЕ,новая цена,Наличие,New,страна,сорт винограда,крепость,,,,,,цена,закуп
"Вино Бродлиф Совиньон Блан розовое сухое 0,75 л",1860,650,630,ЮАР,Совиньон Блан\Пино Нуар,"12,5",,,,,,1799,570
"Вино Розато Тоскана Тенуте Россетти розовое сухое 0,75 л",,НЕТ,800,Италия,Санджовезе\Мерло,"12,5",,,,,,1999,800
"Вино Кампо Вента Дон Хуан Тиерра де Кастилья розовое сухое 0,75 л",,НЕТ,нет,Испания,Бобаль,12,,,,,,1499,500
,,,,,,,,,,,,,
ВИНО РОЗОВОЕ ПОЛУСУХОЕ,новая цена,Наличие,New,страна,сорт винограда,крепость,,,,,,цена,закуп
"Вино Бриза ду Мар Винью Верде DOC розовое полусухое 0,75 л",1860,650,650,Португалия,Виньяу\Амарал\Боррасал,10,,,,,,1599,520
"Вино Маре Альта Винью Верде розовое полусухое 0,75 л",2000,790,700,Португалия,Виньаон\Боррасал\Эшпадейро,10,,,,,,1799,620
"Вино Галеоне Примитиво Мерло Розе Апулия розовое полусухое 0,75 л",2180,850,830,Италия,Примитиво/Мерло,"12,5",,,,,,1999,750
,,,,,,,,,,,,,
ВИНО КРАСНОЕ СУХОЕ,новая цена,Наличие,New,страна,сорт винограда,крепость,,,,,,цена,закуп
"Вино Сол де Плата Мальбек красное сухое 0,75 л",1860,650,650,Аргентина,Мальбек,"13,5",,,,,,1399,570
"Вино Тенуте Дель Неччио Кьянти красное сухое 0,75 л",2120,800,800,Италия,"Санджовезе, Мальвазия Нера, Чильеджоло",13,,,,,,1700,
"Вино Саперави Бадагони красное сухое 0,75 л",2200,800,800,Грузия,Саперави,13,,,,,,1599,730
"Вино Бариста Пинотаж красное сухое 0,75 л",2670,1200,1100,ЮАР,Пинотаж,13,,,,,,2199,970
"Вино Патриа Чика красное сухое 0,75 л",3210,1400,1400,Испания,Темпранильо\Гарнача\Мерло\Каберне Совиньон,"14,5",,,,,,2999,1400
"Вино Ультимо Бастион Бобаль Гарнача Крианца красное сухое 0,75 л",1950,нет,800,Испания,Бобаль\Гарнача,"12,5",,,,,,1799,800
"Вино Сеньорио Де Ла Ералта Гран Резерва красное сухое 0,75 л",2800,нет,1300,Испания,Темпранильо,"13,5",,,,,,2299,1300
Вино Маркес Де Касерес Крианса красное сухое 0.75,2890,нет,1350,Испания,Темпранильо/Гарнача/Грасиано,14,,,,,,2499,1350
"Вино Марселино Риоха красное сухое 0,75 л",1730,нет,670,Испания,Темпранильо,"13,5",,,,,,1499,670
"Вино Марселино Риоха Крианза красное сухое 0,75 л",1910,нет,770,Испания,Темпранильо,"12,5",,,,,,1699,770
"Вино Кинта дель Дуке Виньо Тинто красное сухое 0,75 л",1450,нет,500,Испания,Темпранильо,11,,,,,,1299,490
Вино Трамонтана Апулия красное сухое,,нет,500,Италия,Санджовезе,11,,,,,,1299,500
"Вино Саперави Тамариони красное сухое 0,75 л",,нет,нет,Грузия,Саперави,11,,,,,,1199,440
"Вино Терраш де Монсараш красное сухое 0,75 л",,нет,нет,Португалия,Тринкадейра\Арагонеш\Кастелао,"13,5",,,,,,1499,650
"Вино Мирла Бэй Пино Нуар красное сухое 0,75 л",,нет,нет,Чили,Пино Нуар,"12,5",,,,,,1599,700
"Вино Тенуте Дель Неччио Кьянти Ризерва красное сухое 0,75 л",,нет,нет,Италия,Санджовезе,"12,5",,,,,,1699,770
"Вино Марселино Ресерва Риоха ДОКа красное сухое 0,75 л",,нет,нет в наличии,Испания,Темпранильо,"13,5",,,,,,1999,870
"Вино Бардолино Валлезелле Пьеве Сан Вито красное сухое 0,75 л",,нет ,нет ,Италия,Корвина\Рондинелла\Молинара\Неграра,13,,,,,,2099,950
,,,,,,,,,,,,,
ВИНО КРАСНОЕ ПОЛУСЛАДКОЕ,новая цена,Наличие,New,страна,сорт винограда,крепость,,,,,,цена,закуп
"Вино Музаради Киндзмараули красное полусладкое 0,75 л",1590,500,500,Грузия,Саперави,11,,,,,,1199,350
"Вино Рио Рика Ред Бленд красное полусладкое 0,75 л",1680,550,550,Чили,Каберне Совиньон\Карменер\Шираз,"12,5",,,,,,1699,550
"Вино Кахури Киндзмараули красное полусладкое 0,75 л",1810,620,620,Грузия,Саперави,12,,,,,,1599,530
"Вино Мукузани Кахури Гвинис Марани красное сухое 0,75 л",1850,650,600,Грузия,Саперави,12,,,,,,1599,530
"Вино Киндзмараули Бадагони красное полусладкое 0,75 л",2350,920,920,Грузия,Саперави,11,,,,,,1999,830
"Плодовая алкогольная продукция Майрени полусладкая гранатовая 0,75 л",1280,нет,400,Армения,,12,,,,,,1299,400
"Вино Киндзмараули Виниверия красное полусладкое 0,75 л",2470,нет,1100,Грузия,Саперави,12,,,,,,2499,990
Вино Трамонтана Апулия красное полусладкое,,нет,500,Италия,Санджовезе,"10,5",,,,,,1499,500
"Вино Блэк Бёрд Вестерн Кейп Во красное полусладкое 0,75 л",,нет,450,ЮАР,Пинотаж,"13,5",,,,,,1399,450
"Вино Tabla Киндзмараули красное полусладкое 0,75 л",,нет ,нет,Грузия,Саперави,"11,5",,,,,,1499,490
"Вино Киндзмараули Шалвино красное полусладкое 0,75 л",,нет,нет,Грузия,Саперави,12,,,,,,1799,600
,,,,,,,,,,,,,
ВИНО КРАСНОЕ ПОЛУСУХОЕ,новая цена,Наличие,New,страна,сорт винограда,крепость,,,,,,цена,закуп
"Вино Пиросмани Кахури Гвинис Марани красное полусухое 0,75 л",1580,490,450,Грузия,Саперави,"11,5",,,,,,1399,530
"Вино Фортецца деи Колли Негроамаро красное полусухое 0,75 л",2040,750,730,Италия,Негроамаро,13,,,,,,1699,650
"Вино Фортецца Деи Колли Примитиво красное полусухое 0,75 л",2120,800,790,Италия,Примитиво,"13,5",,,,,,1500,нет в наличии
"Вино Пьетраме Монтепульчано Д`Абруццо Лимитата кр.полусух 0,75 л",2310,900,870,Италия,Монтепульчано,13,,,,,,1899,770 (мало)
"Вино Виллакьяра Неро Д`Авола Сицилия ДОП красное полусухое 0,75 л",2250,870,870,Италия,Неро д'Авола,13,,,,,,1999,870 (мало)
"Вино Эпикуро Примитиво красное полусухое 0,75 л",2390,950,930,Италия,Примитиво,14,,,,,,1999,850 (мало)
"Вино Примо Фиоре Ува Лонганези красное полусухое 0,75 л",2310,900,900,Италия,Ува Лонганези,"13,5",,,,,,2099,900 (мало)
"Вино Зибенштейн Пино Нуар Пфальц красное полусухое 0,75 л",2390,950,950,Германия,Пино Нуар,"12,5",,,,,,2199,950 (мало)
"Вино Баррелая красное полусухое 0,75 л",2490,1000,1000,Италия,Мерло\Каберне Совиньон\Сира/Шираз\Санджовезе,"13,5",,,,,,2299,1000 (мало)
"Вино Бастиони Делла Рокка Примитиво ди Мандурия красное полусухое 0,75 л",2500,1000,700,Италия,Примитиво\Негроамаро,15,,,,,,1799,730 (мало)
"Вино Кьянти Ризерва красное полусухое 0,75 л",2670,1100,1100,Италия,Санджовезе\Мерло,13,,,,,,2199,950 (мало)
"Вино Пьетраме Монтепульчано Д`Абруццо красное полусухое 0,75 л",2130,нет,899,Италия,Монтепульчано,13,,,,,,1600,нет в наличии
"Вино Орапьена Монтепульчано д'Абруццо Ризерва красное полусухое 0,75 л",2800,нет,1300,Италия,Монтепульчано,"13,5",,,,,,2399,1100 (мало)
"Вино Сузуманьелло Гран Аппассо красное полусухое 0,75 л",2800,нет,1300,Италия,Сузуманьелло,"14,5",,,,,,2699,1300 (мало)
Вино ВайНот?! IGP красное полусухое,2970,нет,1400,Италия,Зинфандель,15,,,,,,2799,1400 (мало)
"Вино Неро ди Тройя красное полусухое 0,75 л",,нет,1200,Италия,Неро ди Троя,15,,,,,,2499,1200 (мало)
"Вино Гипфельклеттерн Блауер Цвайгельт красное полусухое 0,75 л",,нет,нет,Австрия,Блауер Цвайгельт,12,,,,,,1499,570
"Вино Спенсер Бэй Пинотаж красное полусухое 0,75 л",,нет,нет,ЮАР,Пинотаж,"13,5",,,,,,1599,580
"Вино Кот де Сомме Пино Нуар красное полусухое 0,75 л",,нет,нет,Франция,Пино Нуар,14,,,,,,1999,850 (мало)
"Вино Кальдора Санджовезе Мерло красное полусухое 0,75 л",,нет,нет,Италия,Санджовезе\Мерло,"13,5",,,,,,1500,нет в наличии
,,,,,,,,,,,,,
ПОРТВЕЙН,новая цена,Наличие,New,страна,сорт винограда,крепость,,,,,,,
"Вино ликерное Портвейн белый Гурзуф Крым крепкое белое 0,75 л",1840,640,600,Россия,Кокур\Первенец Магарача\Шардоне\Алиготе\Ркацители\Мускат\Италия\Мускат Янтарный,17,,,,,,,
"Вино ликерное ПОРТВЕЙН Красный Гурзуф крепкое красное 0,75 л",1880,660,580,Россия,Бастардо\Магарачский\Каберне Совиньон\Саперави,17,,,,,,,
"Вино ликерное Массандра Портвейн Белый Крымский 0,75 л",2120,800,800,Россия,Кокур\Ркацители\Алиготе,"17,5",,,,,,,
"Портвейн Гравураш ду Коа Порто Руби красный сладкий 0,75 л",2290,нет,1000,Португалия,Турига Франка\Тинта Баррока\Тинта Амарела\Тинта Рориш,19,,,,,,,
,,,,,,,,,,,,,
"ВОДКА 0,5л",новая цена,Наличие,New,,,,,,,,,цена,закуп
"Водка ПЯТЬ ОЗЕР 40% 0,5Л",1540,470,350,,,,,,,,,999,350
"Водка Тундра Аутентик 0,5",1520,460,390,,,,,,,,,999,370
"Водка ХАСКИ АРКТИК АЙС 40% 0,5Л",1600,505,420,,,,,,,,,999,350
"Водка ХАСКИ 40% 0,5Л",1650,505,430,,,,,,,,,999,370
"Водка Зимняя деревенька на солодовом спирте 0,5",1520,460,450,,,,,,,,,1099,400
"Водка Белая Березка 0,5",1760,595,480,,,,,,,,,1099,430
"Водка Русский Стандарт Голд 0,5",1860,650,500,,,,,,,,,1099,470
"Водка МАМОНТ 40% 0,5Л",2870,1215,1200,,,,,,,,,1999,950
"Водка Чистые росы из ржаного зерна 0,5",3250,1420,1300,,,,,,,,,2399,1200
"Водка ОРГАНИКА 40% П/УП. 0,5Л + КНИГА",1670,нет,630,,,,,,,,,2199,1050
"Водка БЕЛЕНЬКАЯ ЗОЛОТАЯ НА СПИРТЕ АЛЬФА 40% 0,5Л",,нет,364,,,,,,,,,999,315
"Водка виноградная Найт Габриелло Граппа Нобиле 0,5 л",,нет,900,,,,,,,,,2199,1000
"Водка АБСОЛЮТ 40% 0,5Л",,нет,нет,,,,,,,,,2499,1500
,,,,,,,,,,,,,
"ВОДКА 0,7л",новая цена,Наличие,New,,,,,,,,,цена,закуп
"Водка ХАСКИ 40% 0,7Л",1940,695,430,,,,,,,,,1199,500
"Водка Зимняя Деревенька на солодовом спирте  0,7",1830,635,570,,,,,,,,,1299,500
"Водка Тундра Аутентик 0,7",1810,623,630,,,,,,,,,1299,550
"Водка Белая Березка  0,7",2020,740,690,,,,,,,,,1300,
"Водка Русский Стандарт  0,7",2120,800,800,,,,,,,,,1399,640
"Водка Дикий мед классика туба 0,7 л",2240,860,800,,,,,,,,,1399,680
"Водка БЕЛУГА ТРАНСАТЛАНТИК РЕЙСИНГ 40% 0,7Л",4320,2020,2020,,,,,,,,,2799,1650
"Водка ОРГАНИКА ЛАЙФ 40% П/УП. 0,7Л",3260,нет,1574,,,,,,,,,2299,1150
"Водка Чистые Росы 40% 0,7л ПУ Россия",3800,нет,1890,,,,,,,,,2799,1600
"Водка Грей Гуз 0,7 л",5680,нет,3000,,,,,,,,,4999,3150
"Водка ФИНЛЯНДИЯ 40% 0,7Л",,нет,1550,,,,,,,,,2700,
"Водка АБСОЛЮТ 40% 0,5Л",,нет,нет,,,,,,,,,2499,1500
"Водка Данска 40% 0,7л в железе",,нет,нет,,,,,,,,,2699,1500
"Водка АБСОЛЮТ 40% 0,7Л",,нет,нет,,,,,,,,,2699,1500
"Водка Данска Грейпфрут 40% 0,7л Германия в железе",,нет,нет,,,,,,,,,2799,1600
"Водка Данска КранРаз 40% 0,7л в железе",,нет,нет,,,,,,,,,2799,1600
"Водка Данска Цитрус 40% 0,7л в железе",,нет,нет,,,,,,,,,2700,
"Водка Пять Озер 0,7",1470,нет,509,,,,,,,,,1199,480
"Водка Рисовая Укио 40% 0,7л Япония",,нет,нет,,,,,,,,,5400,
,,,,,,,,,,,,,
ВОДКА 1л,новая цена,Наличие,New,,,,,,,,,цена,закуп
Водка Русский Стандарт 1л,2040,,750,,,,,,,,,1899,860
Водка Зимняя Деревенька на солодовом спирте 1л,2210,,840,,,,,,,,,1499,710
Водка Белая Березка 1Л,2310,,900,,,,,,,,,1799,800
,,,,,,,,,,,,,
"ВИСКИ 0,5л",новая цена,Наличие,New,,,,,,,,,цена,закуп
"Напиток спиртной Нобл Стаг Яблоко 0,5 л",1690,,555,,,,,,,,,1299,640
"Напиток спиртной Нобл Стаг Спайсд 0,5 л",1700,,555,,,,,,,,,1299,640
"Виски Нобл Стаг 0,5 л",2040,,750,,,,,,,,,1399,670
"Виски Наки Томпсон 3 года купажированный 0,5",2280,,879,,,,,,,,,1599,770
"Виски Вильям Лоусонс не менее 3 лет купажир. 0,5",2310,,900,,,,,,,,,1999,900
"Виски Вильям Лоусонс Супер Спайсд купажир. 0,5 л",2310,,900,,,,,,,,,1999,890
Виски Чивас Ригал 12 лет купажир. п/к 0.5 ,5990,"кб, лавка бахуса",2950,,,,,,,,,5499,2950
"Спиртной напиток ДЖИМ БИМ ЭППЛ 32,5% 0,5Л",,нет,нет,,,,,,,,,2499,1310
,,,,,,,,,,,,,
"ВИСКИ 0,7л",новая цена,Наличие,New,,,,,,,,,цена,закуп
"Виски купажированный шотландский Нобл Стаг 3 года 0,7 л",2210,,840,,,,,,,,,1499,790
"Виски Наки Томпсон 3 года купажированный 0,7",2770,,1154,,,,,,,,,2099,1060
"Виски Вильям Лоусонс не менее 3 лет купажированный 0,7",3140,,1364,,,,,,,,,2299,1250
"Виски Вильям Лоусонс Супер Спайсд выдержка 3 года 0,7 л",3200,,1364,,,,,,,,,2299,1250
"Виски купажированный шотландский Сир Эдвардс 0,7 л",3300,,1390,,,,,,,,,2099,990
"Виски ДЖОННИ УОКЕР РЭД ЛЕЙБЛ 40% 0,7Л",3550,,1589,,,,,,,,,2799,1490
"Виски Дюарс Уайт Лейбл 3 года 0,7 л",3710,,1679,,,,,,,,,2999,1490
"Виски Джим Бим  0,7 л",3910,,1790,,,,,,,,,3199,1790
"Виски шотландский купажированный БАЛЛАНТАЙНС ФАЙНЕСТ 40% 0,7Л",4280,"кб, бутыль",1999,,,,,,,,,3399,1790
"Виски Дюарс Португиз Смуз 8 лет шотландский купажированный 0,7 л",4420,,2079,,,,,,,,,3999,1990
"Виски Джим Бим Эппл 0,7 л",4650,,2200,,,,,,,,,3499,1940
"Спиртной напиток ДЖЕК ДЭНИЕЛС ТЕННЕССИ ФАЭР 35% 0,7Л",4700,бристоль,2204,,,,,,,,,3299,1680
"Виски купажированный Инаизуми п/к 0,7 л",5350,,2590,,,,,,,,,3999,2400
"Виски Джемесон не менее 3 лет купажир. 0,7л",5630,,2749,,,,,,,,,3499,2190
"Виски Джек Дениел`с Теннесси 0,7 ",5700,МАЛО,2749,,,,,,,,,3999,2300
"Виски Джонни Уокер Блэк Лейбл 12 лет 0,7 л ",5720,бристоль,2800,,,,,,,,,4999,2500
"Виски шотл. купаж. ДЖОННИ УОКЕР БЛЭК ЛЕЙБЛ 12 ЛЕТ 40% (П/УП./) 0,7",5800,,2800,,,,,,,,,5499,2500
"Спиртной напиток на основе виски ДЖЕМЕСОН АПЕЛЬСИН 30% 0,7Л",5880,,2890,,,,,,,,,3599,2100
"Виски Джек Дэниелс Теннесси Эпл 0,7л",6060,,2990,,,,,,,,,4299,2590
"Виски Гранжстоун бурбон каск финиш п/к 0,7 л",6620,,3300,,,,,,,,,5499,3300
"Виски Мэйкерс Марк 0,7 л",7680,,3890,,,,,,,,,5599,3700
"Виски Дюарс Спешиал Резерв 12 лет шотландский купажированный 0,7 л",8150,,4149,,,,,,,,,5499,3450
"Виски купажированный ХАТОЗАКИ 3 ГОДА 40% 0,7Л ",8230,бристоль,4200,,,,,,,,,5399,3150
"Виски Чивас Ригал 12 лет купажированный в п/к 0,7 л ",8300,,4200,,,,,,,,,5999,3200
"Виски Чивас Ригал 18 лет купажированный в п/к 0,7 л ",20700,,11139,,,,,,,,,12000,10100
"Виски Макаллан Дабл Каск 12 лет п/к 0,7 л",22240,,12000,,,,,,,,,16999,9000
"Виски Джонни Блонде 0,7 л",,нет,нет,,,,,,,,,2499,1500
"Спиртной напиток на основе виски ДЖЕМЕСОН ИМБИРЬ И ЛАЙМ 30% 0,7Л",,нет,нет,,,,,,,,,2999,1680
"Спиртной напиток на осн. односолодового виски ПОУГС МЕДОВЫЙ 35% 0,7Л",,нет,нет,,,,,,,,,3299,1630
"Спиртной напиток ДЖЕК ДЭНИЕЛС ТЕННЕССИ ХАНИ ЛИКЕР 35% 0,7Л",,нет,нет,,,,,,,,,3899,2100
"Виски МАКАЛЛАН ДАБЛ КАСК ГОЛД 3 ГОДА П/УП. 0,7Л ",,нет,нет,,,,,,,,,12999,7250
"Виски Чивас Ригал 15 лет шотландский купажированный 0,75 л",,нет,нет,,,,,,,,,,6200
"Виски бурбон ВУДФОРД РЕЗЕРВ ЗЕРНОВОЙ 43,2% 0,75Л",,нет,нет,,,,,,,,,5000,
,,,,,,,,,,,,,
ВИСКИ 1л,новая цена,Наличие,New,,,,,,,,,цена,закуп
Виски Джим Бим 1л,6350,,3149,,,,,,,,,3799,2290
Виски Теннесси Джек Дениел`с 1 л,6600,,3290,,,,,,,,,4100,
Виски Джонни Уокер Блэк Лейбл 12 лет 1л ,8880,,4560,,,,,,,,,6999,4260
"Виски Джемесон купажированный 40%, 1л ",,нет,нет,,,,,,,,,4999,3000
Виски Вильям Пил 1 л,,нет,нет,,,,,,,,,2500,
"Виски Чивас Ригал 12 лет 40% 1,0л",,нет,нет,,,,,,,,,7500,
,,,,,,,,,,,,,
"КОНЬЯК 0,5л",новая цена,Наличие,New,,,,,,,,,цена,закуп
"Коньяк Фазерс Олд Баррель не менее 5 лет 0,5 л",1980,,720,,,,,,,,,1399,650
"Коньяк ординарный Армянский Коньяк 5 лет 0,5 л",2160,,820,,,,,,,,,1299,600
"Коньяк Старейшина 5 лет 0,5",2200,,820,,,,,,,,,1499,750
"Коньяк Фанагория 5 лет 0,5 л",2250,,870,,,,,,,,,1499,690
"Коньяк Армянский Кочари 7 лет подарочный п/к 0,5",2390,,950,,,,,,,,,1599,770
"Коньяк Армянский Кочари 7 лет п/к 0,5 л",2390,,950,,,,,,,,,1599,770
"Бренди ТОРРЕС 5 СОЛЕРА РЕЗЕРВА 38% 0,5Л ",2460,,984,,,,,,,,,1999,990
Коньяк Старейшина 7 лет 0.5,2580,,1050,,,,,,,,,1899,900
"Коньяк Ной Традиционный 5 лет 0,5",2600,,1050,,,,,,,,,1899,900
"Коньяк Старейшина 7 лет п/к 0,5 л",2650,,1050,,,,,,,,,,1200
"Бренди Торрес 10 лет Гран Резерва 0,5 л",3020,,1300,,,,,,,,,2599,1290
"Коньяк Асканели ВС 5 лет п/к 0,5 л",3210,,1400,,,,,,,,,2499,1200
"Коньяк Армянский Арарат 5 лет п/к 0,5",3390,,1500,,,,,,,,,2799,1430
"Коньяк Арарат АНИ КВ п/к 0,5 л",5010,,2400,,,,,,,,,,1900
"Коньяк А.ДЕ Фуссиньи Селексьон Коллексьон туба 0,5 л",5720,,2800,,,,,,,,,4999,2500
"Коньяк Арарат Ахтамар 10 лет п/к 0,5 л",7340,,3700,,,,,,,,,5299,2750
"Коньяк Армянский Арарат Наири 20 лет п/к 0,5 л",16320,мало,8700,,,,,,,,,8299,5830
"Коньяк А.де Фуссиньи ХО п/к 0,5 л",17220,МАЛО,9200,,,,,,,,,11999,8000
,,,,,,,,,,,,,
"КОНЬЯК 0,7л",новая цена,Наличие,New,,,,,,,,,цена,закуп
"Коньяк Асканели ВСОП 7 лет п/к 0,7 л",3920,,1800,,,,,,,,,3499,1700
"Бренди Семболь Националь ХО 0,7 л",4110,,1900,,,,,,,,,3799,1800
"Бренди Делор Фрер V.S.O.P п/к 0,7 л",6060,,2990,,,,,,,,,5199,2700
"Коньяк Готье ВСОП п/к 0,7 л",7880,,4000,,,,,,,,,7499,4000
"Бренди Делор Фрер X.O.п/к 0,7 л",8420,,4300,,,,,,,,,7499,4000
"Коньяк КУРВУАЗЬЕ ВС 40% П/УП. 0,7Л ",9590,МАЛО,4949,,,,,,,,,7699,4400
"Коньяк КУРВУАЗЬЕ ВСОП 40% П/УП. 0,7Л ",11650,,6099,,,,,,,,,7999,5300
"Коньяк КУРВУАЗЬЕ Фонтенебло Каск 40% П/УП. 0,7Л ",,нет,нет,,,,,,,,,7599,4200
"Коньяк РЕМИ МАРТАН ВСОП 40% П/УП. 0,7Л ",,нет,нет,,,,,,,,,9000,НЕТ В НАЛИЧИИ
"Коньяк РЕМИ МАРТАН ХО 40% П/УП. 0,7Л ",,нет,нет,,,,,,,,,28000,НЕТ В НАЛИЧИИ
,,,,,,,,,,,,,
"РОМ 0,5л",новая цена,Наличие,New,,,,,,,,,цена,закуп
"Напиток спиртной Джон Сильвер Пряный на основе рома 0,5 л",1510,,450,,,,,,,,,,
"Ром Капитан Жан Лафитт дарк 0,5 л",1590,,500,,,,,,,,,,
"Напиток спиртной на основе рома Оакхарт Ориджинал Бакарди 0,5",2280,,880,,,,,,,,,1799,800
"Напиток ромовый КАПИТАН МОРГАН ПРЯНЫЙ ЗОЛОТОЙ 35% 0,5Л",,нет,нет,,,,,,,,,2699,1400
"Ром Гавана Клаб Аньехо 3 года 40% 0,5л ",,нет,нет,,,,,,,,,2999,1800
,,,,,,,,,,,,,
"РОМ 0,7л",новая цена,Наличие,New,,,,,,,,,цена,закуп
"Ром КОППЕР ШАРК 38% 0,7Л",1960,бристоль,705,,,,,,,,,,
"Спиртной напиток ромовый КУЛ СКЕЛЕТОН КОКОС 37,5% 0,7Л",2040,"кб, бристоль",750,,,,,,,,,,
"Спиртной напиток ромовый КУЛ СКЕЛЕТОН МАНГО МАРАКУЙЯ 37,5% 0,7Л",2100,"кб, бристоль",750,,,,,,,,,,
"Ром Мама Джама Блэк выдержанный 0,7 л",2120,,800,,,,,,,,,1699,700
"Ром выдержанный БЛЭК ПИРЛ ДАРК 37,5% 0,7Л",2670,"кб, бристоль",1100,,,,,,,,,,
"Напиток спиртной на основе рома Оакхарт Ориджинал Бакарди 0,7",2850,,1200,,,,,,,,,2199,1090
"Набор Оакхарт Ориджинал Спайс Голд+2 банки Rich Cola 0,7 л",2900,,1200,,,,,,,,,2599,1090
"Ром САНГСОМ выдержанный 40%, 0.7L",3390,,1500,,,,,,,,,,
"Напиток спиртной Капитан Морган Пряный Золотой  0,7 л",3400,,1500,,,,,,,,,2899,1650
"Ром БАРСЕЛО АНЬЕХО ВЫДЕРЖАННЫЙ 37,5-40% 0,7Л",4020,,1850,,,,,,,,,2599,1400
"Ром Matusalem Solera 7 лет, 0.7л",4650,"кб, метро",2200,,,,,,,,,,
"Ром Гавана Клаб Аньехо 3 года 40% 0,7л Куба",4700,,2200,,,,,,,,,3499,1800
"Ром Контрабандо 5 лет 0,7 л",5010,,2400,,,,,,,,,4499,2400
"Ром Бругал Аньехо Супериор 0,7 л",5450,,2650,,,,,,,,,4499,2400
"Ром ЗАКАПА СЭНТЭНАРИО СОЛЕРА ГРАН РЕЗЕРВА 23 ГОДА 40% П/УП. 0,7Л",15060,,8000,,,,,,,,,12999,8000
"Ром Закапа XO п/к 0,7 л",23140,,12500,,,,,,,,,16999,11000
Ром Дэд Мэн'с Фингерс манго (желтый) 0.7л,,нет,нет,,,,,,,,,2299,1000
Ром Дэд Мэн'с Фингерс  (белый) 0.7л,,нет,нет,,,,,,,,,2499,1360
Ром Дэд Мэн'с Фингерс пряный (черный) 0.7л,,нет,нет,,,,,,,,,2799,1680
"Ром Капитан Морган Уайт карибский 0,7л 40%",,нет,нет,,,,,,,,,2799,1400
"Напиток на основе рома КАПИТАН МОРГАН ТЕМНЫЙ  40% 0,7Л ",,нет,нет,,,,,,,,,3200,нет в наличии
,,,,,,,,,,,,,
ТЕКИЛА,новая цена,Наличие,New,,,,,,,,,цена,закуп 
"Текила Ольмека Сильвер 38% 0,7л ",5630,,2750,,,,,,,,,4499,2750
"Текила Ольмека Золотая Супремо 38% 0,5л ",6080,,3000,,,,,,,,,3999,2000
"Текила Эсполон Бланко 40% 0,75л",6530,МАЛО,3250,,,,,,,,,4499,2700
"Текила Эсполон Репосадо 40% 0,75л",7340,,3700,,,,,,,,,5499,3120
"Спиртной напиток ТЕКИЛА АСИЕНДА ВЬЕХА БЛАНКО 40% 0,75Л",,нет,нет,,,,,,,,,4399,2050
"Спиртной напиток ТЕКИЛА АСИЕНДА ВЬЕХА РЕПОСАДО 40% 0,75Л",,нет,нет,,,,,,,,,4399,2100
"Текила Ольмека Альтос Репосадо 38% 0,7л ",,нет,нет,,,,,,,,,6499,4140
"Текила Ольмека Голд 38% 0,7л ",,нет,нет,,,,,,,,,3999,2530
"Текила Хосе Куэрво Эспесиаль Сильвер 38% 0,7л",,нет,нет,,,,,,,,,3000,нет в наличии
"Текила Хосе Куэрво Эспесиаль Репосадо 38% 0,7л ",,нет,нет,,,,,,,,,3100,нет в наличии
"Текила Сауза Голд 38% 0,5л",,нет,нет,,,,,,,,,3800,нет в наличии
"Текила Сауза Сильвер 38% 0,5л",,нет,нет,,,,,,,,,3300,нет в наличии
"Текила Сауза Голд 38% 0,7л",,нет,нет,,,,,,,,,4500,нет в наличии
,,,,,,,,,,,,,
ДЖИН,новая цена,Наличие,New,,,,,,,,,цена,закуп
"Джин Фримен Пинк 40% 0,5л.",1340,,360,,,,,,,,,1199,360
"Джин Фримен 40% 0,5л.",1390,,390,,,,,,,,,1199,360
"Джин Барристер 40% 0,7л",1950,,700,,,,,,,,,1699,700
"Джин Гордонс лондонский 37,5% 0,7л",3720,,1690,,,,,,,,,3199,1690
"Джин Старый Континент Классический 38% 0,5л",,нет,нет,,,,,,,,,1299,464
"Джин Бифитер Лондон Драй 47% 0,5л",,нет,нет,,,,,,,,,3499,1800
"Джин Тенжаку 37,5% 0,7л Япония",,нет,нет,,,,,,,,,3899,2400
"Джин Бомбей Брамбл 37,5%  0.7 л",,нет,нет,,,,,,,,,6999,4300
"Джин Кросс Кис 41% 0,7л",,нет,нет,,,,,,,,,2700,нет в наличии
"Джин Джоубокс Смол Батч 43% 0,7л",,нет,нет,,,,,,,,,3900,нет в наличии
"Джин Кавалан 40% 0,75л",,нет,нет,,,,,,,,,7000,нет в наличии
,,,,,,,,,,,,,
ЛИКЕР,новая цена,Наличие,New,,,,,,,,,цена,закуп
"Ликер Мариба Рио сливки с ароматом ванили 0,5 л",1280,,330,,,,,,,,,1099,330
"Ликер крепкий НОСТАЛЬГИЯ САМБУКА 40% 0,5Л",1510,бристоль,450,,,,,,,,,1199,420
"Ликер Мариба Рио сливки с ароматом шоколада 0,5 л",1520,,460,,,,,,,,,1099,330
"Ликер Самбука Эрнальди Классик 0,5 л",1680,бристоль,550,,,,,,,,,1199,400
"Настойка Абсент Абсолвент горькая 0,5 л",3150,,1370,,,,,,,,,,1020
"Спиртной напиток десертный АПЕРОЛЬ 11% СЛ. 0,7Л",4070,,1880,,,,,,,,,2999,1490
"Ликер Кампари  25% 0,75л",4460,,2100,,,,,,,,,3799,1890
"Ликер Ягермайстер  35% 0,7л",4500,,2100,,,,,,,,,3699,1790
"Ликер ЛИМОНЧЕЛЛО САН ЛОРЕНЦО 25% 0,5л",,нет,нет,,,,,,,,,1299,450
"Ликер десертный TУНДРА БИТТЕР 0,5л",,нет,нет в наличии,,,,,,,,,1299,500
"Ликер десертный TУНДРА БИТТЕР оранж 0,5л",,нет,нет,,,,,,,,,1299,549
"Ликер десертный ЛЮЛЮ СО ВКУСОМ КЛУБНИКИ И ЛАЙМА 15% 0,7Л",,нет,нет,,,,,,,,,1499,610
" Вана Таллин 40% 0,5л",,нет ,нет ,,,,,,,,,2499,1300
"Спиртной напиток ШЕРИДАНС ДВУХСЛОЙНЫЙ КОФЕЙНЫЙ 15,5% 0,5Л",,нет ,нет в наличии,,,,,,,,,2899,1370
"Ликер Куантро крепкий 0,7 л",,нет ,нет в наличии,,,,,,,,,нет,нет в наличии
"Ликер Кампари Биттер 25% 1,0л",,нет,нет,,,,,,,,,3500,нет в наличии
"Ликер КАРЛОВАРСКА БЕХЕРОВКА 38% 0,7Л",,нет,нет,,,,,,,,,3800,нет в наличии
"Ликер Ягермайстер Манифест 38% 0,5л Германи",,нет,нет,,,,,,,,,4000,нет в наличии
"Ликер Лимончелло Вилла Кардеа 25% 0,7л",,нет,нет,,,,,,,,,2600,нет в наличии
"Ликер Самбука Оазис 40% 0,5л",,нет,нет,,,,,,,,,1600,нет в наличии
,,,,,,,,,,,,,
"ПРОСЕККО, БРЮТ 0,25л от 3шт, 0,33л от 5шт",новая цена,Наличие,New,страна,сорт винограда,крепость,,,,,,цена,закуп
"Вино игристое Villa Amalia белое брют 0,33 л (от 5шт)",950,,140,Россия,Ркацители\Подарок Магарача,"10,5",,,,,,299,140
"Вино игристое Российское Премиум белое брют 0,75 л",1120,,240,Франция,Белые сорта винограда,11,,,,,,999,250
"Газ. винный напиток Мартини Розато  8,5% роз. п\сл, ж/б 0,25 л (от 3шт)",1450,,420,Италия,,,,,,,,799,400
"Газ. винный напиток Мартини Секко белый полусухой  8,5%  ж/б 0,25 л (от 3шт)",1450,,420,Италия,,,,,,,,799,400
"Газ. винный напиток МАРТИНИ СЕМИ ДОЛЬЧЕ 8,5% БЕЛ. СЛ. Ж/Б 0,25Л (от 3шт)",1450,,420,Италия,,,,,,,,799,400
,,,,,,,,,,,,,
"ПРОСЕККО, БРЮТ",новая цена,Наличие,New,страна,сорт винограда,крепость,,,,,,цена,закуп
Вино игристое Шато Тамань розовое брют,1510,,450,Россия,Пино Блан/Мюллер/Мускат/Саперави,"12,5",,,,,,1099,450
"Вино игристое Российское Фанагория защ.геогр.ук.белое брют 0,75 л",1580,,490,Россия,Шардоне/Алиготе/Пино Нуар/Рислинг,12,,,,,,1099,430
"Вино игристое Шато Тамань белое брют п/к 0,75 л",1590,,500,Россия,Пино Белый\Бианка\Алиготе\Шардоне\Рислинг,10,,,,,,1199,500
"Вино игристое ШАТО ШУГО 10,5-11,5% РОЗ. П/СУХ. 0,75Л",1690,бристоль,560,Россия,,"10,5",,,,,,1099,460
"Вино игристое ЭНДЕМЫ РКАЦИТЕЛИ 10,5-12,5% БЕЛ. БРЮТ 0,75Л",1820,бристоль,630,Россия,,"10,5",,,,,,1199,500
"Вино игристое Вёв Албан розовое брют 0,75 л",1890,,670,Россия,Айрен,"11,5",,,,,,1499,600
"Вино игристое Шато Тамань Сюр Ли белое экстра брют 0,75 л",1910,,680,Россия,Шардоне\Алиготе,11,,,,,,1499,600
"Вино игристое Брюле Cuvee белое брют 0,75 л",1930,,690,Россия,Шардоне\Пино Нуар\Мерло,12,,,,,,1499,600
"Вино игристое ВёВ Албан белое брют 0,75 л",1950,,700,Франция,Айрен,11,,,,,,1499,600
"Вино игристое Проссимо спуманте белое брют 0,75 л",2080,,770,Италия,Гарганега,11,,,,,,1599,630
"Вино игристое Альборес Ундуррага Брют 0,75 л",2110,,790,Чили,Шардоне\Совиньон Блан\Сира/Шираз,12,,,,,,1799,770
"Вино игристое Альборес Ундуррага белое полусухое 0,75 л",2200,,790,Чили,Шардоне\Совиньон Блан\Сира/Шираз,12,,,,,,1799,770
"Вино игристое Кава Арте Латино розовое брют 0,75 л",2380,,940,Испания,Трепат\Пино Нуар,"11,5",,,,,,1899,840
"Вино игристое Кава Доменек Винтаж белое экстра брют 0,75 л",2480,,990,Италия,Примитиво\Негроамаро,15,,,,,,1699,730
"Вино игристое Карлос Серрес Риоха ДОК белое брют 0,75 л",2490,,1000,Испания,Виура/Макабео\Шардоне\Темпранильо Бланко,12,,,,,,2299,1250
"Вино игристое Креман де Луар Домен д`Аврийе белое брют 0,75 л",3020,мало,1300,Франция,Шардоне\Пино Нуар\Шенен Блан,12,,,,,,2399,1300
"Вино игристое Корте дей Рови Просекко Экстра Драй белое сухое 0,75 л",3060,,1320,Италия,Глера/Просекко,11,,,,,,2399,1320
Вино игристое Мартини Брют бел.брют,3210,,1400,Италия,"Треббьяно, Шардоне","11,5",,,,,,2399,1400
"Вино игристое БРУНИ ПРОСЕККО ЭКСТРА ДРАЙ 11% БЕЛ. БРЮТ 0,75Л",3330,бристоль,1470,Италия,Глера/Просекко,11,,,,,,2299,1250
"Вино игристое БИО БИО БАББЛС 11% БЕЛ. БРЮТ 0,75Л",3530,бристоль,1580,Италия,"Инзолия, Гарганега",11,,,,,,2099,1050
Вино игристое Просекко Мартини белое сухое,3600,,1580,Италия,Глера/Просекко,"11,5",,,,,,2499,1190
Вино игристое Мондоро Просекко защ.геогр.ук.бел.сух,3990,,1840,Италия,Глера/Просекко,11,,,,,,2499,1490
"Вино игристое Шампань Де Корветте Премье Крю белое брют 0,75 л",9130,очень мало,4700,Франция,Шардоне\Пино Нуар\Пино Менье,"12,5",,,,,,6999,4700
"Вино игристое выдержанное Моэт и Шандон Империаль белое брют 0,75 л",12280,( в 8 маг. кб за 9200),6450,Франция,Шардоне/Пино Менье/Пино Нуар,12,,,,,,9499,6450
"Вино игристое Вдова Клико Понсардин белое брют 0,75 л",18660,,10000,Франция,Шардоне\Пино Нуар\Пино Менье,12,,,,,,10999,7650
"Вино игристое Мьяцци Риболла Джалла белое брют 0,75 л",,нет,нет,Италия,Риболла Джалла,11,,,,,,1899,860
"Вино игристое Кюве ДиПи Традишн Давид Порэ белое брют 0,75 л",,нет,нет в наличии,Франция,Шардоне/Пино Менье/Пино Нуар,12,,,,,,4999,2500
,,,,,,,,,,,,,
АСТИ,новая цена,Наличие,New,страна,сорт винограда,крепость,,,,,,цена,закуп
"Вино игристое Российское Премиум белое полусладкое 0,75 л",1120,,240,Россия,Белые сорта винограда,12,,,,,,999,240
"Вино игристое Советское Шампанское белое полусладкое 0,75 л",1220,бристоль,300,Россия,Шардоне/Совиньон Блан/Алиготе/Рислинг/Кокур,11,,,,,,1099,280
"Вино игристое Массимо Висконти Ламбруско белое сладкое 0,75 л",1750,,590,Италия,Ламбруско,"7,5",,,,,,1199,500
"Вино игристое Исси Мальвазия Спуманте белое сладкое 0,75 л",2440,,970,Италия,Мальвазия/Мускат,7,,,,,,1999,900
Вино игристое Сант Орсола Асти DOCG белое сладкое,2490,,1000,Италия,Мускат,7,,,,,,1899,880
"Вино игристое Атто Примо Асти белое сладкое 0,75 л",2720,,1130,Италия,Мускат,"7,5",,,,,,2099,990
"Вино игристое Асти Пьемонт Канти белое сладкое 0,75 л",2850,мало,1200,Италия,Мускат,7,,,,,,2199,1200
Вино игристое Чинзано Асти DOCG бел.сл,3330,,1470,Италия,Мускат,7,,,,,,2199,1190
Игристое вино Мартини Асти Пьемонт бел.сл,3530,,1580,Италия,Мускат,"7,5",,,,,,2399,1290
Вино игристое Мондоро Асти DOCG бел.сл,3990,,1840,Италия,Мускат,"7,5",,,,,,2499,1470
Напиток винный газ. Ламбруско Розато п/сл 0.75,,нет,нет,Россия,,8,,,,,,899,200
Напиток винный газ. Ламбруско Бьянко п/сл 0.75,,нет,нет,Россия,,8,,,,,,999,250
"Вино игристое Российское Шато Тамань белое полусладкое п/к 0,75 л",,нет,нет,Россия,Пино Белый\Бианка\Алиготе\Шардоне\Рислинг,10,,,,,,1199,500
"Вино игристое Фальдео Асти DOCG белое сладкое 0,75 л",,нет,нет,Италия,Мускат,7,,,,,,1700,нет в наличии
,,,,,,,,,,,,,
ВЕРМУТ,новая цена,Наличие,New,,,,,,,,,цена,закуп
"Вермут Чинзано Бьянко белый сладкий 0,5 л",2210,,840,,,,,,,,,1499,590
"Вермут Мартини Бьянко белый сладкий 0,5 л",2250,,870,,,,,,,,,1799,770
"Набор Мартини Бьянко + 2 банки тоника 0,75 л",2950,,1260,,,,,,,,,2599,1040
"Вермут Мартини Фиеро сладкий 0,75 л",2950,,1260,,,,,,,,,2499,1040
Вермут ЧИНЗАНО БЬЯНКО 15% 1Л,3330,бристоль,1470,,,,,,,,,2499,1150
 Вермут САНТО СТЕФАНО БЬЯНКО 1Л,,нет,нет,,,,,,,,,1099,290
Вермут Мартини Экстра Драй белый сухой 1л,,нет,нет,,,,,,,,,2499,1040
Вермут Мартини Бьянко белый сладкий 1 л,,нет,нет,,,,,,,,,2999,1500
"Вермут Мартини Россо 15% 1,0л",,нет,нет,,,,,,,,,3099,1640
,,,,,,,,,,,,,
ПИВО,новая цена,Наличие,New,,,,,,,,,цена,закуп
жигулевское,199,,50,,,,,,,,,199,50
"Пивной напиток  GARAGE ананас,лимон, вишня СТ/Б 0,4Л",199,,62,,,,,,,,,199,80
"Напиток пивной Старый Мельник из Бочонка Темное Бархатное ст 0,45 л",209,,73,,,,,,,,,199,70
"Сидр Мистер Лис Пряное Яблоко\пряное яблоко ж/б 0,43 л",219,,80,,,,,,,,,199,80
Пиво Bud 0.5 л,219,,80,,,,,,,,,199,80
Эсса (Дыня-клубника/Кокос-манго/Ананас-грейпфрут),219,,85,,,,,,,,,199,75
"Пиво КРУШОВИЦЕ CERNE ROYAL ТЕМН. ФИЛЬТР. ПАСТЕР. СТ/Б 0,45Л",219,,85,,,,,,,,,199,75
Хугарден,229,,90,,,,,,,,,199,85
"Пивной напиток VELKOPOPOVICKY KOZEL ТЕМН. ФИЛЬТР. ПАСТЕР. Ж/Б 0,45Л",229,,95,,,,,,,,,199,84
Козел светлое/темное,229,,95,,,,,,,,,199,84
"Напиток пивной Крон Бланш Бьер ст 0,45 л",239,,99,,,,,,,,,199,80
"Пиво Кёнингсголд Лагер светлое фильтрованное пастеризованное ж/б 0,5 л",279,,110,,,,,,,,,249,100
"Пиво Стелла Артуа светлое ст 0,44 л ",279,Кб/лента/бристоль),120,,,,,,,,,199,94
шпатен ,289,(кб/спар/виктория),124,,,,,,,,,249,115
"Пиво Кроненбург 1664 светлое ст 0,46 л",299,бристоль,134,,,,,,,,,249,100
"Пиво Асахи Супер Драй светлое ст 0,33 л",349,,140,,,,,,,,,300,140
"Пиво Перони Настро Аззуро светлое ст 0,33 л",379,,160,,,,,,,,,,199
корона,419,,160,,,,,,,,,399,180
"Аперитив СОДЖУ СИБСА в ассортименте 14% 0,375Л",529,,210,,,,,,,,,499,210
чешское,нет,,нет,,,,,,,,,199,90
"Пиво Белджиан Крон Лагер светлое ж/б 0,5 л",249,нет,90,,,,,,,,,249,80
"Пиво Чешский Птачек Лагер светлое фильтрованное пастеризованное ж/б 0,5 л",,нет,нет,,,,,,,,,249,100
"Пиво Хоп Райдер Уит Пэйл Эль светлое ж/б 0,33 л",,нет,нет,,,,,,,,,199,79
"Пиво Хоп Райдер Экстра Стаут темное ж/б 0,33 л",,нет,нет,,,,,,,,,199,79
"Пиво Гролш Пилснер светлое ж/б 0,5 л",,нет,нет,,,,,,,,,300,150
Пиво Гиннесс Драфт темное 0.44л ,,нет,нет,,,,,,,,,399,200
Пиво Паулер Хефе-Вайссбир светлое н.ф 5.5% 0.5л ,,нет,нет,,,,,,,,,399,200
"Пиво Евротур Шварц темное фильтрованное пастеризованное ж/б 0,5 л",,нет,нет,,,,,,,,,199,80
"Пиво имп. LOWHAMMER ORIGINAL LAGER СВЕТЛ. ФИЛЬТР. ПАСТЕР. Ж/Б 0,5Л",,нет,нет,,,,,,,,,249,100
"Пиво имп. CERNA KRALOVNA CZECH PILS СВЕТЛ. ФИЛЬТР. ПАСТЕР. Ж/Б 0,5Л",,нет,нет,,,,,,,,,249,110
Пиво Мерфис Фйриш Страут темное 0.5л,,нет,нет,,,,,,,,,549,210
Пиво Траппист Рошфор 6 темное филтр. 7.5% 0.33л,,нет,нет,,,,,,,,,500,нет в наличии
,,,,,,,,,,,,,
ПИВО 1л и больше,новая цена,наличие,New,,,,,,,,,цена,закуп
"Пиво CARLSBERG СВЕТЛ. ФИЛЬТР. ПАСТЕР. ПЭТ 1,35Л",299,,90,,,,,,,,,299,150
"Пиво ЖИГУЛЕВСКОЕ ТРАДИЦИОННОЕСВЕТЛ. ФИЛЬТР. 1,2Л",309,,100,,,,,,,,,249,100
"Пиво СТАРЫЙ МЕЛЬНИК ИЗ БОЧОНКА МЯГКОЕ СВ.ФИ. 0,9л",319,,100,,,,,,,,,249,108
"Пиво Австрийское светлое ПЭТ 1,5 л",329,,112,,,,,,,,,299,110
"Пиво Живая Варка светлое ПЭТ 1,5 л",339,,115,,,,,,,,,299,155
"Пиво Рижское светлое ПЭТ 1,3 л",349,,115,,,,,,,,,249,120
"Пиво БЕЛЫЙ МЕДВЕДЬ СВЕТЛ. ФИЛЬТР. ПАСТЕР. ПЭТ 1,15Л",359,,124,,,,,,,,,299,140
"Пиво АРСЕНАЛЬНОЕ КРЕПКОЕ СВЕТЛ. ФИЛЬТР.  1,2Л",369,,130,,,,,,,,,299,120
"Пиво ТРИ МЕДВЕДЯ СВЕТЛ. ФИЛЬТР. ПАСТЕР. ПЭТ 1,25Л",379,,134,,,,,,,,,299,140
"Пиво Охота крепкое светлое ПЭТ 1,2 л",389,,142,,,,,,,,,249,130
"Пиво Пшеничное мягкое ПЭТ 1,5 л",399,,147,,,,,,,,,299,155
"Пиво ZATECKY GUS СВЕТЛ. ФИЛЬТР. ПАСТЕР. ПЭТ 1,35Л",409,,162,,,,,,,,,299,150
Разливное светлое фильтрованное 1л,409,,180,,,,,,,,,399,150
Разливное светлое нефильтрованное 1л,409,,180,,,,,,,,,399,150
"Пиво БАЛТИКА №9 ЛЕГЕНДАРНОЕ СВЕТЛ. ФИЛЬТР.  1,3Л",439,,174,,,,,,,,,349,140
"Пиво TUBORG GREEN СВЕТЛ. ФИЛЬТР. ПАСТЕР. ПЭТ 1,35Л",469,,190,,,,,,,,,349,150
Разливое темное 1л,479,,190,,,,,,,,,449,170
,,,,,,,,,,,,,
НАПИТКИ Б\А,новая цена,наличие,закуп,,,,,,,,,,
Вода Аква Минерале газированная 2 л,169,,70,,,,,,,,,,
Вода Аква Минерале негаз 2 л,169,,70,,,,,,,,,,
"Минеральная вода Заветный родник негазированная 1,5 л",149,,50,,,,,,,,,,
"Вода Аква Люкс газ 1,5 л",149,,50,,,,,,,,,,
Вода минеральная Аш Тау Скважина 6К газированная 1 л,99,,35,,,,,,,,,,
Напиток ДОБРЫЙ КОЛА ГАЗ.  1Л,299,,100,,,,,,,,,,
Сок RICH ВИШНЯ 1Л,389,,180,,,,,,,,,,
Сок RICH ТОМАТ 1Л,349,,160,,,,,,,,,,
Сок RICH АПЕЛЬСИН\АНАНАС\ГРЕЙПФРУТ 1Л,399,,190,,,,,,,,,,
Сок Сады Придонья томатный с солью с мякотью\яблоко 1 л,339,,150,,,,,,,,,,
"Напиток НАТАХТАРИ ГРУША\ФЕЙХОА\САПЕРАВИ СТ/Б 0,5Л",299,,108,,,,,,,,,,
"Напиток LIPTON ЗЕЛЕНЫЙ ЧАЙ\ЧЕРНЫЙ ЛИМОН НЕГАЗ. 0,5л",249,,90,,,,,,,,,,
Напиток Рич индиан тоник\биттер лимон сильногазированный 1 л,319,,135,,,,,,,,,,
Газированный напиток Эвервесс Биттер Лимон 1 л,239,,80,,,,,,,,,,
"Газированный напиток Старые Добрые Традиции Лимонад ст 0,5 л",159,,40,,,,,,,,,,
"Квас Добрый хлеб фильтрованный пастеризованный 1,5 л",169,,50,,,,,,,,,,
"Чай IceTea Лимон\лесные ягоды\малина 0,5 л",139,,50,,,,,,,,,,
"Минеральная вода Ессентуки Целебная газированная ст 0,5 л",129,,40,,,,,,,,,,
"Нектар Сады Придонья мультифрутовый\яблоко\черешня 0,95 л",399,,209,,,,,,,,,,
Газированный напиток Экспорт Стаил Классик Кола 2 л,299,,100,,,,,,,,,,
,,,,,,,,,,,,,
ЭЛЕКТРОНКИ,новая цена,Наличие,New,,,,,,,,,цена,
бристоль или любой продуктовый/вейпшоп,,,,,,,,,,,,,
Электронная одноразовая система от 2000тяг,3599,,1900,,,,,,,,,1900,
"(дыня, кола, банан, ягодный микс, клубничный коктейль,",,,,,,,,,,,,,
"гуава-маракуйа, малина-арбуз, яблоко, мармелад, манго",,,,,,,,,,,,,
Электронная одноразовая система от 5000тяг,4199,,2500,,,,,,,,,2500,
"(банан, ягодный микс, клубника,маракуйа,яблоко,манго)",,,,,,,,,,,,,
,,,,,,,,,,,,,
СНЭКИ И ДР,новая цена,Наличие,New,,,,,,,,,цена,
ЛУКОВЫЕ КОЛЬЦА СМЕТАНА\СЫР 45г,109,,40,,,,,,,,,99,
Сухарики КИРИЕШКИ ЧИЗБУРГЕР\ОГУРЦЫ\ШАШЛЫК\,119,,50,,,,,,,,,99,
ХОЛОДЕЦ С ХРЕНОМ\ВЕТЧИНА СЫР\СТЕЙК\СЕМГА\ 60г,,,,,,,,,,,,,
Сухарики ХРУСTEAM ЧИАБАТТА ОЛИВКИ\ВЕТЧИНА\,229,,50,,,,,,,,,199,
КРАБ\ТОМАТ\СЫРНОЕ АССОРТИ\СМЕТАНА ЗЕЛЕНЬ 60г ,,,,,,,,,,,,,
Семечки ОТ МАРТИНА ЖАРЕНЫЕ МОРСКАЯ СОЛЬ 100Г,239,,70,,,,,,,,,149,
Чипсы Лэйс Бекон\Краб\Лук/Сменана зелень 90г,249,,100,,,,,,,,,249,
Чипсы Лэйс Бекон\Краб\Лук/Сменана зелень 140г,349,,100,,,,,,,,,349,
Фисташки «ОТЕЦ ОРЕХ» ЖАРЕНЫЕ СОЛЕНЫЕ,449,,220,,,,,,,,,399,
Миндаль «ОТЕЦ ОРЕХ» ЖАРЕНЫЙ 150Г,499,,250,,,,,,,,,349,
Фундук «ОТЕЦ ОРЕХ» ЖАРЕНЫЙ 150Г,529,,260,,,,,,,,,349,
Чипсы соломкой POMSTICKS С СОЛЬЮ\СМЕТАНА 100Г,259,нет,110,,,,,,,,,249,
,,,,,,,,,,,,,
СИГАРЕТЫ И СТИКИ (за пачку),новая цена,Наличие,New,,,,,,,,,цена,закуп
Сигареты LUCKY STRIKE Green,399,,160,,,,,,,,,349,160
Сигареты LUCKY STRIKE XL,419,,170,,,,,,,,,349,170
Сигареты Ротманс Дэми Классик,419,,170,,,,,,,,,349,170
Сигареты Ротманс Грин,419,,170,,,,,,,,,349,170
Сигареты Камелл Желтый,449,,180,,,,,,,,,399,185
Сигареты Камелл Компакт,449,,180,,,,,,,,,349,185
Стики NEO Ванилла\Тобакко\Тропик,469,,190,,,,,,,,,449,190
Стики IQOS Heets Янтарные\Бронзовые\Голд\Грин\Фиол.\Слайт\Самер Бриз,499,,200,,,,,,,,,449,200
Сигареты Винстон ИксСтайл,499,,202,,,,,,,,,399,202
Сигареты Винстон xs blue Тонкие,549,,233,,,,,,,,,449,233
Сигареты Винстон XS компакт блю,549,,233,,,,,,,,,399,233
Сигареты Винстон Рэд,559,,240,,,,,,,,,449,240
Сигареты Винстон Блю,559,,240,,,,,,,,,399,240
Сигареты Винстон Сильвер,559,,240,,,,,,,,,399,240
Сигареты Винстон Классик,559,,240,,,,,,,,,399,240
Сигареты Винстон Вайт,559,,240,,,,,,,,,399,240
Сигареты CHAPMAN БРАУН толстные,589,,255,,,,,,,,,499,255
Сигареты CHAPMAN ВИШНЯ толстные,589,,255,,,,,,,,,499,255
Сигареты Парламент аква блю,619,,279,,,,,,,,,499,279
Сигареты Парламент сильвер блю,629,,279,,,,,,,,,499,279
Сигареты Парламент Платинум Блю,639,,279,,,,,,,,,449,279
Сигареты Парламент One,649,,280,,,,,,,,,499,280
,,,,,,,,,,,,,
"МЯСО, РЫБА И СЫР КОПЧЕНОЕ\НАРЕЗНОЕ",новая цена,Наличие,NEW,,,,,,,,,цена,закуп
Колбаса Микоян сырокопченая 80г,199,,64,,,,,,,,,199,64
Крабовые палочки 200г,249,,85,,,,,,,,,249,85
Сосиски МОЛОЧНЫЕ 290Г,349,,115,,,,,,,,,349,115
Сыр копченый косичка 90г,399,,140,,,,,,,,,399,140
Сервелат 300г,499,,140,,,,,,,,,499,140
Рыба Копченная ПОРТ АРТУР Желтый полосатик\,349,,140,,,,,,,,,349,140
Кольца кальмара\Мясо кальмара сушено-вяленое\ ,349,,140,,,,,,,,,349,140
Кальмар сушеный\Стружка минтая\ 60г,349,,140,,,,,,,,,349,140
"Рыбка сушеная желтый полосатик ""Чистое море""",349,,145,,,,,,,,,349,145
Сыр плавленый HOCHLAND\PRESIDENT 150г,449,,155,,,,,,,,,449,155
Филе сельди\горбуша/скумбрия 200г,399,,200,,,,,,,,,399,200
Кальмар Сухогруз сушеныйм70г,399,,200,,,,,,,,,399,200
Сыр в ассортименте 180г,899,,250,,,,,,,,,899,250
Сыр плавленый VIOLA Чеддер ломтики 140г,899,,250,,,,,,,,,899,250
,,,,,,,,,,,,,
ШОКОЛАД И КОНФЕТЫ,цена,Наличие,закуп,,,,,,,,,,
Набор конфет RAFFAELLO 150Г коробка,800,,350,,,,,,,,,,
Набор конфет Ферреро Роше 125г коробка,800,,350,,,,,,,,,,
"Шоколад Чоко энд Натс молочный с цельным фундуком\с миндалем\белый с цельным фундуком, 200г",600,,259,,,,,,,,,,
"Набор конфет Мерси ассорти, 250 г коробка",800,,350,,,,,,,,,,
"Набор конфет Тоффифе, 125 г коробка",600,,,,,,,,,,,,
Шоколад Милка молочный с карамелью\молочный\ с фундуком\миндаль и лесные ягоды 90г,200,,85,,,,,,,,,,
"Набор конфет ОРЕШКА с цельным фундуком со вкусом сливок, 150 г",500,,120,,,,,,,,,,
"Набор конфет Дав Promises ассорти, 118г, коробка",750,,300,,,,,,,,,,
"Набор конфет Родные Просторы с вафельной крошкой, 180 г",450,,160,,,,,,,,,,
"Шоколад Милка Мммакс Арахис и Карамель, 270 г",850,,400,,,,,,,,,,
"Конфеты А.Коркунов Шоколадная палитра, 143 г коробка",600,,250,,,,,,,,,,
Шоколад Альпен Гольд молочный\молочный Орео\с фундуком\ с черникой и йогуртом 80 г,180,,70,,,,,,,,,,