ОМСК,,,,,,,,,,,,,закуп
ВИНО БЕЛОЕ СУХОЕ,новая цена,Наличие,New,страна,сорт винограда,крепость,,,,,,цена,400
"Вино Айси Цинандали белое сухое 0,75 л",1500,,400,Грузия,Ркацители\Мцване Кахури,"12,5",,,,,,1100,390
"Вино Цинандали Алаверди белое сухое 0,75 л",1740,,530,Грузия,Ркацители\Мцване Кахури,12,,,,,,1300,570
"Вино Калмеда Совиньон Блан-Москатель белое сухое 0,75 л",1850,,590,Чили,Совиньон Блан/Москатель,"12,5",,,,,,1600,590
"Вино Кампо Вента Дон Хуан Тиерра де Кастилья белое сухое 0,75 л",1850,,590,Чили,Совиньон Блан,13,,,,,,1600,600
"Вино Эль Ниньо и Ла Луна Бланко белое сухое 0,75 л",1880,,600,Испания,Совиньон БланМакабео,"11,5",,,,,,1600,480
"Вино Куумба Шардоне белое сухое 0,75 л",1880,,600,ЮАР,Шардоне,13,,,,,,1200,600
Вино Бродлиф Совиньон Блан белое сухое,1960,,650,ЮАР,Совиньон Блан,"12,5",,,,,,1500,630
"Вино жемчужное Кашу Фрешку белое сухое 0,75 л",2000,,670,Португалия,Фернау Пирес,"11,5",,,,,,1600,670
"Вино Оушен Свирл Шардоне белое сухое 0,75 л",2000,,670,ЮАР,Шардоне,"12,5",,,,,,1700,690
"Вино П.В.С.& Б Стеларис Пино Гриджио белое сухое 0,75 л",2030,,690,ЮАР,Пино Гриджио,13,,,,,,1600,690
"Вино Кандиум Вердехо до Руэда белое сухое 0,75 л",2060,,700,Испания,Вердехо,"12,5",,,,,,1700,630
Вино Тенуте Дель Неччио Орвието Классико Умбрия DOC белое сухое,2120,,730,Италия,"Грекетто, Проканико, Шардоне","12,5",,,,,,1600,800
"Вино Адега Май Дори белое сухое 0,75 л",2240,,800,Португалия,Виозиньо\Аринту\Альвариньо\Совиньон Блан,"12,5",,,,,,1800,700
Вино Пьетраме Пино Гриджо Терре ди Кьети Абруццо IGP белое сухое,2300,,830,Италия,Пино Гриджио,"12,5",,,,,,1600,900
"Вино Н Нивариус белое сухое 0,75 л",2430,,900,Испания,Темпранильо Бланко,"13,5",,,,,,1900,970
Вино Маркес Де Касерес Бланко белое сухое 0.75,2600,,990,Испания,Виура/Макабео,12,,,,,,2000,1030
"Вино Ла Форшетьер Совиньон Блан белое сухое 0,75 л",2680,,1030,Франция,Совиньон Блан,"11,5",,,,,,2100,1350
"Вино Пино Гриджио Делле Венецие Арнази белое сухое 0,75 л",3270,,1350,Италия,Пино Гриджио,"12,5",,,,,,2400,1500
"Вино Терра Норте ДО Риас Байшас белое сухое 0,75 л",3550,,1500,Испания,Альбариньо,"13,5",,,,,,2500,470
Вино Трамонтана Сицилия белое сухое,,нет,490,Италия,Треббьяно,11,,,,,,1000,490
"Вино Ошторошбор Иршаи Оливер белое сухое 0,75 л",,нет,нет,Венгрия,Иршаи Оливер,"11,5",,,,,,1600,530
"Вино Кинта Дель Дуке Бланко белое сухое 0,75 л",,нет,нет,Испания,Айрен,11,,,,,,1500,1500
"Вино Маркези Спинола Гави Биолоджико DOCG белое сухое 0,75 л",,нет,нет,Италия,Кортезе,"12,5",,,,,,2500,
,,,,,,,,,,,,,закуп
ВИНО БЕЛОЕ ПОЛУСЛАДКОЕ,новая цена,Наличие,New,страна,сорт винограда,крепость,,,,,,цена,390
"Вино Алазанская Долина Алаверди белое полусладкое 0,75 л",1680,,500,Грузия,Ркацители\Кахури Мцване,13,,,,,,1400,550
"Вино Рио Рика Москато белое полусладкое 0,75 л",1780,,550,Чили,Москато,12,,,,,,1500,490
"Виное полусладкое 0,75 л",1810,,570,Грузия,Ркацители,"10,5",,,,,,1399,600
"Вино Энгельшайн Либлих белое полусладкое 0,75 л",1980,,660,Германия,Айрен\Треббьяно\Макабео,"9,5",,,,,,1600,650
"Вино Пиккола Джойа Мальвазия Рубиконе ИГТ белое полусладкое 0,75 л",2120,,730,Италия,Мальвазия,9,,,,,,1500,700
"Вино Молоко Любимой Женщины белое полусладкое 0,75 л",2120,,730,Германия,Мюллер-Тургау\Рислинг\Сильванер\Кёрнер,"9,5",,,,,,1700,830
Вино Лизард Рислинг бел.п/сл,2300,,830,Германия,Рислинг,11,,,,,,1800,1000
Вино Маркес Де Касерес Сантинела Риоха DOC белое полусладкое,2610,,1000,Испания,"Мальвазия, Виура/Макабео",11.5,,,,,,2000,350
Вино Трамонтана Сицилия белое полусладкое,,нет,490,Италия,Треббьяно,"10,5",,,,,,1000,400
"Вино Tabla Алазанская Долина белое полусладкое 0,75 л",,нет,нет,Грузия,Ркацители\Цоликоури,"11,5",,,,,,1400,
,,,,,,,,,,,,,закуп
ВИНО БЕЛОЕ ПОЛУСУХОЕ,новая цена,Наличие,New,страна,сорт винограда,крепость,,,,,,цена,500
"Вино Терра де Оро Шардоне белое полусухое 0,75 л",1680,,500,Чили,Шардоне,13,,,,,,1500,570
"Вино Вилла Анна Пино Гриджио белое полусухое 0,75 л",1960,,650,Италия,Пино Гриджио,12,,,,,,1500,670
Вино Маре Альта Винью Верде DOC белое полусухое,2120,,730,Португалия,"Аринто/Падерна, Лоурейро",10,,,,,,1600,730
"Вино Т'Аспетто Пекорино Терре ди Кьети белое полусухое 0,75 л",2120,мало,730,Италия,Пекорино,12,,,,,,1799,830
Вино Лизард Рислинг Трокен белое полусухое,2300,,830,Германия,Рислинг,12,,,,,,1700,790
"Вино Вейнцунфт Рислинг Мозель белое полусухое 0,75 л",2340,,850,Германия,Рислинг,12,,,,,,1799,930
"Вино Примо Фиоре Фамозо белое полусухое 0,75 л",2480,,930,Италия,Фамозо,"12,5",,,,,,1900,970
"Вино Зибенштейн Совиньон Блан Пфальц белое полусухое 0,75 л",2570,,970,Германия,Совиньон Блан,"12,5",,,,,,1900,970
"Вино Зибенштейн Рислинг Пфальц белое полусухое 0,75 л",2600,,990,Германия,Рислинг,12,,,,,,1900,1030
Вино Макуту Бей Совиньон Блан белое полусухое ,2890,,1150,Новая Зеландия,Совиньон Блан,12,,,,,,2100,
,,,,,,,,,,,,,закуп
ВИНО РОЗОВОЕ СУХОЕ,новая цена,Наличие,New,страна,сорт винограда,крепость,,,,,,цена,600
"Вино Бродлиф Совиньон Блан розовое сухое 0,75 л",1960,,650,ЮАР,Совиньон Блан\Пино Нуар,"12,5",,,,,,1700,830
"Вино Розато Тоскана Тенуте Россетти розовое сухое 0,75 л",2300,,830,Италия,Санджовезе\Мерло,"12,5",,,,,,1900,500
"Вино Кампо Вента Дон Хуан Тиерра де Кастилья розовое сухое 0,75 л",,нет,нет,Испания,Бобаль,12,,,,,,1500,550
"Вино жемчужное Кашу Фрешку розовое сухое 0,75 л",,нет,нет,Португалия,Арагонеш\Каштелау,"11,5",,,,,,1600,
,,,,,,,,,,,,,закуп
ВИНО РОЗОВОЕ ПОЛУСУХОЕ,новая цена,Наличие,New,страна,сорт винограда,крепость,,,,,,цена,
"Вино Бриза ду Мар Винью Верде DOC розовое полусухое 0,75 л",1960,,650,Португалия,Виньяу\Амарал\Боррасал,10,,,,,,1600,670
"Вино Маре Альта Винью Верде розовое полусухое 0,75 л",2120,,730,Португалия,Виньаон\Боррасал\Эшпадейро,10,,,,,,1700,770
"Вино Галеоне Примитиво Мерло Розе Апулия розовое полусухое 0,75 л",2370,,870,Италия,Примитиво/Мерло,"12,5",,,,,,1900,
,,,,,,,,,,,,,закуп
ВИНО КРАСНОЕ СУХОЕ,новая цена,Наличие,New,страна,сорт винограда,крепость,,,,,,цена,270
"Вино Саперави красное сухое 0,75 л",1270,,280,Россия,Саперави,11,,,,,,1200,420
"Вино Кинта дель Дуке Виньо Тинто красное сухое 0,75 л",1740,,530,Испания,Темпранильо,11,,,,,,1300,650
"Вино Терраш де Монсараш красное сухое 0,75 л",1960,,650,Португалия,Тринкадейра\Арагонеш\Кастелао,"13,5",,,,,,1700,600
"Вино Сол де Плата Мальбек красное сухое 0,75 л",2000,,670,Аргентина,Мальбек,"13,5",,,,,,1500,690
"Вино Марселино Риоха красное сухое 0,75 л",2030,,690,Испания,Темпранильо,"13,5",,,,,,1600,640
"Вино Саперави Бадагони красное сухое 0,75 л",2090,,720,Грузия,Саперави,13,,,,,,1400,790
"Вино Марселино Риоха Крианза красное сухое 0,75 л",2230,,790,Испания,Темпранильо,"12,5",,,,,,1900,790
"Вино Тенуте Дель Неччио Кьянти красное сухое 0,75 л",2240,,800,Италия,"Санджовезе, Мальвазия Нера, Чильеджоло",13,,,,,,1700,800
"Вино Ультимо Бастион Бобаль Гарнача Крианца красное сухое 0,75 л",2240,,800,Испания,Бобаль\Гарнача,"12,5",,,,,,1800,890
"Вино Марселино Ресерва Риоха ДОКа красное сухое 0,75 л",2410,,890,Испания,Темпранильо,"13,5",,,,,,2000,970
"Вино Бариста Пинотаж красное сухое 0,75 л",2610,,1000,ЮАР,Пинотаж,13,,,,,,2100,1350
"Вино Сеньорио Де Ла Ералта Гран Резерва красное сухое 0,75 л",3270,,1350,Испания,Темпранильо,"13,5",,,,,,2300,1370
Вино Маркес Де Касерес Крианса красное сухое 0.75,3310,,1370,Испания,Темпранильо/Гарнача/Грасиано,14,,,,,,2500,1450
"Вино Патриа Чика красное сухое 0,75 л",3450,,1450,Испания,Темпранильо\Гарнача\Мерло\Каберне Совиньон,"14,5",,,,,,2500,700
Вино Трамонтана Апулия красное сухое,,нет,490,Италия,Санджовезе,11,,,,,,1000,530
"Вино Мирла Бэй Пино Нуар красное сухое 0,75 л",,нет,нет,Чили,Пино Нуар,"12,5",,,,,,1700,790
"Вино Тенуте Дель Неччио Кьянти Ризерва красное сухое 0,75 л",,нет,нет,Италия,Санджовезе,"12,5",,,,,,1800,нет в наличии
"Вино Бардолино Валлезелле Пьеве Сан Вито красное сухое 0,75 л",,нет,нет,Италия,Корвина\Рондинелла\Молинара\Неграра,13,,,,,,2200,
,,,,,,,,,,,,,закуп
ВИНО КРАСНОЕ ПОЛУСЛАДКОЕ,новая цена,Наличие,New,страна,сорт винограда,крепость,,,,,,цена,470
"Вино Блэк Бёрд Вестерн Кейп Во красное полусладкое 0,75 л",1630,,470,ЮАР,Пинотаж,"13,5",,,,,,1500,420
"Вино Кахури Гвинис Марани Алазанская Долина белое полусладкое 0,75 л",1670,,490,Грузия,Ркацители,12,,,,,,1300,400
"Вино Мукузани Кахури Гвинис Марани красное сухое 0,75 л !",1750,,540,Грузия,Саперави,12,,,,,,1700,550
"Вино Рио Рика Ред Бленд красное полусладкое 0,75 л",1780,,550,Чили,Каберне Совиньон\Карменер\Шираз,"12,5",,,,,,1600,550
"Вино Музаради Алазанская Долина белое полусладкое 0,75 л",1780,,550,Грузия,Ркацители\Белые сорта винограда,"12,5",,,,,,1400,550
"Вино Музаради Киндзмараули красное полусладкое 0,75 л",1780,,550,Грузия,Саперави,11,,,,,,1400,550
"Вино Кахури Киндзмараули красное полусладкое 0,75 л",1890,,610,Грузия,Саперави,12,,,,,,1700,650
"Вино Киндзмараули Шалвино красное полусладкое 0,75 л",2120,,730,Грузия,Саперави,12,,,,,,1900,750
"Вино Киндзмараули Бадагони красное полусладкое 0,75 л",2370,,870,Грузия,Саперави,11,,,,,,2000,750
"Вино Киндзмараули Виниверия красное полусладкое 0,75 л",2810,,1100,Грузия,Саперави,12,,,,,,2100,500
Вино Трамонтана Апулия красное полусладкое,,нет,490,Италия,Санджовезе,"10,5",,,,,,1000,390
"Вино Tabla Киндзмараули красное полусладкое 0,75 л",,нет,нет,Грузия,Саперави,"11,5",,,,,,1500,
,,,,,,,,,,,,,закуп
ВИНО КРАСНОЕ ПОЛУСУХОЕ,новая цена,Наличие,New,страна,сорт винограда,крепость,,,,,,цена,430
"Вино Пиросмани Кахури Гвинис Марани красное полусухое 0,75 л",1600,,450,Грузия,Саперави,"11,5",,,,,,1100,670
"Вино Пьетраме Монтепульчано Д`Абруццо красное полусухое 0,75 л",2000,,670,Италия,Монтепульчано,13,,,,,,1600,750
"Вино Бастиони Делла Рокка Аппассименто красное полусухое 0,75 л",2150,,750,Италия,Примитиво\Негроамаро,15,,,,,,1700,670
"Вино Фортецца деи Колли Негроамаро красное полусухое 0,75 л",2190,,770,Италия,Негроамаро,13,,,,,,1500,730
"Вино Фортецца Деи Колли Примитиво красное полусухое 0,75 л",2240,,800,Италия,Примитиво,"13,5",,,,,,1500,890
"Вино Виллакьяра Неро Д`Авола Сицилия ДОП красное полусухое 0,75 л",2410,,890,Италия,Неро д'Авола,13,,,,,,1900,790
"Вино Пьетраме Монтепульчано Д`Абруццо Лимитата кр.полусух 0,75 л",2430,,900,Италия,Монтепульчано,13,,,,,,1800,870
"Вино Эпикуро Примитиво красное полусухое 0,75 л",2480,,930,Италия,Примитиво,14,,,,,,1900,930
"Вино Примо Фиоре Ува Лонганези красное полусухое 0,75 л",2480,,930,Италия,Ува Лонганези,"13,5",,,,,,1900,970
"Вино Пино Нуар Лесс Зибенштейн красное полусухое 0,75 л",2570,,970,Германия,Пино Нуар,"12,5",,,,,,2000,1000
"Вино Баррелая красное полусухое 0,75 л",2610,,1000,Италия,Мерло\Каберне Совиньон\Сира/Шираз\Санджовезе,"13,5",,,,,,2100,970
"Вино Кьянти Ризерва красное полусухое 0,75 л",2750,,1070,Италия,Санджовезе\Мерло,13,,,,,,2000,1150
"Вино Орапьена Монтепульчано д'Абруццо Ризерва красное полусухое 0,75 л",3090,,1250,Италия,Монтепульчано,"13,5",,,,,,2200,1300
"Вино Неро ди Тройя красное полусухое 0,75 л",3170,,1300,Италия,Неро ди Троя,15,,,,,,2200,1330
"Вино Сузуманьелло Гран Аппассо красное полусухое 0,75 л",3230,,1330,Италия,Сузуманьелло,"14,5",,,,,,2300,1500
Вино ВайНот?! IGP красное полусухое,3550,,1500,Италия,Зинфандель,15,,,,,,2500,880
"Вино Кот де Сомме Пино Нуар красное полусухое 0,75 л",,нет,нет,Франция,Пино Нуар,14,,,,,,1800,нет в наличии
"Вино Спенсер Бэй Пинотаж красное полусухое 0,75 л",,нет,нет,ЮАР,Пинотаж,"13,5",,,,,,1400,нет в наличии
"Вино Кальдора Санджовезе Мерло красное полусухое 0,75 л",,нет,нет,Италия,Санджовезе\Мерло,"13,5",,,,,,1500,
,,,,,,,,,,,,,
ПОРТВЕЙН,новая цена,Наличие,New,страна,сорт винограда,крепость,,,,,,,
"Вино ликерное ПОРТВЕЙН Красный Гурзуф крепкое красное 0,75 л",1670,,490,Россия,Бастардо\Магарачский\Каберне Совиньон\Саперави,17,,,,,,,
"Вино ликерное Портвейн белый Гурзуф Крым крепкое белое 0,75 л",1750,,540,Россия,Кокур\Первенец Магарача\Шардоне\Алиготе\Ркацители\Мускат\Италия\Мускат Янтарный,17,,,,,,,
"Вино ликерное Массандра Портвейн Белый Крымский 0,75 л",2190,,770,Россия,Кокур\Ркацители\Алиготе,"17,5",,,,,,,
"Портвейн Гравураш ду Коа Порто Руби красный сладкий 0,75 л",2610,,1000,Португалия,Турига Франка\Тинта Баррока\Тинта Амарела\Тинта Рориш,19,,,,,,,
,,,,,,,,,,,,,
"ВОДКА 0,5л",новая цена,Наличие,New,,,,,,,,,цена,340
"Водка Зимняя деревенька на солодовом спирте 0,5",1550,бристоль,430,,,,,,,,,1100,379
"Водка ТАЛКА 40% 0,5Л",1500,,400,,,,,,,,,1299,390
"Водка Тундра Аутентик 0,5",1570,,440,,,,,,,,,1100,380
"Водка ХАСКИ АРКТИК АЙС 40% 0,5Л",1630,,470,,,,,,,,,1349,450
"Водка Русский Стандарт Голд 0,5",1680,,500,,,,,,,,,1200,430
"Водка Белая Березка 0,5",1780,,550,,,,,,,,,1200,490
"Водка виноградная Найт Габриелло Граппа Нобиле 0,5 л",2710,,1050,,,,,,,,,1800,900
"Водка Чистые росы 0,5 ",2990,бристоль,1200,,,,,,,,,2500,1150
"Водка Белуга Нобл 0,5 л",4110,кб ,1800,,,,,,,,,2300,1350
,,,,,,,,,,,,,
"ВОДКА 0,7л",новая цена,Наличие,New,,,,,,,,,цена,340
"Водка Зимняя Деревенька на солодовом спирте  0,7",1810,,570,,,,,,,,,1300,460
"Водка Пять Озер 0,7",1910,,620,,,,,,,,,1200,460
"Водка Тундра Аутентик 0,7",1880,,600,,,,,,,,,1300,490
"Водка ХАСКИ 40% 0,7Л",1960,,650,,,,,,,,,1599,590
"Водка Белая Березка  0,7",2150,,750,,,,,,,,,1300,620
"Водка Дикий мед классика туба 0,7 л",2060,,700,,,,,,,,,1699,620
"Водка Русский Стандарт  0,7",2060,,700,,,,,,,,,1400,749
"Водка Белуга Трансатлантик Рейсинг 0,7 л",3920,,1700,,,,,,,,,2700,1100
"Водка Онегин 0,7 л",3170,,1300,,,,,,,,,3199,1150
"Водка Чистые росы 0,7 ",4110,,1800,,,,,,,,,2700,1700
"Водка Суммум 0,7 л",4110,,1800,,,,,,,,,3000,14000
"Водка ФИНЛЯНДИЯ 40% 0,7Л",4110,,1800,,,,,,,,,2900,
"Водка Грей Гуз 0,7 л",7280,кб ,3500,,,,,,,,,4999,нет в наличии
"Водка АБСОЛЮТ 40% 0,7Л ",,нет,нет,,,,,,,,,3000,
,,,,,,,,,,,,,
ВОДКА 1л,новая цена,Наличие,New,,,,,,,,,цена,340
Водка Зимняя Деревенька на солодовом спирте 1л,2240,бристоль,800,,,,,,,,,1500,830
Водка Русский Стандарт 1л,2470,,920,,,,,,,,,1600,760
Водка Белая Березка 1Л,2520,,950,,,,,,,,,1500,1050
Водка Медведь 1 л,2780,,1090,,,,,,,,,1800,970
,,,,,,,,,,,,,
"ВИСКИ 0,5л",новая цена,Наличие,New,,,,,,,,,цена,490
"Напиток спиртной зерновой купажированный Нобл Стаг Спайсд 0,5 л",1740,,530,,,,,,,,,1400,490
"Виски купажированный шотландский Нобл Стаг яблоко 0,5 л",1740,,530,,,,,,,,,1599,600
"Виски купажированный шотландский Нобл Стаг 0,5 л",1960,,650,,,,,,,,,1599,770
"Виски Наки Томпсон 3 года купажированный 0,5",2320,,840,,,,,,,,,1500,750
"Виски шотландский ВИЛЬЯМ ЛОУСОНС 40% 0,5Л",2610,,1000,,,,,,,,,1700,1150
"Виски Вильям Лоусонс Супер Спайсд купажир. 0,5 л",2610,,1000,,,,,,,,,2000,1050
"Виски бурбон ДЖИМ БИМ 4 ГОДА БЕЛ. ЭТИК. 40% 0,5Л ",5230,,2400,,,,,,,,,2900,2399
"Виски МАКАЛЛАН ТРИПЛ КАСК 12 ЛЕТ ОДНОСОЛОД. 40% П/УП. 0,5Л",,нет,нет,,,,,,,,,13000,6900
,,,,,,,,,,,,,
"ВИСКИ 0,7л",новая цена,Наличие,New,,,,,,,,,цена,490
"Виски купажированный шотландский Нобл Стаг 3 года 0,7 л",2410,,890,,,,,,,,,1500,690
"Виски Наки Томпсон 3 года купажированный 0,7",2810,,1100,,,,,,,,,1700,1140
"Виски купажированный шотландский Сир Эдвардс 0,7 л",2990,,1200,,,,,,,,,2499,840
"Виски шотландский ВИЛЬЯМ ЛОУСОНС 40% 0,7Л",3170,,1300,,,,,,,,,1900,1250
"Виски Вильям Лоусонс Супер Спайсд выдержка 3 года 0,7 л",3170,,1300,,,,,,,,,2400,1490
"Виски Дюарс Уайт Лейбл 3 года 0,7 л",3730,,1600,,,,,,,,,2799,1500
"Виски зерновой БУРБОН ДЖИМ БИМ 40% 0,7Л",4110,,1800,,,,,,,,,3100,1890
"Виски Дюарс Португиз Смуз 8 лет шотландский купажированный 0,7 л",4300,,1900,,,,,,,,,3399,1450
"Виски Баллантайнс Файнест 0,7Л ",4480,,2000,,,,,,,,,3700,1900
"Виски Джонни Уокер Рэд Лейбл 0,7 л",4860,,2200,,,,,,,,,2699,2999
"Виски Джим Бим Эппл 0,7 л",5030,,2290,,,,,,,,,3399,1890
"Спиртной напиток на основе виски ДЖЕМЕСОН АПЕЛЬСИН 30% 0,7Л",5040,,2300,,,,,,,,,3200,2100
"Виски купажированный Инаизуми п/к 0,7 л",5420,,2500,,,,,,,,,5399,2600
"Спиртной напиток ДЖЕК ДЭНИЕЛС ТЕННЕССИ ХАНИ ЛИКЕР 35% 0,7Л",5600,бристоль,2600,,,,,,,,,3999,1890
Виски Теннесси Джек Дениел`с 0.7 л,6150,,2900,,,,,,,,,3000,2600
"Виски зерновой ДЖЕК ДЭНИЕЛС ТЭННЕССИ ВИСКИ 40% 0,7Л",6150,,2900,,,,,,,,,3800,2890
"Нап.спиртной Джим Бим Пич 0,7 л",6150,,2900,,,,,,,,,3399,2600
"Спиртной напиток ДЖЕК ДЭНИЕЛС ТЕННЕССИ яблоко 35% 0,7Л",6280,,2960,,,,,,,,,3999,3000
"Виски Гранжстоун бурбон каск финиш п/к 0,7 л",6350,,3000,,,,,,,,,5999,2800
"Виски ДЖИМ БИМ РЭД СТАГ БЛЭК ЧЕРРИ 4 ГОДА  0,7Л",6350,,3000,,,,,,,,,3399,2030
"Виски ирландский купажированный ДЖЕМЕСОН 40% 0,7Л ",6350,,3000,,,,,,,,,3600,2500
"Виски шотл. купаж. ДЖОННИ УОКЕР БЛЭК ЛЕЙБЛ 12 ЛЕТ 40% (П/УП./) 0,7",6730,бристоль,3200,,,,,,,,,5499,3450
"Виски Дюарс Спешиал Резерв 12 лет шотландский купажированный 0,7 л",8020,,3900,,,,,,,,,5299,2690
"Виски купажированный ХАТОЗАКИ 3 ГОДА 40% 0,7Л ",8220,бристоль,4000,,,,,,,,,4100,3299
"Виски шотландский купажированный ЧИВАС РИГАЛ 12 ЛЕТ П/УП. 0,7Л",8220,,4000,,,,,,,,,5700,6400
"Виски Аберлауэр не менее 12 лет п/к 0,7 л",13250,,6700,,,,,,,,,9500,8500
"Виски шотландский ЧИВАС РИГАЛ 18 ЛЕТ 40% П/УП. 0,7Л",16610,,8500,,,,,,,,,12000,10700
"Виски шотландский МАКАЛЛАН ДАБЛ КАСК 12 ЛЕТ П/УП. 0,7Л",25000,,13000,,,,,,,,,14500,1300
Виски ирланский Поугс оригинальный (черный) 0.7л,,нет,1900,,,,,,,,,3299,1600
"Виски Балвэни Даблвуд 12 лет п/к 0,7 л",,нет,нет,,,,,,,,,11999,6900
"Виски Чивас Ригал 15 лет шотландский купажированный 0,75 л",,нет,нет,,,,,,,,,10999,6300
"Виски шотландский МАКАЛЛАН ДАБЛ КАСК ГОЛД 3 ГОДА  П/УП. 0,7Л",,нет,нет,,,,,,,,,14000,нет в наличии
Виски ирланский Поугс фруктовая мята и лайм (красный) 0.7л,,нет,нет,,,,,,,,,3000,нет в наличии
Виски ирланский Поугс медовый (оранжевый) 0.7л,,нет,нет,,,,,,,,,3200,нет в наличии
"Виски шотландский МАКАЛЛАН ДАБЛ КАСК 15 ЛЕТ П/УП. 0,7Л",,нет,нет,,,,,,,,,19000,
,,,,,,,,,,,,,
ВИСКИ 1л,новая цена,Наличие,New,,,,,,,,,цена,490
Виски Джонни Уоккер Ред Лейбл 1л,5230,мало,2400,,,,,,,,,3100,2100
Виски Джим Бим 1 л,6350,,3000,,,,,,,,,4000,2999
Виски Теннесси Джек Дениел`с 1 л,8220,,4000,,,,,,,,,3900,3499
Виски шотландский купажированный ЧИВАС РИГАЛ 12 ЛЕТ П/УП.1,,нет,нет,,,,,,,,,6800,6000
,,,,,,,,,,,,,
"КОНЬЯК 0,5л",новая цена,Наличие,New,,,,,,,,,цена,560
"Коньяк ординарный Армянский Коньяк 5 лет 0,5 л",1980,,660,,,,,,,,,1200,540
Бренди Кизлярский Молодой 0.5л,2060,,700,,,,,,,,,1499,650
"Коньяк Кочари 5 лет 0,5",2060,,700,,,,,,,,,1400,560
"Коньяк Фазерс Олд Баррель не менее 5 лет 0,5 л",2090,бристоль,720,,,,,,,,,1300,650
"Коньяк Фанагория 5 лет 0,5 л",2150,,750,,,,,,,,,1300,750
"Коньяк Старейшина 5 лет 0,5",2270,,820,,,,,,,,,1500,700
"Коньяк Армянский Кочари 7 лет подарочный п/к 0,5",2300,,830,,,,,,,,,1600,900
Коньяк Старейшина 7 лет 0.5,2610,,1000,,,,,,,,,1900,900
"Коньяк Ной Традиционный 5 лет 0,5",2610,,1000,,,,,,,,,1700,1200
"Коньяк армянский Торум 10 лет туба 0,5 л",2990,,1200,,,,,,,,,2299,1290
Бренди Торрес 10 лет Гран Резерва 0.5 ,3370,,1400,,,,,,,,,2200,1300
"Коньяк Асканели ВС 5 лет п/к 0,5 л",3370,,1400,,,,,,,,,2599,1430
"Коньяк Армянский Арарат 5 лет п/к 0,5",3410,,1430,,,,,,,,,2000,1700
"Коньяк Дю Бюиссон VS п/к 0,5 л",3920,,1700,,,,,,,,,3499,1700
"Коньяк Арарат АНИ КВ п/к 0,5 л",4110,,1800,,,,,,,,,3499,1900
"Коньяк Рулле ВС Де Люкс ординарный трехлетний п/к 0,5 л",5040,,2300,,,,,,,,,3999,2700
"Коньяк Арарат Ахтамар 10 лет п/к 0,5 л",7090,,3400,,,,,,,,,5199,4400
Коньяк А.де Фуссиньи ХО п/к 0.5,15670,,8000,,,,,,,,,9999,17000
"Коньяк КУРВУАЗЬЕ ВСОП 40% П/УП. 0,5Л",,нет,нет,,,,,,,,,6000,нет в наличии
"Коньяк КУРВУАЗЬЕ ВС 40% 0,5Л",,нет,нет,,,,,,,,,5500,нет в наличии
,,,,,,,,,,,,,
"КОНЬЯК 0,7л",новая цена,Наличие,New,,,,,,,,,цена,560
"Коньяк Асканели ВСОП 7 лет п/к 0,7 л",4110,,1800,,,,,,,,,3499,1700
"Бренди Семболь Националь ХО 0,7 л",4480,,2000,,,,,,,,,3399,2100
"Бренди Делор Фрер V.S.O.P п/к 0,7 л",5790,,2700,,,,,,,,,5199,2750
"Коньяк КУРВУАЗЬЕ ВС 40% П/УП. 0,7Л ",9510,,4700,,,,,,,,,6800,
"Коньяк КУРВУАЗЬЕ ВСОП 40% П/УП. 0,7Л ",11940,,6000,,,,,,,,,8000,7050
"Коньяк Курвуазье ХО п/к 0,7 л",39920,,21000,,,,,,,,,24999,нет в наличии
"Коньяк ординарный МАРТЕЛЬ ВС 3 ГОДА 40% 0,7Л",,нет,5000,,,,,,,,,6800,5300
"Коньяк Хеннеси ВСОП п/к 0,7 л ",,нет,9000,,,,,,,,,10500,4000
"Коньяк КУРВУАЗЬЕ ФОНТЕНБЛО КАСКС 3 ГОДА 40% П/УП. 0,7Л",,нет,нет,,,,,,,,,7499,
"Коньяк Мартель XO Экстра Олд п/к 0,7 л",,нет,нет,,,,,,,,,24499,нет в наличии
"Коньяк КУРВУАЗЬЕ ФОНТЕНБЛО 40% П/УП. 0,7",,нет,нет,,,,,,,,,8000,нет в наличии
"Коньяк Хеннеси ВС п/к 0,7 л ",,нет,нет,,,,,,,,,7200,нет в наличии
"Коньяк Хеннеси ХO п/к 0,35 л ",,нет,нет,,,,,,,,,17000,нет в наличии
"Коньяк Реми Мартан ХO  п/к 0,7 л ",,нет,нет,,,,,,,,,24000,
,,,,,,,,,,,,,
РОМ 0.5л,новая цена,Наличие,New,,,,,,,,,цена,закуп
"Ром Капитан Жан Лафитт дарк 0,5 л",1780,,550,,,,,,,,,,
"Напиток спиртной на основе рома Оакхарт Ориджинал Бакарди 0,5 ",2430,,900,,,,,,,,,1700,1000
,,,,,,,,,,,,,
"РОМ 0,7л",новая цена,Наличие,New,,,,,,,,,цена,650
"Ром Мама Джама Блэк выдержанный 0,7 л",2000,,670,,,,,,,,,1599,799
"Спиртной напиток ромовый КУЛ СКЕЛЕТОН КОКОС 37,5% 0,7Л",2060,"кб,бристоль",700,,,,,,,,,,
"Спиртной напиток ромовый КУЛ СКЕЛЕТОН МАНГО МАРАКУЙЯ 37,5% 0,7Л",2060,"кб,бристоль",700,,,,,,,,,,
"Ром Блэк Пирл Уайт 0,7 л",2610,,1000,,,,,,,,,1900,1000
"Ром Блэк Пирл Дарк 0,7 л",2610,,1000,,,,,,,,,1900,1100
"Набор Оакхарт Ориджинал Спайс Голд+2 банки Rich Cola 0,7 л",2810,мало,1100,,,,,,,,,2699,1000
"Напиток спиртной на основе рома Оакхарт Ориджинал Бакарди 0,7 ",2990,,1200,,,,,,,,,1900,1200
"Ром выдержанный Сангсом в п/к 0,7 л",3170,,1300,,,,,,,,,2399,890
"Напиток на осн. рома КАПИТАН МОРГАН ПРЯНЫЙ ЗОЛОТОЙ 35% 0,7Л",3550,мало,1500,,,,,,,,,2600,
"Ром выдержанный БАРСЕЛО АНЬЕХО 37,5% 0,5Л ",3650,,1550,,,,,,,,,2200,2000
"Ром Бругал Аньехо Супериор 0,7 л",5040,,2300,,,,,,,,,4499,2500
"Ром Ботран №8 Ризерва Классика 40% п/к 0,7 л",5600,,2600,,,,,,,,,,2900
Контрабандо 5 лет 0.7л,6150,,2900,,,,,,,,,3799,
"Ром Закапа Юбилейный 23 года п/к 0,7 л",13810,,7000,,,,,,,,,8900,10000
"Ром Закапа XO п/к 0,7 л",21280,,11000,,,,,,,,,12500,нет в наличии
Гавана Клуб Аньехо 3 года 0.7л,5420,нет,2500,,,,,,,,,3499,
"Ром невыдержанный ПЛАНТЕЙШН ТРИ ЗВЕЗДЫ 41,2% 0,7Л",,нет в наличии,нет,,,,,,,,,2500,нет в наличии
"Ром выдержанный БАРСЕЛО ДОРАДО 37,5-40% 0,7Л",,нет в наличии,нет,,,,,,,,,2400,
,,,,,,,,,,,,,закуп
ТЕКИЛА,новая цена,Наличие,New,,,,,,,,,цена,400
"Коктейль Альта Коста Сильвер с текилой 0,5 л",1570,,440,,,,,,,,,1299,1200
"Текила ИНДИАНА СИЛЬВЕР 33-35% 0,7Л",3550,бристоль,1500,,,,,,,,,2200,2599
"Текила ХОСЕ КУЭРВО ЗОЛОТАЯ ЭСПЕСИАЛЬ РЕПОСАДО 38% 0,5Л",5600,,2600,,,,,,,,,3500,3000
"Текила Эсполон Репосадо 0,75 л",6350,,3000,,,,,,,,,4000,2999
"Текила ЭСПОЛОН БЛАНКО 40% 0,75Л",6350,,3000,,,,,,,,,4000,1000
"Текила Ла Тременда 0,7 л",,нет,нет,,,,,,,,,2499,
Спиртной напиток ТЕКИЛА ГОЛД ЛА МИСЬОН ДЕЛЬ СИГЛО 21,,нет,нет,,,,,,,,,2700,нет в наличии
"Текила Пелигро Катрина Сильвер 0,7 л",,нет,нет,,,,,,,,,2200,нет в налияии
"Текила Сауза Голд 0,7 л",,нет,нет,,,,,,,,,3700,
,,,,,,,,,,,,,закуп
ДЖИН,новая цена,Наличие,New,,,,,,,,,цена,350
"Джин Фримен 40% 0,5л.",1400,,350,,,,,,,,,1199,350
"Джин Фримен Пинк 40% 0,5л.",1430,,360,,,,,,,,,1199,600
"Джин БРИСТОЛЛС 40% 0,5Л",1880,бристоль,600,,,,,,,,,1400,769
"Джин БРИСТОЛЛС 40% 0,7Л",2190,бристоль,770,,,,,,,,,1600,850
Джин Гиббсонс 0.7л,3550,бристоль,1500,,,,,,,,,1600,1900
"Джин ГОРДОНС 37,5% СУХ. 0,7Л",4480,,2000,,,,,,,,,2900,2000
"Спиртной напиток на основе джина ГОРДОНС ПИНК 37,5% 0,7Л",5790,нет в наличии,2700,,,,,,,,,3000,1100
"Джин ПИКИ БЛАЙНДЕР СПАЙС ДРАЙ 40% 0,7Л",,нет в наличии,нет,,,,,,,,,1800,
,,,,,,,,,,,,,закуп
ЛИКЕР,новая цена,Наличие,New,,,,,,,,,цена,290
"Ликер Лимончелло Сан Ламаджо 0,5 л",1290,,290,,,,,,,,,1299,300
"Ликер Мариба Рио сливки с ароматом ванили 0,5 л",1400,,350,,,,,,,,,1299,300
"Ликер Мариба Рио сливки с ароматом шоколада 0,5 л",1400,,350,,,,,,,,,1299,330
"Ликер Самбука Эрнальди Классик 0,5 л",1400,,350,,,,,,,,,1399,420
"Настойка Абсент Фримен горькая 0,5 л",1680,,500,,,,,,,,,1599,700
"Ликер Найт Габриелло Амаретто 0,5 л",2060,,700,,,,,,,,,1899,1200
"Настойка Абсент Абсолвент горькая 0,5 л",2990,,1200,,,,,,,,,2499,нет в наличии
"Спиртной напиток десертный АПЕРОЛЬ 11% СЛ. 0,7Л",4110,,1800,,,,,,,,,2800,2000
"Ликер Куантро крепкий 0,7 л",4480,,2000,,,,,,,,,2700,1700
"Ликер десертный КАМПАРИ 25% 0,75Л",4480,,2000,,,,,,,,,2800,1700
"Ликер десертный ЯГЕРМАЙСТЕР 35% 0,7Л",4480,,2000,,,,,,,,,3100,1600
Ликер Baileys Original 0.7 л,5040,,2300,,,,,,,,,3499,нет в наличии
"Ликер МОЦАРТ ШОКОЛАДНЫЙ 17% 0,5Л",,нет,1650,,,,,,,,,2200,1500
"Ликер десертный ЛИМОНЧЕЛЛО 18% 0,5Л",,нет в наличии,нет,,,,,,,,,1100,нет в наличии
"Ликер десертный ЛОРЕНЦО ГАСПАРИНИ ЛИМОНЧЕЛЛО 30% 0,5Л",,нет в наличии,нет,,,,,,,,,1300,нет в наличии
"Ликер десертный ЗЕ ВАЙЛД ГИС ИРЛАНДСКИЙ МЕД 35% 0,7Л",,нет в наличии,нет,,,,,,,,,2100,нет в наличии
"Ликер крепкий ЛОРЕНЦО ГАСПАРИНИ САМБУКА 40% 0,5Л",,нет в наличии,нет,,,,,,,,,1300,
,,,,,,,,,,,,,закуп
"ПРОСЕККО, БРЮТ",новая цена,Наличие,New,страна,сорт винограда,крепость,,,,,,цена,130
"Вино игристое Villa Amalia белое брют 0,33 л (от 5шт)",990,,130,Россия,Ркацители\Подарок Магарача,"10,5",,,,,,300,240
"Вино игристое Российское Премиум белое брют 0,75 л",1200,,240,Россия,Белые сорта винограда,11,,,,,,1100,350
Вино игристое Шато Тамань РОЗОВОЕ брют 0.75,1440,,370,Россия,Пино Блан/Мюллер/Мускат/Саперави,"12,5",,,,,,1200,350
"Газ. винный напиток Мартини Розато  8,5% роз. п\сл, ж/б 0,25 л (от 3шт)",1500,,400,Италия,,,,,,,,800,350
"Газ. винный напиток Мартини Секко белый полусухой  8,5%  ж/б 0,25 л (от 3шт)",1500,,400,Италия,,,,,,,,800,350
"Газ. винный напиток МАРТИНИ СЕМИ ДОЛЬЧЕ 8,5% БЕЛ. СЛ. Ж/Б 0,25Л (от 3шт)",1500,,400,Италия,,,,,,,,800,450
"Вино игристое Российское Фанагория белое брют 0,75 л",1600,,450,Россия,Шардоне/Алиготе/Пино Нуар/Рислинг,12,,,,,,1200,440
"Вино игристое ШАТО ШУГО 10,5-11,5% РОЗ. П/СУХ. 0,75Л",1740,бристоль,530,Россия,,"10,5",,,,,,1299,570
"Вино игристое Брюле Cuvee белое брют 0,75 л",1880,,600,Россия,Шардоне\Пино Нуар\Мерло,12,,,,,,1499,570
"Вино игристое Шато Тамань Сюр Ли белое экстра брют 0,75 л",1920,,630,Россия,Шардоне\Алиготе,11,,,,,,1499,600
"Вино игристое ВёВ Албан белое брют 0,75 л",1960,,650,Франция,Айрен,11,,,,,,1600,630
"Вино игристое Вёв Албан розовое брют 0,75 л",2060,,700,Россия,Айрен,"11,5",,,,,,1500,670
"Вино игристое Проссимо спуманте белое брют 0,75 л",2230,,790,Италия,Гарганега,11,,,,,,1700,730
"Вино игристое Кава Арте Латино розовое брют 0,75 л",2270,,820,Испания,Трепат\Пино Нуар,"11,5",,,,,,1600,800
"Вино игристое Альборес Ундуррага Брют 0,75 л",2300,,830,Чили,Шардоне\Совиньон Блан\Сира/Шираз,12,,,,,,1599,800
"Вино игристое Альборес Ундуррага белое полусухое 0,75 л",2300,,830,Чили,Шардоне\Совиньон Блан\Сира/Шираз,12,,,,,,1599,920
"Вино игристое Кава Доменек Винтаж белое экстра брют 0,75 л",2610,,1000,Италия,Примитиво\Негроамаро,15,,,,,,1999,1250
"Вино игристое Корте дей Рови Просекко Экстра Драй DOC белое сухое 0,75 л",3090,,1250,Италия,Глера/Просекко,11,,,,,,2100,1190
Вино игристое Мартини Брют бел.брют,3170,,1300,Италия,"Треббьяно, Шардоне","11,5",,,,,,2000,1300
"Вино игристое Карлос Серрес Риоха ДОК белое брют 0,75 л",3170,,1300,Испания,Виура/Макабео\Шардоне\Темпранильо Бланко,12,,,,,,2699,1350
"Вино игристое Креман де Луар Домен д`Аврийе белое брют 0,75 л",3270,,1350,Франция,Шардоне\Пино Нуар\Шенен Блан,11,,,,,,3000,1300
"Вино игристое БИО БИО БАББЛС 11% БЕЛ. БРЮТ 0,75Л",3550,бристоль,1500,Италия,"Инзолия, Гарганега",11,,,,,,2399,1190
Игристое вино Просекко Мартини белое сухое,3730,,1600,Италия,Глера/Просекко,"11,5",,,,,,2100,1100
Вино игристое Мондоро Просекко защ.геогр.ук.бел.сух,4300,,1900,Италия,Глера/Просекко,11,,,,,,2300,2500
"Вино игристое Кюве ДиПи Традишн Давид Порэ белое брют 0,75 л",5420,,2500,Франция,Шардоне/Пино Нуар/Пино Менье,"12,5",,,,,,3900,5000
"Вино игристое Шампань Де Корветте Премье Крю белое брют 0,75 л",10080,,5000,Франция,Шардоне/Пино Нуар/Пино Менье,"12,5",,,,,,6999,7800
"Вино игристое Вдова Клико Понсардин белое брют 0,75 л",15300,,7800,Франция,Шардоне\Пино Нуар\Пино Менье,12,,,,,,12999,7000
"Вино игристое выдержанное Моэт и Шандон Империаль белое брют 0,75 л",16050,,8200,Франция,Шардоне/Пино Нуар/Пино Менье,12,,,,,,9000,500
"Вино игристое Шато Тамань белое брют п/к 0,75 л",,,нет,Россия,Пино Белый\Бианка\Алиготе\Шардоне\Рислинг,10,,,,,,1399,820
"Вино игристое Мьяцци Риболла Джалла белое брют 0,75 л",,нет,нет,Италия,Риболла Джалла,11,,,,,,1799,400
"Вино игристое Вальпьяна Миллезимато Экстра Драй белое брют 0,75 л",,нет,нет,Италия,Глера,11,,,,,,1700,
,,,,,,,,,,,,,закуп
АСТИ,новая цена,Наличие,New,страна,сорт винограда,крепость,,,,,,цена,240
"Вино игристое Российское Премиум белое полусладкое 0,75 л",1200,,240,Россия,Белые сорта винограда,12,,,,,,1000,280
"Вино игристое Советское Шампанское белое полусладкое 0,75 л",1300,бристоль,300,Россия,Шардоне/Совиньон Блан/Алиготе/Рислинг/Кокур,11,,,,,,1000,500
"Вино игристое Массимо Висконти Ламбруско белое сладкое 0,75 л",1880,,600,Италия,Ламбруско,"7,5",,,,,,1500,900
"Вино игристое Исси Мальвазия Спуманте белое сладкое 0,75 л",2600,,990,Италия,Мальвазия/Мускат,7,,,,,,1800,990
"Вино игристое Атто Примо Асти белое сладкое 0,75 л",2610,,1000,Италия,Мускат,"7,5",,,,,,2000,880
Вино игристое Сант Орсола Асти DOCG белое сладкое,2610,,1000,Италия,Мускат,7,,,,,,1800,1190
Вино игристое Чинзано Асти DOCG бел.сл,3370,,1400,Италия,Мускат,7,,,,,,1900,1290
Игристое вино Мартини Асти Пьемонт бел.сл,3550,,1500,Италия,Мускат,"7,5",,,,,,2100,1470
Вино игристое Мондоро Асти DOCG бел.сл,4020,,1750,Италия,Мускат,"7,5",,,,,,2300,200
Напиток винный газ. Ламбруско Розато п/сл 0.75,,нет,нет,Россия,,8,,,,,,1000,250
Напиток винный газ. Ламбруско Бьянко п/сл 0.75,,нет,нет,Россия,,8,,,,,,1000,нет в наличии
"Вино игристое Линда Донна Асти DOCG белое сладкое 0,75 л",,нет,нет,Италия,Мускат,"7,5",,,,,,1700,нет в наличии
"Вино игристое Фальдео Асти DOCG белое сладкое 0,75 л",,нет,нет,Италия,Мускат,7,,,,,,1600,
,,,,,,,,,,,,,закуп
ВЕРМУТ,новая цена,Наличие,New,,,,,,,,,цена,790
"Вермут Каза Позитано Бьянко белый сладкий 0,75 л",2230,,790,,,,,,,,,1400,790
"Вермут Мартини Бьянко белый сладкий 0,5 л",2300,,830,,,,,,,,,1600,899
"Вермут Чинзано Бьянко белый сладкий 0,5 л",2430,,900,,,,,,,,,1600,1000
"Вермут Мартини Экстра Драй белый сухой 0,75 л",2990,,1200,,,,,,,,,1900,1050
"Вермут Мартини Бьянко белый сладкий 0,75 л",2990,,1200,,,,,,,,,1900,1100
"Вермут Мартини Фиеро сладкий 0,75 л (бристоль)",2990,,1200,,,,,,,,,1900,1100
Вермут ЧИНЗАНО БЬЯНКО 15% БЕЛ. СЛ. 1Л (бристоль),3370,бристоль,1400,,,,,,,,,2000,
,,,,,,,,,,,,,закуп
ПИВО,новая цена,Наличие,New,,,,,,,,,цена,50
"Пиво Жигули Барное светлое ст 0,31 л",199,,57,,,,,,,,,,
"пиво Рижское светлое ст 0,45 л",199,,55,,,,,,,,,,
"Пиво Белорусское светлое фильтрованное пастеризованное ст 0,5 л",199,,67,,,,,,,,,,
"Сидр Мистер Лис Яблоко ж/б 0,43 л",209,,64,,,,,,,,,,
"Пиво БАЛТИКА КЛАССИЧЕСКОЕ №3 СВЕТЛ. ФИЛЬТР. ПАСТЕР. СТ/Б 0,5Л",209,,64,,,,,,,,,,
"Пиво КРУШОВИЦЕ СВЕТЛ. ФИЛЬТР. ПАСТЕР. Ж/Б 0,43Л",219,,70,,,,,,,,,,
"Пиво СТАРЫЙ МЕЛЬНИК ИЗ БОЧОНКА МЯГКОЕ СВЕТЛ. ФИЛЬТР. ПАСТЕР. СТ/Б 0,45Л",229,,70,,,,,,,,,,
"Пивной напиток СТАРЫЙ МЕЛЬНИК ИЗ БОЧОНКА БАРХАТНОЕ ТЕМН. ФИЛЬТР. ПАСТЕР. СТ/Б 0,45Л",229,,70,,,,,,,,,,
"Пиво LOWENBRAU ОРИГИНАЛЬНОЕ СВЕТЛ. ФИЛЬТР. ПАСТЕР. Ж/Б 0,45Л",229,,68,,,,,,,,,,
"Пивной напиток KRONE BLANCHE BIERE СВЕТЛ. НЕФИЛЬТР. ПАСТЕР. СТ/Б 0,45Л",239,,90,,,,,,,,,,
"Сидр Бон Сезон ст 0,4 л",239,,90,,,,,,,,,,
жигулевское,149,,50,,,,,,,,,150,80
"Эсса(Дыня-клубника,Кокос-манго,Ананас-грейпфрут)",249,,70,,,,,,,,,250,90
Козел светлое/темное,239,,80,,,,,,,,,200,80
Хугарден,249,,89,,,,,,,,,250,110
шпатен (кб\магнит\лента),299,,115,,,,,,,,,300,135
корона (лента),349,,130,,,,,,,,,350,75
Пиво Bud 0.5 л (стяжка 4шт),999,,370,,,,,,,,,799,85
"Пиво Стелла Артуа светлое ст 0,44 л (стяжка 4шт)",1199,(Кб/лента) ,430,,,,,,,,,1199,нет в наличии
"Пиво Хопфендорф Шварцбир темное ж/б 0,5 л",нет,нет,80,,,,,,,,,200,
чешское,219,нет,70,,,,,,,,,200,70
"Пиво Хоп Райдер Уит Пэйл Эль светлое ж/б 0,33 л",229,нет,80,,,,,,,,,200,70
"Пиво Хоп Райдер Экстра Стаут темное ж/б 0,33 л",229,нет,80,,,,,,,,,200,80
"Пиво Белджиан Крон Лагер светлое ж/б 0,5 л",249,нет,80,,,,,,,,,250,80
"Пиво Евротур Шварц темное фильтрованное пастеризованное ж/б 0,5 л",239,нет,80,,,,,,,,,200,80
,,,,,,,,,,,,,
ПИВО 1л и больше,новая цена,Наличие,New,,,,,,,,,цена,
"Пиво СТАРЫЙ МЕЛЬНИК ИЗ БОЧОНКА МЯГКОЕ СВ.ФИ. 0,9Л",279,,109,,,,,,,,,250,
"Пиво ЖИГУЛЕВСКОЕ ТРАДИЦИОННОЕСВЕТЛ. ФИЛЬТР. 1,2Л",279,,110,,,,,,,,,250,
"Пиво Рижское светлое ПЭТ 1,3 л",299,,120,,,,,,,,,200,
"Пиво БЕЛЫЙ МЕДВЕДЬ СВЕТЛ. ФИЛЬТР. ПАСТЕР. ПЭТ 1,15Л",359,,140,,,,,,,,,300,
"Пиво Австрийское светлое ПЭТ 1,5 л",369,,150,,,,,,,,,300,
"Пиво Живая Варка светлое ПЭТ 1,5 л",379,,150,,,,,,,,,300,
"Пиво Пшеничное мягкое ПЭТ 1,5 л",389,,150,,,,,,,,,300,
"Пиво CARLSBERG СВЕТЛ. ФИЛЬТР. ПАСТЕР. ПЭТ 1,35Л",399,,150,,,,,,,,,300,
Разливное светлое фильтрованное 1л,429,120,140,,,,,,,,,400,
Разливное светлое нефильтрованное 1л,429,120,140,,,,,,,,,400,
Разливое темное 1л,449,130,130,,,,,,,,,450,
"Пиво TUBORG GREEN СВЕТЛ. ФИЛЬТР. ПАСТЕР. ПЭТ 1,35Л",439,,170,,,,,,,,,350,
"Пиво ГЁССЕР СВЕТЛ. ФИЛЬТР. ПАСТЕР. ПЭТ 1,2Л",469,,180,,,,,,,,,300,
"Пиво Nord Land Beer светлое крепкое фильтрованное 1,2 л",нет,,нет,,,,,,,,,250,
,,,,,,,,,,,,,
НАПИТКИ Б\А,новая цена,наличие,закуп,,,,,,,,,,
Вода Аква Минерале газированная 2 л,169,,70,,,,,,,,,,
Вода Аква Минерале негаз 2 л,169,,70,,,,,,,,,,
"Минеральная вода Заветный родник негазированная 1,5 л",149,,50,,,,,,,,,,
"Вода Аква Люкс газ 1,5 л",149,,50,,,,,,,,,,
Вода минеральная Аш Тау Скважина 6К газированная 1 л,99,,35,,,,,,,,,,
Напиток ДОБРЫЙ КОЛА ГАЗ.  1Л,299,,100,,,,,,,,,,
Сок RICH ВИШНЯ 1Л,389,,180,,,,,,,,,,
Сок RICH ТОМАТ 1Л,349,,160,,,,,,,,,,
Сок RICH АПЕЛЬСИН\АНАНАС\ГРЕЙПФРУТ 1Л,399,,190,,,,,,,,,,
Сок Сады Придонья томатный с солью с мякотью\яблоко 1 л,339,,150,,,,,,,,,,
"Напиток НАТАХТАРИ ГРУША\ФЕЙХОА\САПЕРАВИ СТ/Б 0,5Л",299,,108,,,,,,,,,,
"Напиток LIPTON ЗЕЛЕНЫЙ ЧАЙ\ЧЕРНЫЙ ЛИМОН НЕГАЗ. 0,5л",249,,90,,,,,,,,,,
Напиток Рич индиан тоник\биттер лимон сильногазированный 1 л,319,,135,,,,,,,,,,
Газированный напиток Эвервесс Биттер Лимон 1 л,239,,80,,,,,,,,,,
"Газированный напиток Старые Добрые Традиции Лимонад ст 0,5 л",159,,40,,,,,,,,,,
"Квас Добрый хлеб фильтрованный пастеризованный 1,5 л",169,,50,,,,,,,,,,
"Чай IceTea Лимон\лесные ягоды\малина 0,5 л",139,,50,,,,,,,,,,
"Минеральная вода Ессентуки Целебная газированная ст 0,5 л",129,,40,,,,,,,,,,
"Нектар Сады Придонья мультифрутовый\яблоко\черешня 0,95 л",399,,209,,,,,,,,,,
Газированный напиток Экспорт Стаил Классик Кола 2 л,299,,100,,,,,,,,,,
,,,,,,,,,,,,,
ЭЛЕКТРОНКИ,новая цена,Наличие,New,,,,,,,,,цена,
бристоль или любой продуктовый/вейпшоп,,,,,,,,,,,,,
Электронная одноразовая система от 2000тяг,3599,,1900,,,,,,,,,1600,
"(дыня, кола, банан, ягодный микс, клубничный коктейль,",,,,,,,,,,,,,
"гуава-маракуйа, малина-арбуз, яблоко, мармелад, манго",,,,,,,,,,,,,
Электронная одноразовая система от 5000тяг,4199,,2500,,,,,,,,,2900,
"(банан, ягодный микс, клубника,маракуйа,яблоко,манго)",,,,,,,,,,,,,
,,,,,,,,,,,,,закуп
СНЭКИ И ДР,новая цена,Наличие,New,,,,,,,,,цена,40
ЛУКОВЫЕ КОЛЬЦА СМЕТАНА\СЫР 45г,109,,,,,,,,,,,100,40
Сухарики КИРИЕШКИ ЧИЗБУРГЕР\ОГУРЦЫ\ШАШЛЫК\,119,,,,,,,,,,,100,
ХОЛОДЕЦ С ХРЕНОМ\ВЕТЧИНА СЫР\СТЕЙК\СЕМГА\ 60г,,,,,,,,,,,,,50
Семечки ОТ МАРТИНА ЖАРЕНЫЕ МОРСКАЯ СОЛЬ 100Г,199,,,,,,,,,,,150,50
Сухарики ХРУСTEAM ЧИАБАТТА ОЛИВКИ\ВЕТЧИНА\,229,,,,,,,,,,,200,
КРАБ\ТОМАТ\СЫРНОЕ АССОРТИ\СМЕТАНА ЗЕЛЕНЬ 60г ,,,,,,,,,,,,,80
Колбаски Дымчики сырокопченые оригинальные 70 г,279,,,,,,,,,,,240,90
Колбаски Кабанос сырокопченые куриные 70 г,289,,,,,,,,,,,250,90
Чипсы Лэйс Бекон\Краб\Лук/Сменана зелень 90г,339,,,,,,,,,,,250,150
Чипсы Лэйс Бекон\Краб\Лук/Сменана зелень 140г,379,,,,,,,,,,,350,220
Фисташки «ОТЕЦ ОРЕХ» ЖАРЕНЫЕ СОЛЕНЫЕ,449,,,,,,,,,,,400,220
Миндаль «ОТЕЦ ОРЕХ» ЖАРЕНЫЙ 150Г,479,,,,,,,,,,,350,250
Фундук «ОТЕЦ ОРЕХ» ЖАРЕНЫЙ 150Г,489,,,,,,,,,,,350,
Чипсы соломкой POMSTICKS С СОЛЬЮ\СМЕТАНА 100Г,329,нет,нет,,,,,,,,,250,100
,,,,,,,,,,,,,закуп
СИГАРЕТЫ И СТИКИ (за пачку),новая цена,Наличие,New,,,,,,,,,цена,159
Сигареты LUCKY STRIKE Green,399,,159,,,,,,,,,350,159
Сигареты Ротманс Грин,399,,159,,,,,,,,,350,170
Сигареты Ротманс Дэми Классик,419,,170,,,,,,,,,350,180
Сигареты Камелл Желтый,449,,180,,,,,,,,,400,180
Сигареты Камелл Компакт,449,,180,,,,,,,,,350,190
Стики NEO Ванилла\Тобакко\Тропик,469,,190,,,,,,,,,450,190
Сигареты LUCKY STRIKE XL,469,,190,,,,,,,,,350,200
Стики IQOS Heets Янтарные\Бронзовые\Голд\Грин\Фиол.\Слайт\Самер Бриз,499,,200,,,,,,,,,450,200
Сигареты Винстон Вайт,499,,200,,,,,,,,,400,202
Сигареты Винстон ИксСтайл,499,,202,,,,,,,,,400,223
Сигареты Винстон xs blue Тонкие,509,,223,,,,,,,,,450,230
Сигареты Винстон XS компакт блю,539,,230,,,,,,,,,400,230
Сигареты Винстон Рэд,539,,230,,,,,,,,,450,230
Сигареты Винстон Блю,539,,230,,,,,,,,,400,230
Сигареты Парламент Платинум Блю,539,,230,,,,,,,,,450,233
Сигареты Винстон Сильвер,539,,233,,,,,,,,,400,240
Сигареты Винстон Классик,549,,240,,,,,,,,,400,279
Сигареты Парламент аква блю,559,,279,,,,,,,,,500,279
Сигареты Парламент сильвер блю,619,,279,,,,,,,,,500,279
Сигареты Парламент One,629,,279,,,,,,,,,500,
,,,,,,,,,,,,,закуп
"МЯСО, РЫБА И СЫР КОПЧЕНОЕ\НАРЕЗНОЕ",новая цена,Наличие,NEW,,,,,,,,,цена,64
Колбаса Микоян сырокопченая 80г,199,,64,,,,,,,,,199,85
Крабовые палочки 200г,249,,85,,,,,,,,,249,115
Сосиски МОЛОЧНЫЕ 290Г,349,,115,,,,,,,,,349,140
Сыр копченый косичка 90г,399,,140,,,,,,,,,399,140
Рыба Копченная ПОРТ АРТУР Желтый полосатик\,349,,140,,,,,,,,,349,140
Кольца кальмара\Мясо кальмара сушено-вяленое\ ,349,,140,,,,,,,,,349,140
Кальмар сушеный\Стружка минтая\ 60г,349,,140,,,,,,,,,349,145
"Рыбка сушеная желтый полосатик ""Чистое море""",349,,145,,,,,,,,,349,200
Филе сельди\горбуша/скумбрия 200г,399,,200,,,,,,,,,399,200
Кальмар Сухогруз сушеныйм70г,399,,200,,,,,,,,,399,155
Сыр плавленый HOCHLAND\PRESIDENT 150г,449,,155,,,,,,,,,449,140
Сервелат 300г,499,,140,,,,,,,,,499,250
Сыр в ассортименте 180г,899,,250,,,,,,,,,899,250
Сыр плавленый VIOLA Чеддер ломтики 140г,899,,250,,,,,,,,,899,
,,,,,,,,,,,,,
ШОКОЛАД И КОНФЕТЫ,цена,наличие,закуп,,,,,,,,,,
Набор конфет RAFFAELLO 150Г коробка,800,,350,,,,,,,,,,
Набор конфет Ферреро Роше 125г коробка,800,,350,,,,,,,,,,
"Шоколад Чоко энд Натс молочный с цельным фундуком\с миндалем\белый с цельным фундуком, 200г",600,,259,,,,,,,,,,
"Набор конфет Мерси ассорти, 250 г коробка",800,,350,,,,,,,,,,
"Набор конфет Тоффифе, 125 г коробка",600,,,,,,,,,,,,
Шоколад Милка молочный с карамелью\молочный\ с фундуком\миндаль и лесные ягоды 90г,200,,85,,,,,,,,,,
"Набор конфет ОРЕШКА с цельным фундуком со вкусом сливок, 150 г",500,,120,,,,,,,,,,
"Набор конфет Дав Promises ассорти, 118г, коробка",750,,300,,,,,,,,,,
"Набор конфет Родные Просторы с вафельной крошкой, 180 г",450,,160,,,,,,,,,,
"Шоколад Милка Мммакс Арахис и Карамель, 270 г",850,,400,,,,,,,,,,
"Конфеты А.Коркунов Шоколадная палитра, 143 г коробка",600,,250,,,,,,,,,,
Шоколад Альпен Гольд молочный\молочный Орео\с фундуком\ с черникой и йогуртом 80 г,180,,70,,,,,,,,,,