Екатеринбург,,,,,,,,,,,,,
ВИНО БЕЛОЕ СУХОЕ,новая цена,Наличие,New,страна,сорт винограда,крепость,,,,,,цена,закуп
"Вино Айси Цинандали белое сухое 0,75 л",1590,,500,Грузия,Ркацители\Мцване Кахури,"12,5",,,,,,1100,400
"Вино Цинандали Алаверди белое сухое 0,75 л",1600,,500,Грузия,Ркацители\Мцване Кахури,"12,5",,,,,,1200,470
"Вино Калмеда Совиньон Блан-Москатель белое сухое 0,75 л",1720,,570,Чили,Совиньон Блан\Москатель,"12,5",,,,,,1600,500
"Вино Куумба Шардоне белое сухое 0,75 л",1770,,600,ЮАР,Уни Блан/Совиньон Блан/Айрен,13,,,,,,1200,400
Вино Бродлиф Совиньон Блан белое сухое,1820,,630,ЮАР,Совиньон Блан,"12,5",,,,,,1500,550
"Вино Оушен Свирл Шардоне белое сухое 0,75 л",1860,,650,ЮАР,Шардоне,"12,5",,,,,,1700,650
"Вино Тенуте Дель Неччио Орвието Классико белое сухое 0,75 л",1950,,700,Италия,"Грекетто, Проканико, Шардоне","12,5",,,,,,1600,680
Вино Пьетраме Пино Гриджо Терре ди Кьети Абруццо IGP белое сухое,2120,,800,Италия,Пино Гриджио,"12,5",,,,,,1600,690
"Вино Универсале белое полусухое 0,75 л",2220,,850,Италия,Грилло\Совиньон\Верментино,"13,5",,,,,,1900,850
"Вино Н Нивариус белое сухое 0,75 л",2310,,900,Испания,Темпранильо Бланко,13,,,,,,1900,900
Вино Маркес Де Касерес Бланко белое сухое 0.75,2440,,970,Испания,Виура/Макабео,12.5,,,,,,1900,950
"Вино Ла Форшетьер Совиньон Блан белое сухое 0,75 л",2490,,1000,Франция,Совиньон Блан,"11,5",,,,,,2000,860
"Вино Терра Норте ДО Риас Байшас белое сухое 0,75 л",3390,,1500,Испания,Альбариньо,"13,5",,,,,,2500,1490
Вино Трамонтана Сицилия белое сухое,,нет,490,Италия,Треббьяно,11,,,,,,1000,370
Вино Санта Лус Альба Совиньон Блан Центральная долина белое сухое,,нет,нет,Чили,Совиньон Блан,12,,,,,,1600,740
"Вино Маркези Спинола Гави Биолоджико DOCG белое сухое 0,75 л",,нет,нет,Италия,Кортезе,"12,5",,,,,,2500,1500
"Вино Ошторошбор Иршаи Оливер белое сухое 0,75 л",,нет,нет,Венгрия,Иршаи Оливер,11.5,,,,,,1400,500
,,,,,,,,,,,,,
ВИНО БЕЛОЕ ПОЛУСЛАДКОЕ,новая цена,Наличие,New,страна,сорт винограда,крепость,,,,,,цена,закуп
"Вино Алазанская Долина Алаверди белое полусладкое 0,75 л",1580,,490,Грузия,Ркацители\Кахури Мцване,13,,,,,,1200,400
"Вино Бадагони Алазанская Долина белое полусладкое 0,75 л",1660,,540,Грузия,Ркацители,"10,5",,,,,,1399,470
"Вино Энгельшайн Либлих белое полусладкое 0,75 л",1810,,620,Германия,Айрен\Треббьяно\Макабео,"9,5",,,,,,1500,600
"Вино Пиккола Джойа Мальвазия Рубиконе ИГТ белое полусладкое 0,75 л",1950,,700,Италия,Маливазия,9,,,,,,1500,650
Вино Лизард Рислинг бел.п/сл,2210,,840,Германия,Рислинг,11,,,,,,1600,840
"Вино Блэк Бёрд Вестерн Кейп Во белое полусладкое 0,75 л",2310,,900,ЮАР,Шенен Блан,"11,5",,,,,,1600,900
Вино Маркес Де Касерес Сантинела Риоха DOC белое полусладкое,2490,,1000,Испания,"Мальвазия, Виура/Макабео",11.5,,,,,,1900,1000
Вино Трамонтана Сицилия белое полусладкое,,нет,490,Италия,Треббьяно,"10,5",,,,,,1000,390
"Вино Tabla Алазанская Долина белое полусладкое 0,75 л",,нет,нет,Грузия,Ркацители\Цоликоури,"11,5",,,,,,1400,370
Вино Санта Лус Альба Москато Центральная долина белое полусладкое,,нет,нет,Чили,Москато,12,,,,,,1600,750
,,,,,,,,,,,,,
ВИНО БЕЛОЕ ПОЛУСУХОЕ,новая цена,Наличие,New,страна,сорт винограда,крепость,,,,,,цена,закуп
"Вино Терра де Оро Шардоне белое полусухое 0,75 л",1590,,500,Чили,Шардоне,13,,,,,,1500,500
"Вино Вилла Анна Пино Гриджио белое полусухое 0,75 л",1860,,650,Италия,Пино Гриджио,12,,,,,,1500,600
Вино Маре Альта Винью Верде DOC белое полусухое,1930,,690,Португалия,"Аринто/Падерна, Лоурейро",10,,,,,,1600,670
"Вино Вейнцунфт Рислинг Мозель белое полусухое 0,75 л",2120,,800,Германия,Рислинг,12,,,,,,1700,790
Вино Лизард Рислинг Трокен белое полусухое,2180,,830,Германия,Рислинг,12,,,,,,1700,830
"Вино Примо Фиоре Фамозо белое полусухое 0,75 л",2360,,930,Италия,Фамозо,"12,5",,,,,,1900,930
"Вино Зибенштейн Рислинг Пфальц белое полусухое 0,75 л",2440,,970,Германия,Рислинг,12,,,,,,1900,970
"Вино Зибенштейн Совиньон Блан Пфальц белое полусухое 0,75 л",2500,,970,Германия,Совиньон Блан,"12,5",,,,,,1900,970
Вино Макуту Бей Совиньон Блан белое полусухое ,2750,,1150,Новая Зеландия,Совиньон Блан,12,,,,,,2100,1020
,,,,,,,,,,,,,
ВИНО РОЗОВОЕ СУХОЕ,новая цена,Наличие,New,страна,сорт винограда,крепость,,,,,,цена,закуп
"Вино Бродлиф Совиньон Блан розовое сухое 0,75 л",1890,,670,ЮАР,Совиньон Блан\Пино Нуар,"12,5",,,,,,1700,670
"Вино Розато Тоскана Тенуте Россетти розовое сухое 0,75 л",2120,,800,Италия,Санджовезе\Мерло,"12,5",,,,,,1900,770
"Вино жемчужное Кашу Фрешку розовое сухое 0,75 л",,нет в наличии,580,Португалия,Арагонеш\Каштелау,"11,5",,,,,,1600,580
"Вино Кампо Вента Дон Хуан Тиерра де Кастилья розовое сухое 0,75 л",,нет в наличии,630,Испания,Бобаль,12,,,,,,1500,630
,,,,,,,,,,,,,
ВИНО РОЗОВОЕ ПОЛУСУХОЕ,новая цена,Наличие,New,страна,сорт винограда,крепость,,,,,,цена,закуп
"Вино Бриза ду Мар Винью Верде DOC розовое полусухое 0,75 л",1860,,650,Португалия,Виньяу\Амарал\Боррасал,10,,,,,,1600,590
"Вино Маре Альта Винью Верде розовое полусухое 0,75 л",1930,,690,Португалия,Виньаон\Боррасал\Эшпадейро,10,,,,,,1700,670
"Вино Галеоне Примитиво Мерло Розе Апулия розовое полусухое 0,75 л",2120,,800,Италия,Примитиво/Мерло,"12,5",,,,,,1900,770
,,,,,,,,,,,,,
ВИНО КРАСНОЕ СУХОЕ,новая цена,Наличие,New,страна,сорт винограда,крепость,,,,,,цена,закуп
"Вино Саперави красное сухое 0,75 л",1140,,250,Россия,Саперави,11,,,,,,1200,250
"Вино Кинта дель Дуке Виньо Тинто красное сухое 0,75 л",1590,,500,Испания,Темпранильо,11,,,,,,1300,490
"Вино Сол де Плата Мальбек красное сухое 0,75 л",1860,,650,Аргентина,Мальбек,"13,5",,,,,,1500,650
"Вино Марселино Риоха красное сухое 0,75 л",1890,,670,Испания,Темпранильо,"13,5",,,,,,1600,650
"Вино Саперави Бадагони красное сухое 0,75 л",1980,,720,Грузия,Саперави,13,,,,,,1400,590
"Вино Терраш де Монсараш красное сухое 0,75 л",2080,,770,Португалия,Тринкадейра\Арагонеш\Кастелао,"13,5",,,,,,1800,770
"Вино Марселино Риоха Крианза красное сухое 0,75 л",2100,,770,Испания,Темпранильо,"12,5",,,,,,1900,800
"Вино Тенуте Дель Неччио Кьянти красное сухое 0,75 л",2120,,800,Италия,"Санджовезе, Мальвазия Нера, Чильеджоло",13,,,,,,1700,700
"Вино Ультимо Бастион Бобаль Гарнача Крианца красное сухое 0,75 л",2200,,800,Испания,Бобаль\Гарнача,"12,5",,,,,,1800,770
"Вино Марселино Ресерва Риоха ДОКа красное сухое 0,75 л",2250,,870,Испания,Темпранильо,"13,5",,,,,,2000,800
"Вино Бариста Пинотаж красное сухое 0,75 л",2490,,1000,ЮАР,Пинотаж,13,,,,,,2100,850
"Вино Сеньорио Де Ла Ералта Гран Резерва красное сухое 0,75 л",3020,,1300,Испания,Темпранильо,"13,5",,,,,,2300,1300
Вино Маркес Де Касерес Крианса красное сухое 0.75,3120,,1350,Испания,Темпранильо/Гарнача/Грасиано,14,,,,,,2500,1350
"Вино Патриа Чика красное сухое 0,75 л",3210,,1400,Испания,Темпранильо\Гарнача\Мерло\Каберне Совиньон,"14,5",,,,,,2500,1400
"Вино Мирла Бэй Пино Нуар красное сухое 0,75 л",,нет,нет,Чили,Пино Нуар,"12,5",,,,,,1700,670
"Вино Тенуте Дель Неччио Кьянти Ризерва красное сухое 0,75 л",,нет,нет,Италия,Санджовезе,"12,5",,,,,,1800,630
Вино Трамонтана Апулия красное сухое,,нет,490,Италия,Санджовезе,11,,,,,,1000,400
"Вино Бардолино Валлезелле Пьеве Сан Вито красное сухое 0,75 л",,нет,нет,Италия,Корвина\Рондинелла\Молинара\Неграра,13,,,,,,2200,1450
,,,,,,,,,,,,,
ВИНО КРАСНОЕ ПОЛУСЛАДКОЕ,новая цена,Наличие,New,страна,сорт винограда,крепость,,,,,,цена,закуп
"Вино Кахури Гвинис Марани Алазанская Долина белое полусладкое 0,75 л",1510,,450,Грузия,Ркацители,12,,,,,,1300,350
"Вино Блэк Бёрд Вестерн Кейп Во красное полусладкое 0,75 л",1550,,450,ЮАР,Пинотаж,"13,5",,,,,,1500,450
"Вино Музаради Алазанская Долина белое полусладкое 0,75 л",1580,,490,Грузия,Ркацители\Белые сорта винограда,"12,5",,,,,,1400,400
"Вино Музаради Киндзмараули красное полусладкое 0,75 л",1600,,490,Грузия,Саперави,11,,,,,,1400,400
"Вино Мукузани Кахури Гвинис Марани красное сухое 0,75 л",1650,,530,Грузия,Саперави,12,,,,,,1700,450
"Вино Рио Рика Ред Бленд красное полусладкое 0,75 л",1680,,550,Чили,Каберне Совиньон\Карменер\Шираз,"12,5",,,,,,1600,550
"Вино Кахури Киндзмараули красное полусладкое 0,75 л",1750,,590,Грузия,Саперави,12,,,,,,1700,590
"Вино Киндзмараули Шалвино красное полусладкое 0,75 л",1930,,690,Грузия,Саперави,12,,,,,,1900,630
"Вино Киндзмараули Бадагони красное полусладкое 0,75 л",2210,,840,Грузия,Саперави,11,,,,,,2000,690
"Вино Киндзмараули Виниверия красное полусладкое 0,75 л",2670,,1100,Грузия,Саперави,12,,,,,,2100,1000
"Вино Tabla Киндзмараули красное полусладкое 0,75 л",,нет в наличии,500,Грузия,Саперави,"11,5",,,,,,1500,500
Вино Трамонтана Апулия красное полусладкое,,нет,490,Италия,Санджовезе,"10,5",,,,,,1000,450
,,,,,,,,,,,,,
ВИНО КРАСНОЕ ПОЛУСУХОЕ,новая цена,Наличие,New,страна,сорт винограда,крепость,,,,,,цена,закуп
"Вино Пиросмани Кахури Гвинис Марани красное полусухое 0,75 л",1680,,550,Грузия,Саперави,"11,5",,,,,,1100,500
"Вино Фортецца деи Колли Негроамаро красное полусухое 0,75 л",2010,,730,Италия,Негроамаро,13,,,,,,1500,700
"Вино Пьетраме Монтепульчано Д`Абруццо красное полусухое 0,75 л",2050,,730,Италия,Монтепульчано,13,,,,,,1600,730
"Вино Бастиони Делла Рокка Аппассименто красное полусухое 0,75 л",2070,,730,Италия,Примитиво\Негроамаро,15,,,,,,1700,730
"Вино Фортецца Деи Колли Примитиво красное полусухое 0,75 л",2080,,770,Италия,Примитиво,"13,5",,,,,,1500,650
"Вино Виллакьяра Неро Д`Авола Сицилия ДОП красное полусухое 0,75 л",2250,,870,Италия,Неро д'Авола,13,,,,,,1900,870
"Вино Пьетраме Монтепульчано Д`Абруццо Лимитата кр.полусух 0,75 л",2300,,870,Италия,Монтепульчано,13,,,,,,1800,770
"Вино Эпикуро Примитиво красное полусухое 0,75 л",2310,,900,Италия,Примитиво,14,,,,,,1900,850
"Вино Примо Фиоре Ува Лонганези красное полусухое 0,75 л",2350,,900,Италия,Ува Лонганези,"13,5",,,,,,1900,900
"Вино Пино Нуар Лесс Зибенштейн красное полусухое 0,75 л",2390,,950,Германия,Пино Нуар,"12,5",,,,,,2000,950
"Вино Кьянти Ризерва красное полусухое 0,75 л",2490,,1000,Италия,Санджовезе\Мерло,13,,,,,,2000,950
"Вино Баррелая красное полусухое 0,75 л",2500,,1000,Италия,Мерло\Каберне Совиньон\Сира/Шираз\Санджовезе,"13,5",,,,,,2100,1000
"Вино Неро ди Тройя красное полусухое 0,75 л",2850,,1200,Италия,Неро ди Троя,15,,,,,,2200,1200
"Вино Орапьена Монтепульчано д'Абруццо Ризерва красное полусухое 0,75 л",2910,,1230,Италия,Монтепульчано,"13,5",,,,,,2200,1100
"Вино Сузуманьелло Гран Аппассо красное полусухое 0,75 л",3020,,1300,Италия,Сузуманьелло,"14,5",,,,,,2300,1300
Вино ВайНот?! IGP красное полусухое,3210,,1400,Италия,Зинфандель,15,,,,,,2500,1400
"Вино Спенсер Бэй Пинотаж красное полусухое 0,75 л",,нет,нет,ЮАР,Пинотаж,"13,5",,,,,,1400,550
"Вино Кальдора Санджовезе Мерло красное полусухое 0,75 л",,нет,нет,Италия,Санджовезе\Мерло,"13,5",,,,,,1500,500
"Вино Кот де Сомме Пино Нуар красное полусухое 0,75 л",,нет,нет,Франция,Пино Нуар,14,,,,,,1800,850
,,,,,,,,,,,,,
ПОРТВЕЙН,новая цена,Наличие,New,страна,сорт винограда,крепость,,,,,,,
"Вино ликерное ПОРТВЕЙН Красный Гурзуф крепкое красное 0,75 л",1370,,450,Россия,Бастардо\Магарачский\Каберне Совиньон\Саперави,17,,,,,,,
"Вино ликерное Портвейн белый Гурзуф Крым крепкое белое 0,75 л",1430,,490,Россия,Кокур\Первенец Магарача\Шардоне\Алиготе\Ркацители\Мускат\Италия\Мускат Янтарный,17,,,,,,,
"Вино ликерное Массандра Портвейн Белый Крымский 0,75 л",1940,,790,Россия,Кокур\Ркацители\Алиготе,"17,5",,,,,,,
"Портвейн Гравураш ду Коа Порто Руби красный сладкий 0,75 л",2290,,1000,Португалия,Турига Франка\Тинта Баррока\Тинта Амарела\Тинта Рориш,19,,,,,,,
,,,,,,,,,,,,,
"ВОДКА 0,5л",новая цена,Наличие,New,,,,,,,,,цена,закуп
"Водка Зимняя деревенька на солодовом спирте 0,5",1460,,430,,,,,,,,,1100,360
"Водка Тундра Аутентик 0,5",1510,,450,,,,,,,,,1000,390
"Водка Русский Стандарт Голд 0,5",1650,,530,,,,,,,,,1100,440
"Водка Белая Березка 0,5",1680,,550,,,,,,,,,1100,430
"Водка виноградная Найт Габриелло Граппа Нобиле 0,5 л",2490,,1000,,,,,,,,,1800,1000
"Водка Белуга Нобл 0,5 л",2850,,1200,,,,,,,,,2300,1000
"Водка Чистые росы 0,5 ",2850,,1200,,,,,,,,,2500,1200
Водка Грей Гуз 0.5л ,5720,,2800,,,,,,,,,3300,2350
"Водка Белый чай имбирь 0,5 л",,нет,нет,,,,,,,,,1600,750
"Водка АБСОЛЮТ 40% 0,5Л ",,нет,нет,,,,,,,,,2600,1190
,,,,,,,,,,,,,
"ВОДКА 0,7л",новая цена,Наличие,New,,,,,,,,,цена,закуп
"Водка Старлей 0,7 л",1630,,524,,,,,,,,,,
"Водка Зимняя Деревенька на солодовом спирте  0,7",1720,,570,,,,,,,,,1200,490
"Водка ХАСКИ 40% 0,7Л",1740,,580,,,,,,,,,,
"Водка Тундра Аутентик 0,7",1770,,600,,,,,,,,,1200,450
"Водка Пять Озер 0,7",1840,,640,,,,,,,,,1200,460
"Водка Белая Березка  0,7",1860,,650,,,,,,,,,1300,590
"Водка Русский Стандарт  0,7",1950,,700,,,,,,,,,1400,620
"Водка Дикий мед классика туба 0,7 л",2020,,740,,,,,,,,,1400,650
"Водка ФИНЛЯНДИЯ 40% 0,7Л",3210,,1400,,,,,,,,,,
Водка Онегин 0.7 л,3390,,1500,,,,,,,,,,
"Водка Белуга Транслантик 0,7Л",3750,,1700,,,,,,,,,2800,1100
"Водка Чистые росы 0,7 ",3920,,1800,,,,,,,,,2700,1400
"Водка Суммум 0,7 л",4280,,2000,,,,,,,,,3000,2000
"Водка АБСОЛЮТ 40% 0,7Л ",,нет,нет,,,,,,,,,2800,1400
,,,,,,,,,,,,,
ВОДКА 1л,новая цена,Наличие,New,,,,,,,,,цена,закуп
Водка ПЯТЬ ОЗЕР 40% 1Л,1950,,700,,,,,,,,,,
Водка Зимняя Деревенька на солодовом спирте 1л,2120,,800,,,,,,,,,1500,580
Водка Русский Стандарт 1л,2350,,920,,,,,,,,,1600,850
Водка Белая Березка 1Л,2390,,950,,,,,,,,,1500,770
Водка Медведь 1 л,2670,,1100,,,,,,,,,1700,900
,,,,,,,,,,,,,
"ВИСКИ 0,5л",новая цена,Наличие,New,,,,,,,,,цена,закуп 
"Висковый напиток крепкий Золотой Джокер 0,5",1410,,400,,,,,,,,,,
"Виски Нобл Стаг спайсд 0,5 л",1580,,490,,,,,,,,,,
"Виски Нобл Стаг яблоко 0,5 л",1580,,490,,,,,,,,,,
"Виски купажированный РЭД ЭНД БЛЭК 3 ГОДА 40% 0,5Л",1770,,600,,,,,,,,,,
"Виски Нобл Стаг 0,5 л",1930,,690,,,,,,,,,,
"Виски Наки Томпсон 3 года купажированный 0,5",2120,,800,,,,,,,,,1500,780
"Виски Вильям Лоусонс не менее 3 лет купажир. 0,5",2490,,1000,,,,,,,,,1600,900
"Виски Вильям Лоусонс Супер Спайсд купажир. 0,5 л",2580,,1050,,,,,,,,,2000,1050
"Виски бурбон ДЖИМ БИМ 4 ГОДА БЕЛ. ЭТИК. 40% 0,5Л",,нет,нет,,,,,,,,,2900,1999
"Виски Баллантайнс Файнест 0,5л",,,,,,,,,,,,,
"Виски Джек Дениел`с Теннесси не менее 3 лет 0,5л",,,,,,,,,,,,,
,,,,,,,,,,,,,
"ВИСКИ 0,7л",новая цена,Наличие,New,,,,,,,,,цена,закуп 
"Виски купажированный шотландский Нобл Стаг 3 года 0,7 л",2380,,940,,,,,,,,,1400,650
"Виски Наки Томпсон 3 года купажированный 0,7",2820,,1190,,,,,,,,,1800,1190
"Виски купажированный шотландский Сир Эдвардс 0,7 л",2940,,1250,,,,,,,,,1800,900
"Виски Вильям Лоусонс не менее 3 лет купажированный 0,7",3020,,1300,,,,,,,,,1900,899
"Виски Баллантайнс Файнест не менее 3 лет купажир. 0,7",3750,,1700,,,,,,,,,3400,1600
"Виски Джонни Уокер Рэд Лейбл не менее 3 лет купажир. 0,7 л",4280,,2000,,,,,,,,,2600,2250
"Виски (бурбон) Джим Бим 4 года зерновой 0,7 ",4280,бристоль,2000,,,,,,,,,3200,1100
"Виски Вильям Лоусонс Супер Спайсд выдержка 3 года 0,7 л",4460,,2100,,,,,,,,,2400,2100
Виски ирланский Поугс оригинальный (черный) 0.7л,4460,бристоль,2100,,,,,,,,,3000,2100
"Виски Джим Бим Эппл 0,7 л",4550,,2150,,,,,,,,,3200,2150
Виски ирланский Поугс медовый (оранжевый) 0.7л,5010,бристоль,2400,,,,,,,,,3200,2500
"Виски Джемесон не менее 3 лет купажир. 0,7 ",5720,,2800,,,,,,,,,3600,2050
"Виски Джек Дениел`сТеннесси 0,7 ",5890,,2900,,,,,,,,,3700,2150
Виски ирланский Поугс фруктовая мята и лайм (красный) 0.7л,5890,бристоль,2900,,,,,,,,,3000,2200
"Виски шотландский ЧИВАС РИГАЛ 12 ЛЕТ 40% П/УП. 0,7Л ",7880,,4000,,,,,,,,,5200,3600
"Виски купажированный ХАТОЗАКИ 3 ГОДА 40% 0,7Л",7880,бристоль,4000,,,,,,,,,4000,2800
"Виски Джонни Уокер Голд Лейбл п/к 0,7 л ",16860,бристоль,9000,,,,,,,,,11000,8800
"Виски Чивас Ригал 18 лет в п/к 0,7 л ",19730,,10600,,,,,,,,,11500,7300
"Виски Макаллан Дабл Каск 12 лет п/к 0,7 л",23140,,12500,,,,,,,,,13000,11000
"Виски  МАКАЛЛАН ТРИПЛ КАСК ГОЛД 12 лет П/УП. 0,7Л ",27630,,15000,,,,,,,,,13500,10990
"Виски Джонни Блонде 0,7 л",,нет,нет,,,,,,,,,2700,2200
"Виски ДЖОННИ УОКЕР ГРИН ЛЕЙБЛ 15 ЛЕТ П/УП. 0,7Л",,нет,нет,,,,,,,,,7800,?
,,,,,,,,,,,,,
ВИСКИ 1л,новая цена,Наличие,New,,,,,,,,,цена,закуп 
Виски Джонни Уокер Рэд Лейбл не менее 3 лет 1 л,4650,,2200,,,,,,,,,3300,1800
Виски Теннесси Джек Дениел`с 1 л,8780,,4500,,,,,,,,,4100,3600
Виски бурбон ДЖИМ БИМ 4 ГОДА ЗЕРНОВОЙ 40% 1Л,5010,,2400,,,,,,,,,,
Виски Джонни Уокер Блэк Лейбл 12 лет 1 л,,,,,,,,,,,,,
Виски шотландский ЧИВАС РИГАЛ 12 ЛЕТ П/УП. 1Л ,нет,нет,5100,,,,,,,,,6200,4650
,,,,,,,,,,,,,
"КОНЬЯК 0,5л",новая цена,Наличие,New,,,,,,,,,цена,запук
"Коньяк ординарный Армянский Коньяк 5 лет 0,5 л",1950,,700,,,,,,,,,1200,560
"Коньяк Фанагория 5 лет 0,5 л",2090,,780,,,,,,,,,1300,610
"Коньяк Старейшина 5 лет 0,5",2150,,810,,,,,,,,,1500,740
"Коньяк Кочари 5 лет 0,5",2180,,830,,,,,,,,,1400,680
"Коньяк Армянский Кочари 7 лет подарочный п/к 0,5",2250,,870,,,,,,,,,1600,740
Коньяк Старейшина 7 лет 0.5,2490,,1000,,,,,,,,,1800,770
"Коньяк Ной Традиционный 5 лет 0,5",2540,,1030,,,,,,,,,1600,850
"Коньяк Армянский Арарат 5 лет п/к 0,5",3020,,1300,,,,,,,,,1900,1200
Бренди Торрес 10 лет Гран Резерва 0.5 ,3210,,1400,,,,,,,,,2200,1400
"Бренди Делор Фрер V.S. 0,5 л",3560,,1600,,,,,,,,,2500,1600
"Коньяк ординарный РУЛЛЕ ВС 3 ГОДА 40% 0,5Л",4460,бристоль,2100,,,,,,,,,3100,2100
"Коньяк МАРТЕЛЬ ЭЙДЖД ИН РЕД БАРРЕЛС ВСОП 4 ГОДА 40% 0,5Л",7880,,4000,,,,,,,,,5000,3100
"Коньяк КУРВУАЗЬЕ ВС 40% П/УП. 0,5Л ",9320,,4800,,,,,,,,,6500,4800
Коньяк А.де Фуссиньи ХО п/к 0.5,15600,,8300,,,,,,,,,7800,6300
,,,,,,,,,,,,,
"КОНЬЯК 0,7л",новая цена,Наличие,New,,,,,,,,,цена,запук
"Бренди Семболь Националь ХО 0,7 л",4110,,1900,,,,,,,,,2600,1800
"Кальвадос Дюк Де Норманди ВС п/к 0,7 л",4650,,2200,,,,,,,,,3000,2200
"Бренди Делор Фрер V.S.O.P. п/к 0,7 л",5590,,2730,,,,,,,,,3500,2600
"Бренди Делор Фрер X.O. п/к 0,7 л",8420,,4300,,,,,,,,,5200,3550
"Коньяк МАРТЕЛЬ ВС 3 ГОДА 40% П/УП. 0,7Л",9680,,5000,,,,,,,,,6500,4300
"Коньяк Хеннеси ВС 40% П/УП. 0,7Л ",11460,,6000,,,,,,,,,7500,5700
"Коньяк Хеннеси ВСОП 40% П/УП. 0,7Л ",16860,бристоль,9000,,,,,,,,,11000,8700
"Коньяк КУРВУАЗЬЕ ХО 40% П/УП. 0,7Л",38410,,21000,,,,,,,,,24000,19000
"Коньяк Реми Мартан ХO  п/к 0,7 л ",40570,бристоль,22200,,,,,,,,,25000,22200
"Коньяк ординарный РУЛЛЕ ВС 3 ГОДА 40% 0,7Л",,нет,2660,,,,,,,,,3500,2600
Коньяк Реми Мартан ВСОП 4года 0.7л ,,нет,7300,,,,,,,,,8500,7300
"Коньяк КУРВУАЗЬЕ ФОНЕНБЛО КАСК 40% П/УП. 0,7Л ",,нет,нет,,,,,,,,,8000,7000
"Коньяк Мартель XO Экстра Олд п/к 0,7 л",,нет,нет,,,,,,,,,25000,22500
"Коньяк Старый Кенигсберг 3 года 0,5 л",,нет,нет,,,,,,,,,1600,840
"Коньяк Старый Кенигсберг 3 года 0,7 л",,нет,нет,,,,,,,,,1900,680
,,,,,,,,,,,,,
"РОМ 0,5л",новая цена,Наличие,New,,,,,,,,,цена,закуп
"Ром Капитан Жан Лафитт дарк 0,5 л",1590,,500,,,,,,,,,,
"Напиток спиртной на основе рома Оакхарт Ориджинал Бакарди 0,5",2310,,900,,,,,,,,,1600,800
"Напиток ромовый КАПИТАН МОРГАН ПРЯНЫЙ ЗОЛОТОЙ 35% 0,5Л",3210,,1400,,,,,,,,,2300,1200
,,,,,,,,,,,,,
"РОМ 0,7л",новая цена,Наличие,New,,,,,,,,,цена,закуп
"Спиртной напиток ромовый КУЛ СКЕЛЕТОН КОКОС 37,5% 0,7Л",1950,"кб, бристоль",700,,,,,,,,,,
"Спиртной напиток ромовый КУЛ СКЕЛЕТОН МАНГО МАРАКУЙЯ 37,5% 0,7Л",1950,"кб, бристоль",700,,,,,,,,,,
"Ром Мама Джама Блэк выдержанный 0,7 л",2040,,750,,,,,,,,,1400,750
"Набор коктейль ОАКХАРТ ОРИДЖИНАЛ СПАЙСД ГОЛД С РОМОМ 35% П/УП. 0,7Л + RICH COLA 2ШТ
",2490,"бристоль,кб",1000,,,,,,,,,,
"Ром Блэк Пирл Дарк 0,7 л",2580,,1050,,,,,,,,,2000,1050
"Ром Блэк Пирл Уайт 0,7 л",2670,,1100,,,,,,,,,2000,1100
"Напиток спиртной на основе рома Оакхарт Ориджинал Бакарди 0,7",2850,,1200,,,,,,,,,1900,1000
"Ром САНГСОМ выдержанный 40%, 0.7L",2900,,1200,,,,,,,,,,
"Напиток на осн. рома КАПИТАН МОРГАН ПРЯНЫЙ ЗОЛОТОЙ 35% 0,7Л",3390,,1500,,,,,,,,,2800,1500
"Ром БАРСЕЛО АНЬЕХО ВЫДЕРЖАННЫЙ 37,5-40% ТЕМН. 0,7Л",3560,"кб,бристоль",1600,,,,,,,,,2300,1600
"Ром Контрабандо 5 лет 0,7 л",4280,,2000,,,,,,,,,4499,2400
"Ром Бругал Аньехо Супериор 0,7 л",3750,,1700,,,,,,,,,3000,2300
"Ром Matusalem Solera 7 лет, 0.7л",4650,"кб, метро",2200,,,,,,,,,,
"Ром ЗАКАПА СЭНТЭНАРИО СОЛЕРА ГРАН РЕЗЕРВА 23 ГОДА 40% П/УП. 0,7Л",14350,,7600,,,,,,,,,8500,7600
"Ром Закапа XO п/к 0,7 л",21350,,11500,,,,,,,,,13000,11500
"Напиток на основе рома КАПИТАН МОРГАН ЧЕРНЫЙ ПРЯНЫЙ 40% 0,7Л",,нет,нет,,,,,,,,,3000,2300
"Ром КАПИТАН МОРГАН ТЕМН. 40% 0,7",,нет,нет,,,,,,,,,3300,1900
,,,,,,,,,,,,,
ТЕКИЛА,новая цена,Наличие,New,,,,,,,,,цена,закуп
"Текила ХОСЕ КУЭРВО ЗОЛОТАЯ ЭСПЕСИАЛЬ РЕПОСАДО 38% 0,5Л",5180,,2500,,,,,,,,,2600,1200
"Спиртной напиток ТЕКИЛА АСИЕНДА ВЬЕХА БЛАНКО 40% 0,75Л",6080,бристоль,3000,,,,,,,,,4000,2600
"Текила Эсполон Бланко 0,75 л",6390,,3170,,,,,,,,,3600,2600
"Спиртной напиток ТЕКИЛА АСИЕНДА ВЬЕХА РЕПОСАДО 40% 0,75Л",,нет,3000,,,,,,,,,3900,2100
"Спиртной напиток ТЕКИЛА СИЕРРА РЕПОСАДО 38% 0,7Л",,нет,нет,,,,,,,,,2700,1750
"Текила САУЗА АСЬЕНДА СИЛЬВЕР 38% 0,7Л",,нет,нет,,,,,,,,,3500,2800
"Текила САУЗА АСЬЕНДА ГОЛД 38% 0,7Л",,нет,нет,,,,,,,,,3200,2700
,,,,,,,,,,,,,
ДЖИН,новая цена,Наличие,New,,,,,,,,,цена,закуп
"Джин Фримен  Ориджинал\Пинк 0,5 л",1510,,450,,,,,,,,,1600,450
"Джин БРИСТОЛЛС 40% 0,5Л",1680,бристоль,550,,,,,,,,,1500,500
"Джин БРИСТОЛЛС 40% 0,7Л",2040,бристоль,750,,,,,,,,,1700,750
"Джин Босфорд 0,7 л",2670,,1100,,,,,,,,,1600,1100
"Джин Гордонс лондонский сухой 0,7",4280,,2000,,,,,,,,,2700,1400
"Спиртной напиток на основе джина ГОРДОНС ПИНК 37,5% 0,7Л",5550,бристоль,2700,,,,,,,,,3000,1600
"Джин Бифитер Лондон Драй 0,7",,нет,нет,,,,,,,,,3200,700
,,,,,,,,,,,,,
ЛИКЕР,новая цена,Наличие,New,,,,,,,,,цена,закуп
"Ликер десертный Ягермайстер 0,7",3750,,1700,,,,,,,,,2800,1500
"Напиток спирт. Апероль (аперитив) 0,7Л",3920,,1800,,,,,,,,,2800,1500
"Ликер эмульсионный Бэйлис сливочный оригинальный 0,7",4280,,2000,,,,,,,,,3000,1700
"Ликер десертный Кампари (аперитив) 0,75 л",4300,,2000,,,,,,,,,2800,1800
"Ликер Куантро крепкий 0,7 л",4460,мало,2100,,,,,,,,,2900,2000
"Спиртной напиток ДЖЕК ДЭНИЕЛС ТЕННЕССИ ХАНИ ЛИКЕР 35% 0,7Л",5360,бристоль,2600,,,,,,,,,3000,2250
"Ликер десертный Бехеровка 0,7",,нет,нет,,,,,,,,,2800,1100
"Ликер крепкий ЛОРЕНЦО ГАСПАРИНИ САМБУКА 40% 0,5Л",,нет,нет,,,,,,,,,1600,450
"Ликер десертный ЛОРЕНЦО ГАСПАРИНИ ЛИМОНЧЕЛЛО 30% 0,5Л",,нет,нет,,,,,,,,,1600,500
Напиток спирт. Апероль (аперитив) 1л,,нет,нет,,,,,,,,,3100,2000
,,,,,,,,,,,,,
"ПРОСЕККО, БРЮТ",новая цена,Наличие,New,страна,сорт винограда,крепость,,,,,,цена,закуп
"Вино игристое Российское Премиум белое брют 0,75 л",1120,,240,Россия,Белые сорта винограда,11,,,,,,1100,240
Вино игристое Шато Тамань РОЗОВОЕ брют 0.75,1350,,370,Россия,Пино Блан/Мюллер/Мускат/Саперави,"12,5",,,,,,1200,320
"Вино игристое Российское Фанагория белое брют 0,75 л",1580,,490,Россия,Шардоне/Алиготе/Пино Нуар/Рислинг,12,,,,,,1300,450
"Вино игристое ВёВ Албан белое брют 0,75 л",1750,,590,Франция,Айрен,11,,,,,,1600,550
"Вино игристое Вёв Албан розовое брют 0,75 л",1890,,670,Россия,Айрен,"11,5",,,,,,1600,600
"Вино игристое Проссимо спуманте белое брют 0,75 л",2080,,770,Италия,Гарганега,11,,,,,,1700,630
"Вино игристое Кава Арте Латино розовое брют 0,75 л",2220,,850,Испания,Трепат\Пино Нуар,"11,5",,,,,,1700,750
"Вино игристое Корте дей Рови Просекко Экстра Драй DOC белое сухое 0,75 л",2950,,1260,Италия,Глера/Просекко,11,,,,,,1900,1260
"Вино игристое Креман де Луар Домен д`Аврийе белое брют 0,75 л",3020,,1300,Франция,Шардоне\Пино Нуар\Шенен Блан,11,,,,,,3000,1300
Вино игристое Мартини Брют бел.брют,3100,,1300,Италия,"Треббьяно, Шардоне","11,5",,,,,,2100,1200
Игристое вино Просекко Мартини белое сухое,3390,,1500,Италия,Глера/Просекко,"11,5",,,,,,2100,1190
Вино игристое Мондоро Просекко защ.геогр.ук.бел.сух,3750,,1700,Италия,Глера/Просекко,11,,,,,,2300,1360
"Вино игристое Кюве ДиПи Традишн Давид Порэ белое брют 0,75 л",5180,,2500,Франция,Шардоне/Пино Нуар/Пино Менье,"12,5",,,,,,3900,2500
"Вино игристое Шампань Де Корветте Премье Крю белое брют 0,75 л",9130,,4700,Франция,Шардоне/Пино Нуар/Пино Менье,"12,5",,,,,,7200,4700
"Вино игристое выдержанное Моэт и Шандон Империаль белое брют 0,75 л",15780,,8400,Франция,Шардоне/Пино Нуар/Пино Менье,12,,,,,,9500,5900
"Вино игристое Вальпьяна Миллезимато Экстра Драй белое брют 0,75 л",,нет,нет,Италия,Глера,11,,,,,,1600,400
,,,,,,,,,,,,,
АСТИ,новая цена,Наличие,New,страна,сорт винограда,крепость,,,,,,цена,закуп
"Вино игристое Российское Премиум белое полусладкое 0,75 л",1120,,240,Россия,Белые сорта винограда,12,,,,,,1100,240
"Вино игристое Массимо Висконти Ламбруско белое сладкое 0,75 л",1750,,590,Италия,Ламбруско,"7,5",,,,,,1500,500
"Вино игристое Исси Мальвазия Спуманте белое сладкое 0,75 л",2390,,950,Италия,Мальвазия/Мускат,7,,,,,,1800,900
"Вино игристое Атто Примо Асти белое сладкое 0,75 л",2540,,1030,Италия,Мускат,"7,5",,,,,,1900,990
Вино игристое Сант Орсола Асти DOCG белое сладкое,2490,,1000,Италия,Мускат,7,,,,,,1800,880
Вино игристое Чинзано Асти DOCG бел.сл,3210,,1400,Италия,Мускат,7,,,,,,2000,1190
Игристое вино Мартини Асти Пьемонт бел.сл,3390,,1500,Италия,Мускат,"7,5",,,,,,2100,1290
Вино игристое Мондоро Асти DOCG бел.сл,3750,,1700,Италия,Мускат,"7,5",,,,,,2300,1470
Напиток винный газ. Ламбруско Розато п/сл 0.75,,нет,нет,Россия,,8,,,,,,1000,200
Напиток винный газ. Ламбруско Бьянко п/сл 0.75,,нет,нет,Россия,,8,,,,,,1000,250
"Вино игристое Советское Шампанское белое полусладкое 0,75 л",,нет,нет,Россия,Шардоне/Совиньон Блан/Алиготе/Рислинг/Кокур,11,,,,,,1100,280
"Вино игристое Линда Донна Асти DOCG белое сладкое 0,75 л",,нет,нет,Италия,Мускат,"7,5",,,,,,1700,нет в наличии
"Вино игристое Фальдео Асти DOCG белое сладкое 0,75 л",,нет,нет,Италия,Мускат,7,,,,,,1700,нет в наличии
,,,,,,,,,,,,,
ВЕРМУТ,новая цена,Наличие,New,,,,,,,,,цена,закуп
Вермут Чеаро Бьянко 1 л,1320,,350,,,,,,,,,1200,350
"Вермут Каза Позитано Бьянко белый сладкий 0,75 л",2040,мало,750,,,,,,,,,1400,750
"Вермут Чинзано Бьянко белый сладкий 0,5 л",2310,,900,,,,,,,,,1600,850
"Вермут Мартини Бьянко белый сладкий 0,5 л",2490,,1000,,,,,,,,,1600,950
"Вермут Мартини Экстра Драй белый сухой 0,75 л",2670,,1100,,,,,,,,,1900,1100
"Вермут Мартини Бьянко белый сладкий 0,75 л",2670,,1100,,,,,,,,,1900,1000
"Вермут Мартини Фиеро сладкий 0,75 л",2670,,1100,,,,,,,,,1900,1100
,,,,,,,,,,,,,
ПИВО,новая цена,Наличие,New,,,,,,,,,цена,закуп
"Пиво Жигули Барное светлое ст 0,31 л",199,,57,,,,,,,,,,
"пиво Рижское светлое ст 0,45 л",199,,57,,,,,,,,,,
"Пиво Белорусское светлое фильтрованное пастеризованное ст 0,5 л",199,,70,,,,,,,,,,
"Сидр Мистер Лис Яблоко ж/б 0,43 л",209,,64,,,,,,,,,,
"Пиво БАЛТИКА КЛАССИЧЕСКОЕ №3 СВЕТЛ. ФИЛЬТР. ПАСТЕР. СТ/Б 0,5Л",209,,64,,,,,,,,,,
"Пиво КРУШОВИЦЕ СВЕТЛ. ФИЛЬТР. ПАСТЕР. Ж/Б 0,43Л",219,,70,,,,,,,,,,
Козел светлое/темное,219,,80,,,,,,,,,200,80
Хугарден,219,,80,,,,,,,,,200,80
"Пиво СТАРЫЙ МЕЛЬНИК ИЗ БОЧОНКА МЯГКОЕ СВЕТЛ. ФИЛЬТР. ПАСТЕР. СТ/Б 0,45Л",229,,70,,,,,,,,,,
"Пивной напиток СТАРЫЙ МЕЛЬНИК ИЗ БОЧОНКА БАРХАТНОЕ ТЕМН. ФИЛЬТР. ПАСТЕР. СТ/Б 0,45Л",229,,70,,,,,,,,,,
"Пиво LOWENBRAU ОРИГИНАЛЬНОЕ СВЕТЛ. ФИЛЬТР. ПАСТЕР. Ж/Б 0,45Л",229,,68,,,,,,,,,,
"Пивной напиток KRONE BLANCHE BIERE СВЕТЛ. НЕФИЛЬТР. ПАСТЕР. СТ/Б 0,45Л",239,,90,,,,,,,,,,
"Сидр Бон Сезон ст 0,4 л",239,,90,,,,,,,,,,
жигулевское,249,,50,,,,,,,,,150,50
"Эсса(Дыня-клубника,Кокос-манго,Ананас-грейпфрут)",259,,70,,,,,,,,,250,70
"Пиво Fiery Shield светлое фильтрованное ст 0,33 л (АНАЛОГ КОРОНЫ)",269,,95,,,,,,,,,200,95
шпатен  ,299,(перекресток\лента),120,,,,,,,,,300,120
корона  ,349,(перекресток\лента),140,,,,,,,,,350,140
"Пиво Хубер Вайссес Хеллес Хефе Вайссбир светлое нефильтрованное пастеризованное ст 0,5 л",625,,250,,,,,,,,,,
Пиво Bud 0.5 л (стяжка 4шт),999,,360,,,,,,,,,999,75
"Пиво Стелла Артуа светлое ст 0,44 л ( (стяжка 4шт)",1199,(Кб/лента),430,,,,,,,,,1199,78
"Пиво Хопфендорф Шварцбир темное ж/б 0,5 л",нет,нет,90,,,,,,,,,200,90
"Пиво Белджиан Крон Лагер светлое ж/б 0,5 л",нет,нет,90,,,,,,,,,200,90
чешское,нет,нет,90,,,,,,,,,200,90
"Пиво Хопфендорф Шварцбир темное фильтрованное  ж/б 0,5 л",нет,нет,80,,,,,,,,,200,80
"Пиво Евротур Шварц темное фильтрованное пастеризованное ж/б 0,5 л",нет,нет,80,,,,,,,,,200,80
"Пиво Хоп Райдер Уит Пэйл Эль светлое ж/б 0,33 л",нет,нет,80,,,,,,,,,150,80
"Пиво Хоп Райдер Экстра Стаут темное ж/б 0,33 л",нет,нет,80,,,,,,,,,150,80
,,,,,,,,,,,,,
ПИВО 1л и больше,новая цена,Наличие,New,,,,,,,,,цена,закуп
"Пиво СТАРЫЙ МЕЛЬНИК ИЗ БОЧОНКА МЯГКОЕ СВ.ФИ. 0,9л",299,,109,,,,,,,,,250,
"Пиво ЖИГУЛЕВСКОЕ ТРАДИЦИОННОЕСВЕТЛ. ФИЛЬТР. 1,2Л",299,,110,,,,,,,,,250,
"Пиво Рижское светлое ПЭТ 1,3 л",329,,120,,,,,,,,,200,
Разливное светлое фильтрованное 1л,399,,120,,,,,,,,,400,120
Разливное светлое нефильтрованное 1л,399,,120,,,,,,,,,400,120
Разливое темное 1л,399,,120,,,,,,,,,450,120
"Пиво БЕЛЫЙ МЕДВЕДЬ СВЕТЛ. ФИЛЬТР. ПАСТЕР. ПЭТ 1,15Л",419,,140,,,,,,,,,300,
"Пиво Австрийское светлое ПЭТ 1,5 л",449,,150,,,,,,,,,300,
"Пиво Живая Варка светлое ПЭТ 1,5 л",449,,150,,,,,,,,,300,
"Пиво CARLSBERG СВЕТЛ. ФИЛЬТР. ПАСТЕР. ПЭТ 1,35Л",449,,150,,,,,,,,,300,
"Пиво Пшеничное мягкое ПЭТ 1,5 л",449,,150,,,,,,,,,300,
"Пиво TUBORG GREEN СВЕТЛ. ФИЛЬТР. ПАСТЕР. ПЭТ 1,35Л",479,,170,,,,,,,,,350,
"Пиво ГЁССЕР СВЕТЛ. ФИЛЬТР. ПАСТЕР. ПЭТ 1,2Л",489,,180,,,,,,,,,300,
"Пиво Nord Land Beer светлое крепкое фильтрованное 1,2 л",,нет,нет,,,,,,,,,250,
,,,,,,,,,,,,,
НАПИТКИ Б\А,новая цена,наличие,закуп,,,,,,,,,,
Вода Аква Минерале газированная 2 л,169,,70,,,,,,,,,,
Вода Аква Минерале негаз 2 л,169,,70,,,,,,,,,,
"Минеральная вода Заветный родник негазированная 1,5 л",149,,50,,,,,,,,,,
"Вода Аква Люкс газ 1,5 л",149,,50,,,,,,,,,,
Вода минеральная Аш Тау Скважина 6К газированная 1 л,99,,35,,,,,,,,,,
Напиток ДОБРЫЙ КОЛА ГАЗ.  1Л,299,,100,,,,,,,,,,
Сок RICH ВИШНЯ 1Л,389,,180,,,,,,,,,,
Сок RICH ТОМАТ 1Л,349,,160,,,,,,,,,,
Сок RICH АПЕЛЬСИН\АНАНАС\ГРЕЙПФРУТ 1Л,399,,190,,,,,,,,,,
Сок Сады Придонья томатный с солью с мякотью\яблоко 1 л,339,,150,,,,,,,,,,
"Напиток НАТАХТАРИ ГРУША\ФЕЙХОА\САПЕРАВИ СТ/Б 0,5Л",299,,108,,,,,,,,,,
"Напиток LIPTON ЗЕЛЕНЫЙ ЧАЙ\ЧЕРНЫЙ ЛИМОН НЕГАЗ. 0,5л",249,,90,,,,,,,,,,
Напиток Рич индиан тоник\биттер лимон сильногазированный 1 л,319,,135,,,,,,,,,,
Газированный напиток Эвервесс Биттер Лимон 1 л,239,,80,,,,,,,,,,
"Газированный напиток Старые Добрые Традиции Лимонад ст 0,5 л",159,,40,,,,,,,,,,
"Квас Добрый хлеб фильтрованный пастеризованный 1,5 л",169,,50,,,,,,,,,,
"Чай IceTea Лимон\лесные ягоды\малина 0,5 л",139,,50,,,,,,,,,,
"Минеральная вода Ессентуки Целебная газированная ст 0,5 л",129,,40,,,,,,,,,,
"Нектар Сады Придонья мультифрутовый\яблоко\черешня 0,95 л",399,,209,,,,,,,,,,
Газированный напиток Экспорт Стаил Классик Кола 2 л,299,,100,,,,,,,,,,
,,,,,,,,,,,,,
СИГАРЕТЫ И СТИКИ (за пачку),новая цена,Наличие,New,,,,,,,,,цена,закуп
Сигареты LUCKY STRIKE Green,399,,159,,,,,,,,,350,159
Сигареты Ротманс Грин,399,,159,,,,,,,,,350,159
Сигареты Ротманс Дэми Классик,419,,170,,,,,,,,,350,170
Сигареты Камелл Желтый,449,,180,,,,,,,,,400,180
Сигареты Камелл Компакт,449,,180,,,,,,,,,350,180
Стики NEO Ванилла\Тобакко\Тропик,469,,190,,,,,,,,,450,190
Сигареты LUCKY STRIKE XL,469,,190,,,,,,,,,350,190
Сигареты Винстон Вайт,499,,200,,,,,,,,,400,200
Стики IQOS Heets Янтарные\Бронзовые\Голд\Грин\Фиол.\Слайт\Самер Бриз,499,,200,,,,,,,,,450,200
Сигареты Винстон ИксСтайл,499,,202,,,,,,,,,400,202
Сигареты Винстон xs blue Тонкие,509,,223,,,,,,,,,450,223
Сигареты Винстон XS компакт блю,539,,230,,,,,,,,,400,230
Сигареты Винстон Рэд,539,,230,,,,,,,,,450,230
Сигареты Винстон Блю,539,,230,,,,,,,,,400,230
Сигареты Парламент Платинум Блю,539,,230,,,,,,,,,450,230
Сигареты Винстон Сильвер,539,,233,,,,,,,,,400,233
Сигареты Винстон Классик,549,,240,,,,,,,,,400,240
Сигареты Парламент аква блю,559,,279,,,,,,,,,500,279
Сигареты Парламент сильвер блю,619,,279,,,,,,,,,500,279
Сигареты Парламент One,629,,279,,,,,,,,,500,279
,,,,,,,,,,,,,
ЭЛЕКТРОНКИ,новая цена,Наличие,New,,,,,,,,,цена,закуп
бристоль или любой продуктовый/вейпшоп,,,,,,,,,,,,,
Электронная одноразовая система от 2000тяг,3599,,1900,,,,,,,,,1900,
"(дыня, кола, банан, ягодный микс, клубничный коктейль,",,,,,,,,,,,,,
"гуава-маракуйа, малина-арбуз, яблоко, мармелад, манго",,,,,,,,,,,,,
Электронная одноразовая система от 5000тяг,4199,,2500,,,,,,,,,2900,
"(банан, ягодный микс, клубника,маракуйа,яблоко,манго)",,,,,,,,,,,,,
,,,,,,,,,,,,,
СНЭКИ И ДР,новая цена,Наличие,New,,,,,,,,,цена,закуп
ЛУКОВЫЕ КОЛЬЦА СМЕТАНА\СЫР 45г,109,,40,,,,,,,,,100,
Сухарики КИРИЕШКИ ЧИЗБУРГЕР\ОГУРЦЫ\ШАШЛЫК\,119,,50,,,,,,,,,100,
ХОЛОДЕЦ С ХРЕНОМ\ВЕТЧИНА СЫР\СТЕЙК\СЕМГА\ 60г,,,,,,,,,,,,,
Сухарики ХРУСTEAM ЧИАБАТТА ОЛИВКИ\ВЕТЧИНА\,199,,50,,,,,,,,,200,
КРАБ\ТОМАТ\СЫРНОЕ АССОРТИ\СМЕТАНА ЗЕЛЕНЬ 60г ,,,,,,,,,,,,,
Семечки ОТ МАРТИНА ЖАРЕНЫЕ МОРСКАЯ СОЛЬ 100Г,229,,70,,,,,,,,,150,
Чипсы Лэйс Бекон\Краб\Лук/Сменана зелень 90г,249,,100,,,,,,,,,250,
Чипсы Лэйс Бекон\Краб\Лук/Сменана зелень 140г,259,,100,,,,,,,,,350,
Фисташки «ОТЕЦ ОРЕХ» ЖАРЕНЫЕ СОЛЕНЫЕ,449,,220,,,,,,,,,400,
Миндаль «ОТЕЦ ОРЕХ» ЖАРЕНЫЙ 150Г,479,,250,,,,,,,,,350,
Фундук «ОТЕЦ ОРЕХ» ЖАРЕНЫЙ 150Г,489,,260,,,,,,,,,350,
Чипсы соломкой POMSTICKS С СОЛЬЮ\СМЕТАНА 100Г,349,нет,110,,,,,,,,,250,
,,,,,,,,,,,,,
"МЯСО, РЫбА И СЫР КОПЧЕНОЕ\НАРЕЗНОЕ",новая цена,Наличие,New,,,,,,,,,цена,закуп
Колбаса Микоян сырокопченая 80г,149,,60,,,,,,,,,150,60
Крабовые палочки 200г,239,,90,,,,,,,,,200,90
Сыр копченый косичка 90г,299,,100,,,,,,,,,300,100
Сервелат 300г,349,,130,,,,,,,,,350,130
Рыба Копченная ПОРТ АРТУР Желтый полосатик\,359,,140,,,,,,,,,300,140
Сыр плавленый HOCHLAND\PRESIDENT 150г,369,,150,,,,,,,,,350,150
Кольца кальмара\Мясо кальмара сушено-вяленое\ ,369,,150,,,,,,,,,,150
Кальмар сушеный\Стружка минтая\ 60г,379,,150,,,,,,,,,,150
Сосиски МОЛОЧНЫЕ 290Г,399,,170,,,,,,,,,300,170
Филе сельди\горбуша/скумбрия 200г,439,,200,,,,,,,,,250,200
Сыр в ассортименте 180г,799,,200,,,,,,,,,800,200
,,,,,,,,,,,,,
ШОКОЛАД И КОНФЕТЫ,цена,наличие,закуп,,,,,,,,,,
Набор конфет RAFFAELLO 150Г коробка,800,,350,,,,,,,,,,
Набор конфет Ферреро Роше 125г коробка,800,,350,,,,,,,,,,
"Шоколад Чоко энд Натс молочный с цельным фундуком\с миндалем\белый с цельным фундуком, 200г",600,,259,,,,,,,,,,
"Набор конфет Мерси ассорти, 250 г коробка",800,,350,,,,,,,,,,
"Набор конфет Тоффифе, 125 г коробка",600,,,,,,,,,,,,
Шоколад Милка молочный с карамелью\молочный\ с фундуком\миндаль и лесные ягоды 90г,200,,85,,,,,,,,,,
"Набор конфет ОРЕШКА с цельным фундуком со вкусом сливок, 150 г",500,,120,,,,,,,,,,
"Набор конфет Дав Promises ассорти, 118г, коробка",750,,300,,,,,,,,,,
"Набор конфет Родные Просторы с вафельной крошкой, 180 г",450,,160,,,,,,,,,,
"Шоколад Милка Мммакс Арахис и Карамель, 270 г",850,,400,,,,,,,,,,
"Конфеты А.Коркунов Шоколадная палитра, 143 г коробка",600,,250,,,,,,,,,,
Шоколад Альпен Гольд молочный\молочный Орео\с фундуком\ с черникой и йогуртом 80 г,180,,70,,,,,,,,,,