КРАСНОДАР,новая цена,Наличие,New,страна,сорт винограда,крепость,,,цена,закуп,,,
ВИНО БЕЛОЕ СУХОЕ,,,,,,,,,,,,,
"Вино Айси Цинандали белое сухое 0,75 л",1600,,450,Грузия,Ркацители\Мцване Кахури,"12,5",,,1100,400,,,
"Вино Цинандали Алаверди белое сухое 0,75 л",1680,,500,Грузия,Ркацители,12,,,1300,470,,,
"Вино Калмеда Совиньон Блан-Москатель белое сухое 0,75 л",1810,,570,Чили,Совиньон Блан\Москатель,12,,,1600,500,,,
"Вино Кампо Вента Дон Хуан Тиерра де Кастилья белое сухое 0,75 л",1850,,590,Испания,Вердехо,12,,,1600,580,,,
"Вино Куумба Шардоне белое сухое 0,75 л",1880,,600,ЮАР,Шардоне,13,,,1200,470,,,
Вино Бродлиф Совиньон Блан белое сухое,1920,,630,ЮАР,Совиньон Блан,"12,5",,,1500,550,,,
"Вино жемчужное Кашу Фрешку белое сухое 0,75 л",1960,,650,Португалия,Фернау Пирес,"11,5",,,1600,590,,,
"Вино Оушен Свирл Шардоне белое сухое 0,75 л",1960,,650,ЮАР,Шардоне,"12,5",,,1700,650,,,
"Вино Терраш де Монсараш белое сухое 0,75 л",1960,,650,Португалия,Сирия\Антау важ\Аринту,13,,,1700,650,,,
Вино Тенуте Дель Неччио Орвието Классико Умбрия DOC белое сухое,2060,,700,Италия,"Грекетто, Проканико, Шардоне","12,5",,,1600,620,,,
Вино Пьетраме Пино Гриджо Терре ди Кьети Абруццо IGP белое сухое,2240,,800,Италия,Пино Гриджио,"12,5",,,1600,680,,,
"Вино Монтегоза Бьянко белое сухое 0,75 л",2240,,800,Испания,Макабео,"10,5",,,1700,800,,,
"Вино Универсале белое полусухое 0,75 л",2340,,850,Италия,Грилло\Совиньон\Верментино,"13,5",,,1900,830,,,
"Вино Н Нивариус белое сухое 0,75 л",2430,,900,Испания,Темпранильо Бланко,"13,5",,,1900,900,,,
"Вино Ла Форшетьер Совиньон Блан белое сухое 0,75 л",2610,,1000,Франция,Совиньон Блан,"11,5",,,2000,1000,,,
"Вино Терра Норте ДО Риас Байшас белое сухое 0,75 л",3550,,1500,Испания,Альбариньо,"13,5",,,2500,1500,,,
Вино Трамонтана Сицилия белое сухое,,нет,490,Италия,Треббьяно,11,,,1000,380,,,
"Вино Ошторошбор Иршаи Оливер белое сухое 0,75 л",,нет,нет,Венгрия,Иршаи Оливер,11.5,,,1600,500,,,
"Вино Маркези Спинола Гави Биолоджико DOCG белое сухое 0,75 л",,нет,нет,Италия,Кортезе,"12,5",,,2500,1500,,,
"Вино Кинта Дель Дуке Бланко белое сухое 0,75 л",,нет,нет,Испания,Айрен,11,,,1200,440,,,
,,,,,,,,,,,,,
ВИНО БЕЛОЕ ПОЛУСЛАДКОЕ,новая цена,Наличие,New,страна,сорт винограда,крепость,,,цена,закуп,,,
"Вино Кахури Гвинис Марани Алазанская Долина белое полусладкое 0,75 л",1600,,450,Грузия,Ркацители,12,,,1300,350,,,
Вино Трамонтана Сицилия белое полусладкое,1670,,490,Италия,Треббьяно,"10,5",,,1000,390,,,
"Вино Музаради Алазанская Долина белое полусладкое 0,75 л",1670,,490,Грузия,Ркацители\Белые сорта винограда,"12,5",,,1400,400,,,
"Вино Алазанская Долина Алаверди белое полусладкое 0,75 л",1670,,490,Грузия,Ркацители\Кахури Мцване,13,,,1400,400,,,
"Вино Рио Рика Москато белое полусладкое 0,75 л",1780,,550,Чили,Москато,12,,,1500,540,,,
"Вино Бадагони Алазанская Долина белое полусладкое 0,75 л",1810,,570,Грузия,Ркацители,"10,5",,,1399,350,,,
"Вино Энгельшайн Либлих белое полусладкое 0,75 л",1920,,630,Германия,Айрен\Треббьяно\Макабео,"9,5",,,1600,600,,,
"Вино Молоко Любимой Женщины белое полусладкое 0,75 л",2060,,700,Германия,Мюллер-Тургау\Рислинг\Сильванер\Кёрнер,"9,5",,,1700,700,,,
"Вино Пиккола Джойа Мальвазия Рубиконе ИГТ белое полусладкое 0,75 л",2060,,700,Италия,Мальвазия,9,,,1500,530,,,
Вино Лизард Рислинг бел.п/сл,2270,,820,Германия,Рислинг,11,,,1800,820,,,
Вино Маркес Де Касерес Сантинела Риоха DOC белое полусладкое,2610,,1000,Испания,"Мальвазия, Виура/Макабео",11.5,,,2000,1000,,,
"Вино Tabla Алазанская Долина белое полусладкое 0,75 л",,нет,нет,Грузия,Ркацители\Цоликоури,"11,5",,,1400,470,,,
,,,,,,,,,,,,,
ВИНО БЕЛОЕ ПОЛУСУХОЕ,новая цена,Наличие,New,страна,сорт винограда,крепость,,,цена,закуп,,,
"Вино Терра де Оро Шардоне белое полусухое 0,75 л",1680,,500,Чили,Шардоне,13,,,1500,500,,,
"Вино Вилла Анна Пино Гриджио белое полусухое 0,75 л",1880,,600,Италия,Пино Гриджио,12,,,1500,580,,,
Вино Маре Альта Винью Верде DOC белое полусухое,2060,,700,Португалия,"Аринто/Падерна, Лоурейро",10,,,1600,690,,,
Вино Лизард Рислинг Трокен белое полусухое,2240,,800,Германия,Рислинг,12,,,1700,750,,,
"Вино Вейнцунфт Рислинг Мозель белое полусухое 0,75 л",2300,,830,Германия,Рислинг,12,,,1700,790,,,
"Вино Примо Фиоре Фамозо белое полусухое 0,75 л",2480,,930,Италия,Фамозо,"12,5",,,1900,930,,,
"Вино Зибенштейн Рислинг Пфальц белое полусухое 0,75 л",2570,,970,Германия,Рислинг,12,,,1900,970,,,
"Вино Зибенштейн Совиньон Блан Пфальц белое полусухое 0,75 л",2570,,970,Германия,Совиньон Блан,"12,5",,,1900,970,,,
Вино Макуту Бей Совиньон Блан белое полусухое ,2890,,1150,Новая Зеландия,Совиньон Блан,12,,,2100,1050,,,
,,,,,,,,,,,,,
ВИНО РОЗОВОЕ СУХОЕ,новая цена,Наличие,New,страна,сорт винограда,крепость,,,цена,закуп,,,
"Вино Бродлиф Совиньон Блан розовое сухое 0,75 л",1920,,630,ЮАР,Совиньон Блан\Пино Нуар,"12,5",,,1700,600,,,
"Вино Кампо Вента Дон Хуан Тиерра де Кастилья розовое сухое 0,75 л",2000,мало,670,Испания,Бобаль,12,,,1500,670,,,
"Вино Розато Тоскана Тенуте Россетти розовое сухое 0,75 л",2190,,770,Италия,Санджовезе\Мерло,"12,5",,,1900,770,,,
"Вино жемчужное Кашу Фрешку розовое сухое 0,75 л",,нет,нет,Португалия,Арагонеш\Каштелау,"11,5",,,1600,550,,,
,,,,,,,,,,,,,
ВИНО РОЗОВОЕ ПОЛУСУХОЕ,новая цена,Наличие,New,страна,сорт винограда,крепость,,,цена,закуп,,,
"Вино Бриза ду Мар Винью Верде DOC розовое полусухое 0,75 л",1960,,650,Португалия,Виньяу\Амарал\Боррасал,10,,,1600,480,,,
"Вино Маре Альта Винью Верде розовое полусухое 0,75 л",2060,,700,Португалия,Виньаон\Боррасал\Эшпадейро,10,,,1700,680,,,
"Вино Галеоне Примитиво Мерло Розе Апулия розовое полусухое 0,75 л",2300,,830,Италия,Примитиво/Мерло,"12,5",,,1900,780,,,
,,,,,,,,,,,,,
ВИНО КРАСНОЕ СУХОЕ,новая цена,Наличие,New,страна,сорт винограда,крепость,,,цена,закуп,,,
"Вино Саперави красное сухое 0,75 л",1220,,250,Россия,Саперави,11,,,1200,250,,,
"Вино Кинта дель Дуке Виньо Тинто красное сухое 0,75 л",1680,,500,Испания,Темпранильо,11,,,1300,490,,,
"Вино Сол де Плата Мальбек красное сухое 0,75 л",1960,,650,Аргентина,Мальбек,"13,5",,,1500,650,,,
"Вино Терраш де Монсараш красное сухое 0,75 л",1960,,650,Португалия,Тринкадейра\Арагонеш\Кастелао,"13,5",,,1700,650,,,
"Вино Терраш де Монсараш красное сухое 0,75 л",1960,,650,Португалия,Тринкадейра\Арагонеш\Кастелао,"13,5",,,1800,770,,,
"Вино Марселино Риоха красное сухое 0,75 л",2000,,670,Испания,Темпранильо,"13,5",,,1600,670,,,
"Вино Саперави Бадагони красное сухое 0,75 л",2060,,700,Грузия,Саперави,13,,,1400,590,,,
"Вино Тенуте Дель Неччио Кьянти красное сухое 0,75 л",2240,,800,Италия,"Санджовезе, Мальвазия Нера, Чильеджоло",13,,,1700,700,,,
"Вино Ультимо Бастион Бобаль Гарнача Крианца красное сухое 0,75 л",2240,,800,Испания,Бобаль\Гарнача,"12,5",,,1800,770,,,
"Вино Марселино Риоха Крианза красное сухое 0,75 л",2240,,800,Испания,Темпранильо,"12,5",,,1900,800,,,
"Вино Марселино Ресерва Риоха ДОКа красное сухое 0,75 л",2370,,870,Испания,Темпранильо,"13,5",,,2000,870,,,
"Вино Бариста Пинотаж красное сухое 0,75 л",2610,,1000,ЮАР,Пинотаж,13,,,2100,1000,,,
"Вино Сеньорио Де Ла Ералта Гран Резерва красное сухое 0,75 л",3170,,1300,Испания,Темпранильо,"13,5",,,2300,1300,,,
Вино Маркес Де Касерес Крианса красное сухое 0.75,3270,,1350,Испания,Темпранильо/Гарнача/Грасиано,14,,,2500,1350,,,
"Вино Патриа Чика красное сухое 0,75 л",3370,,1400,Испания,Темпранильо\Гарнача\Мерло\Каберне Совиньон,"14,5",,,2500,1400,,,
Вино Трамонтана Апулия красное сухое,,нет,490,Италия,Санджовезе,11,,,1000,400,,,
"Вино Тенуте Дель Неччио Кьянти Ризерва красное сухое 0,75 л",,нет,нет,Италия,Санджовезе,"12,5",,,1800,630,,,
"Вино Мирла Бэй Пино Нуар красное сухое 0,75 л",,нет,нет,Чили,Пино Нуар,"12,5",,,1700,670,,,
"Вино Бардолино Валлезелле Пьеве Сан Вито красное сухое 0,75 л",,нет,нет,Италия,Корвина\Рондинелла\Молинара\Неграра,13,,,2200,1150,,,
,,,,,,,,,,,,,
ВИНО КРАСНОЕ ПОЛУСЛАДКОЕ,новая цена,Наличие,New,страна,сорт винограда,крепость,,,цена,закуп,,,
"Вино Блэк Бёрд Вестерн Кейп Во красное полусладкое 0,75 л",1600,,450,ЮАР,Пинотаж,"13,5",,,1500,450,,,
"Вино Музаради Киндзмараули красное полусладкое 0,75 л",1670,,490,Грузия,Саперави,11,,,1400,400,,,
"Вино Рио Рика Ред Бленд красное полусладкое 0,75 л",1780,,550,Чили,Каберне Совиньон\Карменер\Шираз,"12,5",,,1600,550,,,
"Вино Мукузани Кахури Гвинис Марани красное сухое 0,75 л",1780,,550,Грузия,Саперави,12,,,1700,450,,,
"Вино Кахури Киндзмараули красное полусладкое 0,75 л",1880,,600,Грузия,Саперави,12,,,1700,590,,,
"Вино Киндзмараули Шалвино красное полусладкое 0,75 л",2030,,690,Грузия,Саперави,12,,,1900,630,,,
"Вино Киндзмараули Бадагони красное полусладкое 0,75 л",2240,,800,Грузия,Саперави,11,,,2000,690,,,
"Вино Киндзмараули Виниверия красное полусладкое 0,75 л",2810,,1100,Грузия,Саперави,12,,,2100,1000,,,
Вино Трамонтана Апулия красное полусладкое,,нет,490,Италия,Санджовезе,"10,5",,,1000,450,,,
"Вино Tabla Киндзмараули красное полусладкое 0,75 л",,нет,нет,Грузия,Саперави,"11,5",,,1500,500,,,
,,,,,,,,,,,,,
ВИНО КРАСНОЕ ПОЛУСУХОЕ,новая цена,Наличие,New,страна,сорт винограда,крепость,,,цена,закуп,,,
"Вино Пиросмани Кахури Гвинис Марани красное полусухое 0,75 л",1600,,450,Грузия,Саперави,"11,5",,,1100,380,,,
"Вино Фортецца деи Колли Негроамаро красное полусухое 0,75 л",2120,,730,Италия,Негроамаро,13,,,1500,700,,,
"Вино Пьетраме Монтепульчано Д`Абруццо красное полусухое 0,75 л",2120,,730,Италия,Монтепульчано,13,,,1600,730,,,
"Вино Бастиони Делла Рокка Аппассименто красное полусухое 0,75 л",2120,,730,Италия,Примитиво\Негроамаро,15,,,1700,730,,,
"Вино Фортецца Деи Колли Примитиво красное полусухое 0,75 л",2190,,770,Италия,Примитиво,"13,5",,,1500,600,,,
"Вино Пьетраме Монтепульчано Д`Абруццо Лимитата кр.полусух 0,75 л",2370,,870,Италия,Монтепульчано,13,,,1800,770,,,
"Вино Виллакьяра Неро Д`Авола Сицилия ДОП красное полусухое 0,75 л",2370,,870,Италия,Неро д'Авола,13,,,1900,870,,,
"Вино Эпикуро Примитиво красное полусухое 0,75 л",2430,,900,Италия,Примитиво,14,,,1900,850,,,
"Вино Примо Фиоре Ува Лонганези красное полусухое 0,75 л",2430,,900,Италия,Ува Лонганези,"13,5",,,1900,900,,,
"Вино Пино Нуар Лесс Зибенштейн красное полусухое 0,75 л",2520,,950,Германия,Пино Нуар,"12,5",,,2000,950,,,
"Вино Баррелая красное полусухое 0,75 л",2610,,1000,Италия,Мерло\Каберне Совиньон\Сира/Шираз\Санджовезе,"13,5",,,2100,1000,,,
"Вино Кьянти Ризерва красное полусухое 0,75 л",2680,,1030,Италия,Санджовезе\Мерло,13,,,2000,950,,,
"Вино Неро ди Тройя красное полусухое 0,75 л",2990,,1200,Италия,Неро ди Троя,15,,,2200,1200,,,
"Вино Орапьена Монтепульчано д'Абруццо Ризерва красное полусухое 0,75 л",3050,,1230,Италия,Монтепульчано,"13,5",,,2200,1100,,,
"Вино Сузуманьелло Гран Аппассо красное полусухое 0,75 л",3170,,1300,Италия,Сузуманьелло,"14,5",,,2300,1300,,,
Вино ВайНот?! IGP красное полусухое,3370,,1400,Италия,Зинфандель,15,,,2500,1400,,,
"Вино Спенсер Бэй Пинотаж красное полусухое 0,75 л",,нет,нет,ЮАР,Пинотаж,"13,5",,,1400,500,,,
"Вино Кот де Сомме Пино Нуар красное полусухое 0,75 л",,нет,нет,Франция,Пино Нуар,14,,,1800,850,,,
"Вино Кальдора Санджовезе Мерло красное полусухое 0,75 л",,нет,нет,Италия,Санджовезе\Мерло,"13,5",,,1500,500,,,
,,,,,,,,,,,,,
ПОРТВЕЙН,новая цена,Наличие,New,страна,сорт винограда,крепость,,,,,,,
"Вино ликерное ПОРТВЕЙН Красный Гурзуф крепкое красное 0,75 л",1600,,450,Россия,Бастардо\Магарачский\Каберне Совиньон\Саперави,17,,,,,,,
"Вино ликерное Портвейн белый Гурзуф Крым крепкое белое 0,75 л",1600,,450,Россия,Кокур\Первенец Магарача\Шардоне\Алиготе\Ркацители\Мускат\Италия\Мускат Янтарный,17,,,,,,,
"Вино ликерное Массандра Портвейн Белый Крымский 0,75 л",1600,,450,Россия,Кокур\Ркацители\Алиготе,"17,5",,,,,,,
"Портвейн Гравураш ду Коа Порто Руби красный сладкий 0,75 л",2610,,1000,Португалия,Турига Франка\Тинта Баррока\Тинта Амарела\Тинта Рориш,19,,,,,,,
,,,,,,,,,,,,,
"ВОДКА 0,5л",новая цена,Наличие,New,,,,,,цена,закуп,,,
"Водка Зимняя деревенька на солодовом спирте 0,5",1550,,430,бристоль,,,,,1100,360,,,
"Водка Тундра Аутентик 0,5",1720,,520,,,,,,1000,390,,,
"Водка Белая Березка 0,5",1880,,600,,,,,,1100,430,,,
"Водка Русский Стандарт Голд 0,5",2020,,680,,,,,,1100,440,,,
"Водка виноградная Найт Габриелло Граппа Нобиле 0,5 л",2610,,1000,,,,,,1800,1000,,,
"Водка Белуга Нобл 0,5 л",2990,,1200,,,,,,2300,1100,,,
"Водка Чистые росы 0,5 ",2990,,1200,,,,,,2500,1200,,,
"Водка АБСОЛЮТ 40% 0,5Л ",,нет,нет,,,,,,2500,1400,,,
"Водка Белый чай имбирь 0,5 л",,нет,нет,,,,,,1600,750,,,
,,,,,,,,,,,,,
"ВОДКА 0,7л",новая цена,Наличие,New,,,,,,цена,закуп,,,
"Водка Пять Озер 0,7",1740,,530,,,,,,1200,460,,,
"Водка Зимняя Деревенька на солодовом спирте  0,7",1850,,590,,,,,,1300,490,,,
"Водка Тундра Аутентик 0,7",1910,,620,,,,,,1200,450,,,
"Водка Белая Березка  0,7",2240,,800,,,,,,1400,590,,,
"Водка Русский Стандарт  0,7",2430,,900,,,,,,1400,630,,,
"Водка Белуга Транслантик 40% 0,7Л ",3920,,1700,,,,,,2700,1500,,,
"Водка Чистые росы 0,7 ",4110,,1800,,,,,,2700,1600,,,
"Водка Суммум 0,7 л",4660,,2100,,,,,,3000,2100,,,
"Водка АБСОЛЮТ 40% 0,7Л",,нет,нет,,,,,,2800,1600,,,
,,,,,,,,,,,,,
ВОДКА 1л,новая цена,Наличие,New,,,,,,цена,закуп,,,
Водка Зимняя Деревенька на солодовом спирте 1л,2300,,830,бристоль,,,,,1500,570,,,
Водка Медведь 1 л,2780,,1090,,,,,,1700,900,,,
Водка Белая Березка 1Л,2810,,1100,,,,,,1500,770,,,
Водка Русский Стандарт 1л,2990,,1200,,,,,,1600,830,,,
,,,,,,,,,,,,,
"ВИСКИ 0,5л",новая цена,Наличие,New,,,,,,цена,закуп,,,
"Виски Наки Томпсон 3 года купажированный 0,5",2240,,800,,,,,,1600,790,,,
"Виски Вильям Лоусонс Супер Спайсд купажир. 0,5 л",2610,,1000,,,,,,2000,900,,,
"Виски Вильям Лоусонс не менее 3 лет купажир. 0,5",2810,,1100,,,,,,1600,900,,,
,,,,,,,,,,,,,
"ВИСКИ 0,7л",новая цена,Наличие,New,,,,,,цена,закуп,,,
"Виски купажированный шотландский Нобл Стаг 3 года 0,7 л",2410,,890,,,,,,1300,650,,,
"Виски Наки Томпсон 3 года купажированный 0,7",2990,,1200,,,,,,1800,940,,,
"Виски купажированный шотландский Сир Эдвардс 0,7 л7",2990,,1200,,,,,,1900,1190,,,
"Виски Вильям Лоусонс Супер Спайсд выдержка 3 года 0,7 л",3170,,1300,,,,,,2400,1050,,,
"Виски (бурбон) Джим Бим 4 года зерновой 0,7",4480,,2000,бристоль,,,,,2800,1800,,,
"Напиток спиртной Джек Дэниелс Теннеси Эппл 0,7 л",5030,,2290,,,,,,3500,1800,,,
Виски Баллантайнс года купажиров. 0.7 ,5040,,2300,,,,,,3200,1600,,,
"Виски купажированный ДЕ ДАНАН АЙРИШ ВИСКИ 40% 0,7Л",5230,,2400,бристоль,,,,,3000,2399,,,
"Виски ирландский купажированный ДЖЕМЕСОН 40% 0,7Л",6070,,2850,,,,,,3400,2700,,,
"Виски зерновой ДЖЕК ДЭНИЕЛС ТЭННЕССИ ВИСКИ 40% 0,7Л",6250,,2950,,,,,,3600,2950,,,
"Виски купажированный ХАТОЗАКИ 3 ГОДА 40% 0,7Л",8220,,4000,бристоль,,,,,4000,3000,,,
Виски Чивас Ригал 12 лет купажир. п/к 0.7 ,8220,,4000,,,,,,5200,2400,,,
"Виски купажированный ХАТОЗАКИ 3 ГОДА 40% 0,7Л ",8220,мало ,4000,бристоль,,,,,4200,?,,,
"Виски Аберлауэр не менее 12 лет п/к 0,7 л",16230,,8300,,,,,,9500,6425,,,
"Виски Чивас Ригал 18 лет в п/к 0,7 л",20520,,10600,,,,,,12000,6999,,,
"Виски МАКАЛЛАН ДАБЛ КАСК ГОЛД 12лет П/УП. 0,7Л ",24060,,12500,,,,,,15000,10500,,,
Виски ирланский Поугс оригинальный (черный) 0.7л,,нет,нет,,,,,,3000,1900,,,
Виски ирланский Поугс фруктовая мята и лайм (красный) 0.7л,,нет,нет,,,,,,3000,1900,,,
"Виски Нокэнду 12 лет п/к 0,7 л",,нет,нет,,,,,,6000,5249,,,
"Виски Бенриах 10 лет Трипл Дистил п/к 0,7 л",,нет,нет,,,,,,6400,5990,,,
"Виски односолодовый Лафройг Квотер Каск п/к 0,7 л",,нет,нет,,,,,,7200,?,,,
"Виски МАКАЛЛАН ДАБЛ КАСК ГОЛД 3 ГОДА П/УП. 0,7Л",,нет,нет,,,,,,14000,10000,,,
,,,,,,,,,,,,,
ВИСКИ 1л,новая цена,Наличие,New,,,,,,цена,закуп,,,
Виски Теннесси Джек Дениел`с 1 л,8220,,4000,,,,,,4000,3300,,,
Виски Чивас Ригал 12 лет купажир. п/к 1л,,нет,нет,,,,,,6800,,,,
,,,,,,,,,,,,,
"КОНЬЯК 0,5л",новая цена,Наличие,New,,,,,,цена,закуп,,,
"Коньяк ординарный Армянский Коньяк 5 лет 0,5 л",1980,,660,,,,,,1200,560,,,
"Коньяк Кочари 5 лет 0,5",2060,,700,,,,,,1500,680,,,
"Коньяк Фазерс Олд Баррель не менее 5 лет 0,5 л",2090,,720,бристоль,,,,,1400,600,,,
"Коньяк Фанагория 5 лет 0,5 л",2150,,750,,,,,,1300,610,,,
"Коньяк Армянский Кочари 7 лет подарочный п/к 0,5",2300,,830,,,,,,1600,740,,,
"Коньяк Старейшина 5 лет 0,5",2430,,900,,,,,,1500,740,,,
"Коньяк Ной Традиционный 5 лет 0,5",2610,,1000,,,,,,1700,850,,,
Коньяк Старейшина 7 лет 0.5,2610,,1000,,,,,,1900,770,,,
"Коньяк Армянский Арарат 5 лет п/к 0,5",3170,,1300,,,,,,2000,1200,,,
Бренди Торрес 10 лет Гран Резерва 0.5  ,3550,,1500,,,,,,2200,1500,,,
"Бренди Делор Фрер V.S. 0,5 л",3730,,1600,,,,,,2600,1600,,,
"Коньяк МАРТЕЛЬ ЭЙДЖД ИН РЕД БАРРЕЛС ВСОП 4 ГОДА 40% 0,5Л",8220,,4000,,,,,,4900,3900,,,
Коньяк А.де Фуссиньи ХО п/к 0.5 ,15670,,8000,,,,,,7900,7000,,,
,,,,,,,,,,,,,
"КОНЬЯК 0,7л",новая цена,Наличие,New,,,,,,цена,закуп,,,
"Кальвадос Дюк Де Норманди ВС п/к 0,7 л",5420,,2500,,,,,,3000,2200,,,
"Бренди Делор Фрер V.S.O.P. п/к 0,7 л",5790,,2700,,,,,,3600,2700,,,
"Коньяк Готье ВСОП п/к 0,7 л",8220,,4000,,,,,,4500,3450,,,
"Бренди Делор Фрер X.O. п/к 0,7 л",8770,,4300,,,,,,5100,2900,,,
"Коньяк СЕН КЛО XO в п/к 0,7 л",11000,,5500,,,,,,9500,?,,,
"Коньяк ординарный ХЕННЕССИ ВС 40% П/УП. 0,7Л",11940,,6000,,,,,,6300,4800,,,
"Коньяк ординарный ХЕННЕССИ ВСОП ПРИВИЛЕЖ 4 ГОДА 40% П/УП. 0,7Л",17540,,9000,бристоль,,,,,1100,9000,,,
"Коньяк КУРВУАЗЬЕ ХО 40% П/УП. 0,7Л ",39920,,21000,,,,,,24000,16900,,,
"Коньяк РЕМИ МАРТАН ХО 40% П/УП. 0,7Л",45530,очень мало ,24000,бристоль,,,,,26000,24000,,,
"Коньяк КУРВУАЗЬЕ ФОНТЕНБЛО КАСКС 3 ГОДА 40% П/УП. 0,7Л",,нет,нет,,,,,,6500,4000,,,
,,,,,,,,,,,,,
РОМ 0.5л,новая цена,Наличие,New,,,,,,,,,цена,закуп
"Ром Капитан Жан Лафитт дарк 0,5 л",1680,,500,,,,,,,,,,
"Напиток спиртной на основе рома Оакхарт Ориджинал Бакарди 0,5",2430,,900,,,,,,1600,800,,,
,,,,,,,,,,,,,
"РОМ 0,7л",новая цена,Наличие,New,,,,,,цена,закуп,,,
"Ром Мама Джама Блэк выдержанный 0,7 л",2060,,700,,,,,,,,,1599,799
"Ром Блэк Пирл Дарк 0,7 л",2610,,1000,,,,,,1900,1000,,,
"Ром Блэк Пирл Уайт 0,7 л",2610,,1000,,,,,,1900,1000,,,
"Набор Оакхарт Ориджинал Спайс Голд+2 банки Rich Cola 0,7 л",2810,,1100,,,,,,,,,2699,1000
"Напиток спиртной на основе рома Оакхарт Ориджинал Бакарди 0,7",2990,,1200,,,,,,1900,1000,,,
"Ром выдержанный Сангсом в п/к 0,7 л",3170,,1300,,,,,,,,,,
"Напиток спиртной Капитан Морган Пряный Золотой  0,7 л",3550,мало,1500,,,,,,2400,1350,,,
"Ром БАРСЕЛО АНЬЕХО ВЫДЕРЖАННЫЙ 37,5-40% ТЕМН. 0,7Л",3650,,1550,,,,,,2200,1150,,,
Контрабандо 5 лет 0.7л,4660,,2100,,,,,,,,,3799,1670
"Ром Бругал Аньехо Супериор 0,7 л",5040,,2300,,,,,,3000,2300,,,
"Ром Ботран №8 Ризерва Классика 40% п/к 0,7 л",5600,,2600,,,,,,,,,,2900
"Ром Matusalem Solera 7 лет, 0.7л",5970,,2800,,,,,,,,,,
"Ром Закапа XO п/к 0,7 л",21280,,11000,,,,,,11500,?,,,
"Ром выдержанный Гавана Клуб Аньехо 3 года 0,7 л",5040,нет,2300,,,,,,3300,2000,,,
"Ром выдержанный БАРСЕЛО ДОРАДО 37,5-40% 0,7Л",,нет,нет,,,,,,2300,1500,,,
,,,,,,,,,,,,,
ТЕКИЛА,новая цена,Наличие,New,,,,,,цена,закуп,,,
"Коктейль Альта Коста Сильвер с текилой 0,5 л",1600,,450,,,,,,1300,450,,,
"Спиртной напиток ФАНТАСМА 40% 0,5Л",1680,,500,,,,,,1500,500,,,
"Текила Ранчо Вьехо Сильвер 0,7 л",3550,,1500,,,,,,2600,1500,,,
"Напиток спиртной текила Ольмека Белая 0,7 л",5600,,2600,,,,,,3900,2600,,,
"Текила Хосе Куэрво Эспесиаль Сильвер 0,7 л",5970,очень мало,2800,,,,,,3700,2800,,,
"Текила Хосе Куэрво Репосадо 0,7 л",6150,,2900,,,,,,3800,2900,,,
"Текила Эсполон Бланко 0,75 л",6350,,3000,,,,,,4000,2500,,,
"Текила Эсполон Репосадо 0,75 л",6350,,3000,,,,,,4000,2600,,,
"Текила Ла Тременда 0,7 л",,нет,нет,,,,,,2200,1100,,,
"Спиртной напиток ТЕКИЛА ГОЛД ЛА МИСЬОН ДЕЛЬ СИГЛО 21 0,75Л",,нет,нет,,,,,,2500,1900,,,
"Спиртной напиток ТЕКИЛА СИЛЬВЕР ЛА МИСЬОН ДЕЛЬ СИГЛО 21 40% 0,75Л",,нет,нет,,,,,,2500,1950,,,
"Спиртной напиток ТЕКИЛА АСИЕНДА ВЬЕХА РЕПОСАДО 40% 0,75Л",,нет,нет,,,,,,4000,2600,,,
,,,,,,,,,,,,,
ДЖИН,новая цена,Наличие,New,,,,,,цена,закуп,,,
"Джин ГРИНБОЛЛ ПИНК\ДРАЙ 38% 0,5Л",1500,,400,бристоль,,,,,1300,400,,,
"Джин БРИСТОЛЛС 40% 0,5Л",1780,,550,бристоль,,,,,1400,530,,,
"Джин 40% 0,7Л",2150,,750,бристоль,,,,,1600,700,,,
"Джин ГИБСОН'С ЛОНДОН ДРАЙ 37,5% 0,7Л",2990,,1200,бристоль,,,,,2200,950,,,
"Джин Гордонс лондонский сухой 0,7",4860,,2200,,,,,,2500,1200,,,
"Джин Финч Мэджик Аладдин 0,5 л",,,нет,,,,,,1400,560,,,
"Джин Битли Ботаникал\классик лондон драй\Слое 0,5 л",,,нет,,,,,,1500,600,,,
"Джин ГРИНБАБУН ЦИТРУС 40% 0,5Л",,,нет,,,,,,1600,680,,,
,,,,,,,,,,,,,
ЛИКЕР,новая цена,Наличие,New,,,,,,цена,закуп,,,
"Ликер десертный ЛИМОНЧЕЛЛО Сан Ламаджо 18% 0,5Л",1500,,400,,,,,,1200,400,,,
"Бальзам ВАЛААМ МОНАСТЫРСКИЙ СБОР 40% 0,5Л",2090,,720,бристоль,,,,,1600,700,,,
"Ликер Найт Габриелло Амаретто 0,5 л",2150,,750,,,,,,1800,750,,,
"Ликер Старейшина Альпин Хани 0,5 л",2240,,800,,,,,,1600,650,,,
"Настойка Абсент Абсолвент горькая 0,5 л",3720,,1590,,,,,,1800,890,,,
"Настойка Абсент Абсолвент горькая 0,5 л",3720,,1590,,,,,,2600,1200,,,
"Ликер десертный Ягермайстер 0,7",3920,,1700,,,,,,2900,1500,,,
"Спиртной напиток десертный  11% СЛ. 0,7Л ",4110,,1800,,,,,,2700,1490,,,
"Спиртной напиток ШЕРИДАНС ДВУХСЛОЙНЫЙ КОФЕЙНЫЙ 15,5% 0,5Л",4660,,2100,бристоль,,,,,2900,2100,,,
"Ликер эмульсионный Бэйлис сливочный оригинальный 0,7",4940,,2250,,,,,,3000,2250,,,
"Ликер Куантро крепкий 0,7 л",5040,,2300,,,,,,3400,2300,,,
"Ликер десертный Бехеровка 0,7",,нет,нет,,,,,,2900,1800,,,
"Ликер крепкий ЛОРЕНЦО Мотичелли 40% 0,5Л",,нет,нет,,,,,,1200,520,,,
"Ликер десертный ЛЮЛЮ СО ВКУСОМ КЛУБНИКИ И ЛАЙМА 15% 0,7Л",,нет,нет,,,,,,1900,600,,,
,,,,,,,,,,,,,
"ПРОСЕККО, БРЮТ",новая цена,Наличие,New,страна,сорт винограда,крепость,,,цена,закуп,,,
"Вино игристое Российское Премиум белое брют 0,75 л",1200,,240,Россия,Белые сорта винограда,11,,,1100,240,,,
Вино игристое Шато Тамань РОЗОВОЕ брют 0.75,1400,,350,Россия,Пино Блан/Мюллер/Мускат/Саперави,"12,5",,,1200,320,,,
"Вино игристое Российское Фанагория белое брют 0,75 л",1680,,500,Россия,Шардоне/Алиготе/Пино Нуар/Рислинг,12,,,1200,450,,,
"Вино игристое ВёВ Албан белое брют 0,75 л",1960,,650,Франция,Айрен,11,,,1600,550,,,
"Вино игристое Вёв Албан розовое брют 0,75 л",2000,,670,Россия,Айрен,"11,5",,,1600,600,,,
"Вино игристое Проссимо спуманте белое брют 0,75 л",2190,,770,Италия,Гарганега,11,,,1700,630,,,
"Вино игристое Кава Арте Латино розовое брют 0,75 л",2240,,800,Испания,Трепат\Пино Нуар,"11,5",,,1700,750,,,
"Вино игристое Корте дей Рови Просекко Экстра Драй DOC белое сухое 0,75 л",3100,,1260,Италия,Глера/Просекко,11,,,1900,1260,,,
"Вино игристое Креман де Луар Домен д`Аврийе белое брют 0,75 л",3170,,1300,Франция,Шардоне\Пино Нуар\Шенен Блан,11,,,3000,1300,,,
Вино игристое Мартини Брют бел.брют,3170,,1300,Италия,"Треббьяно, Шардоне","11,5",,,2100,1200,,,
Игристое вино Просекко Мартини белое сухое,3730,,1600,Италия,Глера/Просекко,"11,5",,,2100,1190,,,
Вино игристое Мондоро Просекко защ.геогр.ук.бел.сух,4300,,1900,Италия,Глера/Просекко,11,,,2200,1380,,,
"Вино игристое Шампань Де Корветте Премье Крю белое брют 0,75 л",9510,,4700,Франция,Шардоне/Пино Нуар/Пино Менье,"12,5",,,7000,4700,,,
"Вино игристое выдержанное Моэт и Шандон Империаль белое брют 0,75 л",13700,,6940,Франция,Шардоне/Пино Нуар/Пино Менье,12,,,9000,5900,,,
"Вино игристое Кюве ДиПи Традишн Давид Порэ белое брют 0,75 л",,нет,2500,Франция,Шардоне/Пино Нуар/Пино Менье,"12,5",,,3900,2500,,,
"Вино игристое Вальпьяна Миллезимато Экстра Драй белое брют 0,75 л",,нет,нет,Италия,Глера,11,,,1600,400,,,
,,,,,,,,,,,,,
АСТИ,новая цена,Наличие,New,страна,сорт винограда,крепость,,,цена,закуп,,,
"Вино игристое Российское Премиум белое полусладкое 0,75 л",1200,,240,Россия,Белые сорта винограда,12,,,1100,240,,,
"Вино игристое Массимо Висконти Ламбруско белое сладкое 0,75 л",1850,,590,Италия,Ламбруско,"7,5",,,1500,500,,,
"Вино игристое Исси Мальвазия Спуманте белое сладкое 0,75 л",2570,,970,Италия,Мальвазия/Мускат,7,,,1800,900,,,
"Вино игристое Атто Примо Асти белое сладкое 0,75 л",2600,,990,Италия,Мускат,"7,5",,,1900,990,,,
Вино игристое Сант Орсола Асти DOCG белое сладкое,2610,,1000,Италия,Мускат,7,,,1800,880,,,
Игристое вино Мартини Асти Пьемонт бел.сл,3170,,1300,Италия,Мускат,"7,5",,,2100,1290,,,
Вино игристое Чинзано Асти DOCG бел.сл,3550,,1500,Италия,Мускат,7,,,2000,1190,,,
Вино игристое Мондоро Асти DOCG бел.сл,4300,,1900,Италия,Мускат,"7,5",,,2200,1470,,,
Напиток винный газ. Ламбруско Розато п/сл 0.75,,нет,нет,Россия,,8,,,1000,200,,,
Напиток винный газ. Ламбруско Бьянко п/сл 0.75,,нет,нет,Россия,,8,,,1000,250,,,
"Вино игристое Советское Шампанское белое полусладкое 0,75 л",,нет,нет,Россия,Шардоне/Совиньон Блан/Алиготе/Рислинг/Кокур,11,,,1100,280,,,
"Вино игристое ,75 л",,нет,нет,Италия,Мускат,"7,5",,,1700,нет в наличии ,,,
"Вино игристое Фальдео Асти DOCG белое сладкое 0,75 л",,нет,нет,Италия,Мускат,7,,,1700,нет в наличии ,,,
,,,,,,,,,,,,,
ВЕРМУТ,новая цена,Наличие,New,,,,,,цена,закуп,,,
Плодовый алкогольный Вермут Чеароквонти Бьянко 1 л,1600,,450,,,,,,1000,300,,,
"Вермут Чинзано Бьянко белый сладкий 0,5 л",2430,,900,,,,,,1500,850,,,
"Вермут Мартини Экстра Драй белый сухой 0,5 л",2610,,1000,,,,,,1600,1000,,,
"Вермут Мартини Бьянко белый сладкий 0,75 л",2810,,1100,,,,,,1900,950,,,
"Вермут Мартини Фиеро сладкий 0,75 л",2810,,1100,,,,,,1900,1100,,,
"Вермут Мартини Экстра Драй белый сухой 0,75 л",2890,,1150,,,,,,1900,1150,,,
"Вермут Каза Позитано Бьянко белый сладкий 0,75 л",нет,нет,750,,,,,,1400,750,,,
,,,,,,,,,,,,,
ПИВО,новая цена,Наличие,New,,,,,,цена,закуп,,,
"Пиво Жигули Барное светлое ст 0,31 л",199,,57,,,,,,,,,,
"пиво Рижское светлое ст 0,45 л",199,,55,,,,,,,,,,
"Пиво Белорусское светлое фильтрованное пастеризованное ст 0,5 л",199,,67,,,,,,,,,,
"Сидр Мистер Лис Яблоко ж/б 0,43 л",209,,64,,,,,,,,,,
"Пиво БАЛТИКА КЛАССИЧЕСКОЕ №3 СВЕТЛ. ФИЛЬТР. ПАСТЕР. СТ/Б 0,5Л",209,,64,,,,,,,,,,
"Пиво КРУШОВИЦЕ СВЕТЛ. ФИЛЬТР. ПАСТЕР. Ж/Б 0,43Л",219,,70,,,,,,,,,,
"Пиво СТАРЫЙ МЕЛЬНИК ИЗ БОЧОНКА МЯГКОЕ СВЕТЛ. ФИЛЬТР. ПАСТЕР. СТ/Б 0,45Л",229,,70,,,,,,,,,,
"Пивной напиток СТАРЫЙ МЕЛЬНИК ИЗ БОЧОНКА БАРХАТНОЕ ТЕМН. ФИЛЬТР. ПАСТЕР. СТ/Б 0,45Л",229,,70,,,,,,,,,,
"Пиво LOWENBRAU ОРИГИНАЛЬНОЕ СВЕТЛ. ФИЛЬТР. ПАСТЕР. Ж/Б 0,45Л",229,,68,,,,,,,,,,
"Пивной напиток KRONE BLANCHE BIERE СВЕТЛ. НЕФИЛЬТР. ПАСТЕР. СТ/Б 0,45Л",239,,90,,,,,,,,,,
"Сидр Бон Сезон ст 0,4 л",239,,90,,,,,,,,,,
жигулевское,149,,50,,,,,,150,50,,,
"Эсса(Дыня-клубника,Кокос-манго,Ананас-грейпфрут)",249,,70,,,,,,250,79,,,
Козел светлое/темное,239,,80,,,,,,200,80,,,
Хугарден,249,,89,,,,,,250,89,,,
"Пиво Fiery Shield светлое фильтрованное ст 0,33 л (АНАЛОГ КОРОНЫ)",259,,95,,,,,,200,95,,,
шпатен ,299,,115,(лента\перекресток),,,,,300,115,,,
"Напиток пивной Корона Экстра светлое ст 0,355 л",359,,130,,,,,,350,140,,,
Пиво Bud 0.5 л (стяжка 4шт),999,,370,,,,,,799,75,,,
"Пиво Стелла Артуа светлое ст 0,44 л (стяжка 4шт)",1199,,430,(Кб/лента) ,,,,,999,80,,,
"Пиво Хоп Райдер Уит Пэйл Эль светлое ж/б 0,33 л",219,нет,80,,,,,,150,80,,,
"Пиво Хоп Райдер Экстра Стаут темное ж/б 0,33 л",219,нет,80,,,,,,150,80,,,
"Пиво Хопфендорф Шварцбир темное фильтрованное пастеризованное ж/б 0,5 л",219,нет,80,,,,,,250,80,,,
"Пиво Хопфендорф Шварцбир темное ж/б 0,5 л",229,нет,80,,,,,,200,80,,,
"Пиво Белджиан Крон Лагер светлое ж/б 0,5 л",249,нет,80,,,,,,250,90,,,
"Пиво Евротур Шварц темное фильтрованное пастеризованное ж/б 0,5 л",269,нет,80,,,,,,200,80,,,
чешское,нет,нет,70,,,,,,200,70,,,
,,,,,,,,,,,,,
ПИВО 1л и больше,новая цена,Наличие,New,,,,,,,цена,,,
"Пиво СТАРЫЙ МЕЛЬНИК ИЗ БОЧОНКА МЯГКОЕ СВ.ФИ. 0,9л",279,,109,,,,,,,250,,,
"Пиво ЖИГУЛЕВСКОЕ ТРАДИЦИОННОЕСВЕТЛ. ФИЛЬТР. 1,2Л",289,,110,,,,,,,250,,,
"Пиво Рижское светлое ПЭТ 1,3 л",299,,120,,,,,,,200,,,
Разливное светлое фильтрованное 1л,449,180,120,,,,,,,350,,,
Разливное светлое нефильтрованное 1л,449,180,120,,,,,,,350,,,
Разливое темное 1л,459,180,130,,,,,,,400,,,
"Пиво БЕЛЫЙ МЕДВЕДЬ СВЕТЛ. ФИЛЬТР. ПАСТЕР. ПЭТ 1,15Л",349,,140,,,,,,,300,,,
"Пиво Австрийское светлое ПЭТ 1,5 л",379,,150,,,,,,,300,,,
"Пиво Живая Варка светлое ПЭТ 1,5 л",389,,150,,,,,,,300,,,
"Пиво Пшеничное мягкое ПЭТ 1,5 л",399,,150,,,,,,,300,,,
"Пиво CARLSBERG СВЕТЛ. ФИЛЬТР. ПАСТЕР. ПЭТ 1,35Л",399,,150,,,,,,,300,,,
"Пиво TUBORG GREEN СВЕТЛ. ФИЛЬТР. ПАСТЕР. ПЭТ 1,35Л",419,,170,,,,,,,350,,,
"Пиво ГЁССЕР СВЕТЛ. ФИЛЬТР. ПАСТЕР. ПЭТ 1,2Л",439,,180,,,,,,,300,,,
"Пиво Nord Land Beer светлое крепкое фильтрованное 1,2 л",,нет,нет,,,,,,,250,,,
,,,,,,,,,,,,,
НАПИТКИ Б\А,новая цена,наличие,закуп,,,,,,,,,,
Вода Аква Минерале газированная 2 л,169,,70,,,,,,,,,,
Вода Аква Минерале негаз 2 л,169,,70,,,,,,,,,,
"Минеральная вода Заветный родник негазированная 1,5 л",149,,50,,,,,,,,,,
"Вода Аква Люкс газ 1,5 л",149,,50,,,,,,,,,,
Вода минеральная Аш Тау Скважина 6К газированная 1 л,99,,35,,,,,,,,,,
Напиток ДОБРЫЙ КОЛА ГАЗ.  1Л,299,,100,,,,,,,,,,
Сок RICH ВИШНЯ 1Л,389,,180,,,,,,,,,,
Сок RICH ТОМАТ 1Л,349,,160,,,,,,,,,,
Сок RICH АПЕЛЬСИН\АНАНАС\ГРЕЙПФРУТ 1Л,399,,190,,,,,,,,,,
Сок Сады Придонья томатный с солью с мякотью\яблоко 1 л,339,,150,,,,,,,,,,
"Напиток НАТАХТАРИ ГРУША\ФЕЙХОА\САПЕРАВИ СТ/Б 0,5Л",299,,108,,,,,,,,,,
"Напиток LIPTON ЗЕЛЕНЫЙ ЧАЙ\ЧЕРНЫЙ ЛИМОН НЕГАЗ. 0,5л",249,,90,,,,,,,,,,
Напиток Рич индиан тоник\биттер лимон сильногазированный 1 л,319,,135,,,,,,,,,,
Газированный напиток Эвервесс Биттер Лимон 1 л,239,,80,,,,,,,,,,
"Газированный напиток Старые Добрые Традиции Лимонад ст 0,5 л",159,,40,,,,,,,,,,
"Квас Добрый хлеб фильтрованный пастеризованный 1,5 л",169,,50,,,,,,,,,,
"Чай IceTea Лимон\лесные ягоды\малина 0,5 л",139,,50,,,,,,,,,,
"Минеральная вода Ессентуки Целебная газированная ст 0,5 л",129,,40,,,,,,,,,,
"Нектар Сады Придонья мультифрутовый\яблоко\черешня 0,95 л",399,,209,,,,,,,,,,
Газированный напиток Экспорт Стаил Классик Кола 2 л,299,,100,,,,,,,,,,
,,,,,,,,,,,,,
ЭЛЕКТРОНКИ,новая цена,Наличие,New,,,,,,,цена,,,
бристоль или любой продуктовый/вейпшоп,,,,,,,,,,,,,
Электронная одноразовая система от 2000тяг,3599,,1900,,,,,,,1900,,,
"(дыня, кола, банан, ягодный микс, клубничный коктейль,",,,,,,,,,,,,,
"гуава-маракуйа, малина-арбуз, яблоко, мармелад, манго",,,,,,,,,,,,,
Электронная одноразовая система от 5000тяг,4199,,2500,,,,,,,2900,,,
"(банан, ягодный микс, клубника,маракуйа,яблоко,манго)",,,,,,,,,,,,,
,,,,,,,,,,,,,
СНЭКИ И ДР,новая цена,Наличие,New,,,,,,,цена,,,
ЛУКОВЫЕ КОЛЬЦА СМЕТАНА\СЫР 45г,109,,40,,,,,,,100,,,
Сухарики КИРИЕШКИ ЧИЗБУРГЕР\ОГУРЦЫ\ШАШЛЫК\,119,,50,,,,,,,100,,,
ХОЛОДЕЦ С ХРЕНОМ\ВЕТЧИНА СЫР\СТЕЙК\СЕМГА\ 60г,,,,,,,,,,,,,
Сухарики ХРУСTEAM ЧИАБАТТА ОЛИВКИ\ВЕТЧИНА\,199,,50,,,,,,,200,,,
КРАБ\ТОМАТ\СЫРНОЕ АССОРТИ\СМЕТАНА ЗЕЛЕНЬ 60г ,,,,,,,,,,,,,
Семечки ОТ МАРТИНА ЖАРЕНЫЕ МОРСКАЯ СОЛЬ 100Г,229,,70,,,,,,,150,,,
Чипсы Лэйс Бекон\Краб\Лук/Сменана зелень 90г,249,,100,,,,,,,250,,,
Чипсы Лэйс Бекон\Краб\Лук/Сменана зелень 140г,349,,100,,,,,,,350,,,
Фисташки «ОТЕЦ ОРЕХ» ЖАРЕНЫЕ СОЛЕНЫЕ,449,,220,,,,,,,400,,,
Миндаль «ОТЕЦ ОРЕХ» ЖАРЕНЫЙ 150Г,479,,250,,,,,,,350,,,
Фундук «ОТЕЦ ОРЕХ» ЖАРЕНЫЙ 150Г,489,,260,,,,,,,350,,,
Чипсы соломкой POMSTICKS С СОЛЬЮ\СМЕТАНА 100Г,349,нет,110,,,,,,,250,,,
,,,,,,,,,,,,,
СИГАРЕТЫ И СТИКИ (за пачку),новая цена,Наличие,New,,,,,,цена,,,,
Сигареты LUCKY STRIKE Green,399,,159,,,,,,350,        закуп ,,,
Сигареты Ротманс Грин,399,,159,,,,,,350,159,,,
Сигареты Ротманс Дэми Классик,419,,170,,,,,,350,159,,,
Сигареты Камелл Желтый,449,,180,,,,,,400,170,,,
Сигареты Камелл Компакт,449,,180,,,,,,350,180,,,
Сигареты LUCKY STRIKE XL,469,,190,,,,,,350,180,,,
Стики NEO Ванилла\Тобакко\Тропик,469,,190,,,,,,450,190,,,
Стики IQOS Heets Янтарные\Бронзовые\Голд\Грин\Фиол.\Слайт\Самер Бриз,499,,200,,,,,,450,190,,,
Сигареты Винстон Вайт,499,,200,,,,,,400,200,,,
Сигареты Винстон ИксСтайл,499,,202,,,,,,400,200,,,
Сигареты Винстон xs blue Тонкие,509,,223,,,,,,450,202,,,
Сигареты Винстон XS компакт блю,539,,230,,,,,,400,223,,,
Сигареты Винстон Рэд,539,,230,,,,,,450,230,,,
Сигареты Винстон Блю,539,,230,,,,,,400,230,,,
Сигареты Парламент Платинум Блю,539,,230,,,,,,450,230,,,
Сигареты Винстон Сильвер,539,,233,,,,,,400,230,,,
Сигареты Винстон Классик,549,,240,,,,,,400,233,,,
Сигареты Парламент аква блю,559,,279,,,,,,500,240,,,
Сигареты Парламент сильвер блю,619,,279,,,,,,500,279,,,
Сигареты Парламент One,629,,279,,,,,,500,279,,,
,,,,,,,,,,279,,,
,,,,,,,,,,,,,
"МЯСО, РЫБА И СЫР КОПЧЕНОЕ\НАРЕЗНОЕ",новая цена,Наличие,NEW,,,,,,цена,,,,
Колбаса Микоян сырокопченая 80г,199,,64,,,,,,199,закуп,,,
Крабовые палочки 200г,249,,85,,,,,,249,64,,,
Сосиски МОЛОЧНЫЕ 290Г,349,,115,,,,,,349,85,,,
Сыр копченый косичка 90г,399,,140,,,,,,399,115,,,
Сервелат 300г,499,,140,,,,,,499,140,,,
Рыба Копченная ПОРТ АРТУР Желтый полосатик\,349,,140,,,,,,349,140,,,
Кольца кальмара\Мясо кальмара сушено-вяленое\ ,349,,140,,,,,,349,140,,,
Кальмар сушеный\Стружка минтая\ 60г,349,,140,,,,,,349,140,,,
"Рыбка сушеная желтый полосатик ""Чистое море""",349,,145,,,,,,349,140,,,
Сыр плавленый HOCHLAND\PRESIDENT 150г,449,,155,,,,,,449,145,,,
Филе сельди\горбуша/скумбрия 200г,399,,200,,,,,,399,155,,,
Кальмар Сухогруз сушеныйм70г,399,,200,,,,,,399,200,,,
Сыр в ассортименте 180г,899,,250,,,,,,899,200,,,
Сыр плавленый VIOLA Чеддер ломтики 140г,899,,250,,,,,,899,250,,,
,,,,,,,,,,,250,,
ШОКОЛАД И КОНФЕТЫ,цена,наличие,закуп,,,,,,,,,,
Набор конфет RAFFAELLO 150Г коробка,800,,350,,,,,,,,,,
Набор конфет Ферреро Роше 125г коробка,800,,350,,,,,,,,,,
"Шоколад Чоко энд Натс молочный с цельным фундуком\с миндалем\белый с цельным фундуком, 200г",600,,259,,,,,,,,,,
"Набор конфет Мерси ассорти, 250 г коробка",800,,350,,,,,,,,,,
"Набор конфет Тоффифе, 125 г коробка",600,,,,,,,,,,,,
Шоколад Милка молочный с карамелью\молочный\ с фундуком\миндаль и лесные ягоды 90г,200,,85,,,,,,,,,,
"Набор конфет ОРЕШКА с цельным фундуком со вкусом сливок, 150 г",500,,120,,,,,,,,,,
"Набор конфет Дав Promises ассорти, 118г, коробка",750,,300,,,,,,,,,,
"Набор конфет Родные Просторы с вафельной крошкой, 180 г",450,,160,,,,,,,,,,
"Шоколад Милка Мммакс Арахис и Карамель, 270 г",850,,400,,,,,,,,,,
"Конфеты А.Коркунов Шоколадная палитра, 143 г коробка",600,,250,,,,,,,,,,
Шоколад Альпен Гольд молочный\молочный Орео\с фундуком\ с черникой и йогуртом 80 г,180,,70,,,,,,,,,,