ИРКУТСК,новая цена,Наличие,New,страна,сорт винограда,крепость,,,,,,цена,закуп
ВИНО БЕЛОЕ СУХОЕ,,,,,,,,,,,,,
"Вино Айси Цинандали белое сухое 0,75 л",1670,,490,Грузия,Ркацители\Мцване Кахури,"12,5",,,,,,1100,400
"Вино Калмеда Совиньон Блан-Москатель белое сухое 0,75 л",1850,,590,Чили,Совиньон Блан/Москатель,"12,5",,,,,,1500,570
"Вино Куумба Шардоне белое сухое 0,75 л",1880,,600,ЮАР,Шардоне,13,,,,,,1200,480
Вино Бродлиф Совиньон Блан белое сухое,1960,,650,ЮАР,Совиньон Блан,"12,5",,,,,,1500,600
"Вино Оушен Свирл Шардоне белое сухое 0,75 л",2000,,670,ЮАР,Шардоне,"12,5",,,,,,1700,650
"Вино П.В.С.& Б Стеларис Пино Гриджио белое сухое 0,75 л",2030,,690,ЮАР,Пино Гриджио,13,,,,,,1600,660
"Вино Кандиум Вердехо до Руэда белое сухое 0,75 л",2060,,700,Испания,Вердехо,"12,5",,,,,,1700,670
"Вино Тенуте Дель Неччио Орвието Классико белое сухое 0,75 л",2150,,750,Италия,,,,,,,,1600,640
Вино Пьетраме Пино Гриджо Терре ди Кьети Абруццо IGP белое сухое,2340,,850,Италия,Пино Гриджио,"12,5",,,,,,1600,700
"Вино Адега Май Дори белое сухое 0,75 л",2340,,850,Португалия,Виозиньо\Аринту\Альвариньо\Совиньон Блан,"12,5",,,,,,1800,850
Вино Маркес Де Касерес Бланко белое сухое 0.75,2600,,990,Испания,Виура/Макабео,12,,,,,,2000,950
"Вино Ла Форшетьер Совиньон Блан белое сухое 0,75 л",2680,,1030,Франция,Совиньон Блан,"11,5",,,,,,2000,1030
"Вино Терра Норте ДО Риас Байшас белое сухое 0,75 л",3650,,1550,Испания,Альбариньо,"13,5",,,,,,2500,1450
"Вино Н Нивариус белое сухое 0,75 л",1620,нет,600,Испания,Темпранильо Бланко,"13,5",,,,,,1900,900
"Вино Пино Гриджио Делле Венецие Арнази белое сухое 0,75 л",2890,нет,1350,Италия,Пино Гриджио,"12,5",,,,,,2400,1300
"Вино Эль Ниньо и Ла Луна Бланко белое сухое 0,75 л",1620,нет,600,Испания,Совиньон Блан/Макабео,"11,5",,,,,,1500,600
Вино Трамонтана Сицилия белое сухое,1450,нет,500,Италия,Треббьяно,11,,,,,,1000,390
"Вино Цинандали Алаверди белое сухое 0,75 л",1500,нет,530,Грузия,Ркацители\Мцване Кахури,12,,,,,,1400,490
"Вино Ошторошбор Иршаи Оливер белое сухое 0,75 л",,нет,нет,Венгрия,Иршаи Оливер,"11,5",,,,,,1600,650
,,,,,,,,,,,,,
ВИНО БЕЛОЕ ПОЛУСЛАДКОЕ,новая цена,Наличие,New,страна,сорт винограда,крепость,,,,,,цена,закуп
"Вино Алазанская Долина Алаверди белое полусладкое 0,75 л",1680,,500,Грузия,Ркацители\Кахури Мцване,13,,,,,,1400,400
"Вино Бадагони Алазанская Долина белое полусладкое 0,75 л",1810,,570,Грузия,Ркацители,"10,5",,,,,,1399,490
"Вино Энгельшайн Либлих белое полусладкое 0,75 л",1980,,660,Германия,Айрен\Треббьяно\Макабео,"9,5",,,,,,1600,600
"Вино Пиккола Джойа Мальвазия Рубиконе ИГТ белое полусладкое 0,75 л",2120,,730,Италия,Мальвазия,9,,,,,,1500,640
"Вино Молоко Любимой Женщины белое полусладкое 0,75 л",2150,,750,Германия,Мюллер-Тургау\Рислинг\Сильванер\Кёрнер,"9,5",,,,,,1700,700
Вино Лизард Рислинг бел.п/сл,2300,,830,Германия,Рислинг,11,,,,,,1800,839
Вино Маркес Де Касерес Сантинела Риоха DOC белое полусладкое,2610,,1000,Испания,"Мальвазия, Виура/Макабео",11.5,,,,,,2000,1000
"Вино Рио Рика Москато белое полусладкое 0,75 л",,нет,560,Чили,Москато,12,,,,,,1500,560
Вино Трамонтана Сицилия белое полусладкое,,нет,500,Италия,Треббьяно,"10,5",,,,,,1000,390
"Вино Tabla Алазанская Долина белое полусладкое 0,75 л",,нет,нет,Грузия,Ркацители\Цоликоури,"11,5",,,,,,1400,350
,,,,,,,,,,,,,
ВИНО БЕЛОЕ ПОЛУСУХОЕ,новая цена,Наличие,New,страна,сорт винограда,крепость,,,,,,цена,закуп
"Вино Вилла Анна Пино Гриджио белое полусухое 0,75 л",1960,,650,Италия,Пино Гриджио,12,,,,,,1500,580
Вино Маре Альта Винью Верде DOC белое полусухое,2120,,730,Португалия,"Аринто/Падерна, Лоурейро",10,,,,,,1600,670
"Вино Вейнцунфт Рислинг Мозель белое полусухое 0,75 л",2340,,850,Германия,Рислинг,12,,,,,,1700,800
Вино Лизард Рислинг Трокен белое полусухое,2410,,890,Германия,Рислинг,12,,,,,,1700,890
"Вино Примо Фиоре Фамозо белое полусухое 0,75 л",2480,,930,Италия,Фамозо,"12,5",,,,,,1900,930
"Вино Зибенштейн Совиньон Блан Пфальц белое полусухое 0,75 л",2570,,970,Германия,Совиньон Блан,"12,5",,,,,,1900,979
"Вино Зибенштейн Рислинг Пфальц белое полусухое 0,75 л",2600,,990,Германия,Рислинг,12,,,,,,1900,979
Вино Макуту Бей Совиньон Блан белое полусухое ,2890,,1150,Новая Зеландия,Совиньон Блан,12,,,,,,2100,1050
"Вино Терра де Оро Шардоне белое полусухое 0,75 л",,нет в наличии,нет в наличии,Чили,Шардоне,13,,,,,,1500,500
,,,,,,,,,,,,,
ВИНО РОЗОВОЕ СУХОЕ,новая цена,Наличие,New,страна,сорт винограда,крепость,,,,,,цена,закуп
"Вино Бродлиф Совиньон Блан розовое сухое 0,75 л",1960,,650,ЮАР,Совиньон Блан\Пино Нуар,"12,5",,,,,,1700,550
"Вино Розато Тоскана Тенуте Россетти розовое сухое 0,75 л",2240,,800,Италия,Санджовезе\Мерло,"12,5",,,,,,1900,800
"Вино Кампо Вента Дон Хуан Тиерра де Кастилья розовое сухое 0,75 л",,нет,нет,Испания,Бобаль,12,,,,,,1500,500
"Вино жемчужное Кашу Фрешку розовое сухое 0,75 л",,нет,нет,Португалия,Арагонеш\Каштелау,"11,5",,,,,,1600,500
,,,,,,,,,,,,,
ВИНО РОЗОВОЕ ПОЛУСУХОЕ,новая цена,,New,страна,сорт винограда,крепость,,,,,,цена,закуп
"Вино Бриза ду Мар Винью Верде DOC розовое полусухое 0,75 л",1960,,650,Португалия,Виньяу\Амарал\Боррасал,10,,,,,,1600,550
"Вино Маре Альта Винью Верде розовое полусухое 0,75 л",2120,,730,Португалия,Виньаон\Боррасал\Эшпадейро,10,,,,,,1700,670
"Вино Галеоне Примитиво Мерло Розе Апулия розовое полусухое 0,75 л",2370,,870,Италия,Примитиво/Мерло,"12,5",,,,,,1900,770
,,,,,,,,,,,,,
ВИНО КРАСНОЕ СУХОЕ,новая цена,Наличие,New,страна,сорт винограда,крепость,,,,,,цена,закуп
"Вино Саперави красное сухое 0,75 л",1290,,290,Россия,Саперави,11,,,,,,1200,250
"Вино Кинта дель Дуке Виньо Тинто красное сухое 0,75 л",1740,,530,Испания,Темпранильо,11,,,,,,1300,500
"Вино Сол де Плата Мальбек красное сухое 0,75 л",2000,,670,Аргентина,Мальбек,"13,5",,,,,,1500,570
"Вино Марселино Риоха красное сухое 0,75 л",2030,,690,Испания,Темпранильо,"13,5",,,,,,1600,670
"Вино Саперави Бадагони красное сухое 0,75 л",2090,,720,Грузия,Саперави,13,,,,,,1400,640
"Вино Марселино Риоха Крианза красное сухое 0,75 л",2230,,790,Испания,Темпранильо,"12,5",,,,,,1900,790
"Вино Тенуте Дель Неччио Кьянти красное сухое 0,75 л",2240,,800,Италия,"Санджовезе, Мальвазия Нера, Чильеджоло",13,,,,,,1700,770
"Вино Ультимо Бастион Бобаль Гарнача Крианца красное сухое 0,75 л",2240,,800,Испания,Бобаль\Гарнача,"12,5",,,,,,1800,800
"Вино Марселино Ресерва Риоха ДОКа красное сухое 0,75 л",2370,,870,Испания,Темпранильо,"13,5",,,,,,2000,870
"Вино Бариста Пинотаж красное сухое 0,75 л",2990,,1200,ЮАР,Пинотаж,13,,,,,,2100,1200
"Вино Сеньорио Де Ла Ералта Гран Резерва красное сухое 0,75 л",3270,,1350,Испания,Темпранильо,"13,5",,,,,,2300,1300
Вино Маркес Де Касерес Крианса красное сухое 0.75,3270,,1350,Испания,Темпранильо/Гарнача/Грасиано,14,,,,,,2500,1350
"Вино Патриа Чика красное сухое 0,75 л",3450,,1450,Испания,Темпранильо\Гарнача\Мерло\Каберне Совиньон,"14,5",,,,,,2500,1400
"Вино Терраш де Монсараш красное сухое 0,75 л",,нет,нет в наличии,Португалия,Тринкадейра\Арагонеш\Кастелао,"13,5",,,,,,1700,650
"Вино Мирла Бэй Пино Нуар красное сухое 0,75 л",,нет,нет ,Чили,Пино Нуар,"12,5",,,,,,1700,650
Вино Трамонтана Апулия красное сухое,,нет,500,Италия,Санджовезе,11,,,,,,1000,350
"Вино Тенуте Дель Неччио Кьянти Ризерва красное сухое 0,75 л",,нет,нет,Италия,Санджовезе,"12,5",,,,,,1800,770
"Вино Бардолино Валлезелле Пьеве Сан Вито красное сухое 0,75 л",,нет,нет,Италия,Корвина\Рондинелла\Молинара\Неграра,13,,,,,,2200,1000
,,,,,,,,,,,,,
ВИНО КРАСНОЕ ПОЛУСЛАДКОЕ,новая цена,Наличие,New,страна,сорт винограда,крепость,,,,,,цена,закуп
"Вино Музаради Киндзмараули красное полусладкое 0,75 л",1670,,490,Грузия,Саперави,11,,,,,,1400,400
"Вино Музаради Алазанская Долина белое полусладкое 0,75 л",1680,,500,Грузия,Ркацители\Белые сорта винограда,"12,5",,,,,,1400,400
"Вино Мукузани Кахури Гвинис Марани красное сухое 0,75 л",1680,,500,Грузия,Саперави,12,,,,,,1700,450
"Вино Блэк Бёрд Вестерн Кейп Во красное полусладкое 0,75 л",1680,,500,ЮАР,Пинотаж,"13,5",,,,,,1500,500
"Вино Рио Рика Ред Бленд красное полусладкое 0,75 л",1780,,550,Чили,Каберне Совиньон\Карменер\Шираз,"12,5",,,,,,1600,550
"Вино Кахури Киндзмараули красное полусладкое 0,75 л",1890,,610,Грузия,Саперави,12,,,,,,1700,590
"Вино Киндзмараули Шалвино красное полусладкое 0,75 л",2120,,730,Грузия,Саперави,12,,,,,,1900,630
"Вино Киндзмараули Бадагони красное полусладкое 0,75 л",2370,,870,Грузия,Саперави,11,,,,,,2000,690
"Вино Киндзмараули Виниверия красное полусладкое 0,75 л",2810,,1100,Грузия,Саперави,12,,,,,,2100,1000
"Вино Tabla Киндзмараули красное полусладкое 0,75 л",,нет,нет,Грузия,Саперави,"11,5",,,,,,1500,450
Вино Трамонтана Апулия красное полусладкое,,нет,500,Италия,Санджовезе,"10,5",,,,,,1000,450
,,,,,,,,,,,,,
ВИНО КРАСНОЕ ПОЛУСУХОЕ,новая цена,Наличие,New,страна,сорт винограда,крепость,,,,,,цена,закуп
"Вино Пиросмани Кахури Гвинис Марани красное полусухое 0,75 л",1600,,450,Грузия,Саперави,"11,5",,,,,,1100,400
"Вино Фортецца Деи Колли Примитиво красное полусухое 0,75 л",2240,,800,Италия,Примитиво,"13,5",,,,,,1500,650
"Вино Фортецца деи Колли Негроамаро красное полусухое 0,75 л",2190,,770,Италия,Негроамаро,13,,,,,,1500,650
"Вино Пьетраме Монтепульчано Д`Абруццо красное полусухое 0,75 л",2190,,770,Италия,Монтепульчано,13,,,,,,1600,770
"Вино Бастиони Делла Рокка Аппассименто красное полусухое 0,75 л",2120,,730,Италия,Примитиво\Негроамаро,15,,,,,,1700,730
"Вино Виллакьяра Неро Д`Авола Сицилия ДОП красное полусухое 0,75 л",2410,,890,Италия,Неро д'Авола,13,,,,,,1900,870
"Вино Пьетраме Монтепульчано Д`Абруццо Лимитата кр.полусух 0,75 л",2430,,900,Италия,Монтепульчано,13,,,,,,1800,770
"Вино Примо Фиоре Ува Лонганези красное полусухое 0,75 л",2430,,900,Италия,Ува Лонганези,"13,5",,,,,,1900,900
"Вино Эпикуро Примитиво красное полусухое 0,75 л",2520,,950,Италия,Примитиво,14,,,,,,1900,850
"Вино Баррелая красное полусухое 0,75 л",2610,,1000,Италия,Мерло\Каберне Совиньон\Сира/Шираз\Санджовезе,"13,5",,,,,,2100,1000
"Вино Кьянти Ризерва красное полусухое 0,75 л",2850,,1120,Италия,Санджовезе\Мерло,13,,,,,,2000,950
"Вино Неро ди Тройя красное полусухое 0,75 л",3170,мало,1300,Италия,Неро ди Троя,15,,,,,,2200,1200
"Вино Орапьена Монтепульчано д'Абруццо Ризерва красное полусухое 0,75 л",3230,,1330,Италия,Монтепульчано,"13,5",,,,,,2200,1100
"Вино Сузуманьелло Гран Аппассо красное полусухое 0,75 л",3230,,1330,Италия,Сузуманьелло,"14,5",,,,,,2300,1300
Вино ВайНот?! IGP красное полусухое,,нет,1450,Италия,Зинфандель,15,,,,,,2500,1400
"Вино Пино Нуар Лесс Зибенштейн красное полусухое 0,75 л",,нет,нет,Германия,Пино Нуар,"12,5",,,,,,2000,950
"Вино Спенсер Бэй Пинотаж красное полусухое 0,75 л",,нет,нет,ЮАР,Пинотаж,"13,5",,,,,,1400,470
"Вино Кот де Сомме Пино Нуар красное полусухое 0,75 л",,нет,нет,Франция,Пино Нуар,14,,,,,,1800,850
"Вино Кальдора Санджовезе Мерло красное полусухое 0,75 л",,нет,нет,Италия,Санджовезе\Мерло,"13,5",,,,,,1500,500
,,,,,,,,,,,,,
ПОРТВЕЙН,новая цена,Наличие,New,страна,сорт винограда,крепость,,,,,,,
"Вино ликерное Портвейн белый Гурзуф Крым крепкое белое 0,75 л",1880,,600,Россия,Кокур\Первенец Магарача\Шардоне\Алиготе\Ркацители\Мускат\Италия\Мускат Янтарный,17,,,,,,,
"Вино ликерное ПОРТВЕЙН Красный Гурзуф крепкое красное 0,75 л",1840,,580,Россия,Бастардо\Магарачский\Каберне Совиньон\Саперави,17,,,,,,,
"Вино ликерное Массандра Портвейн Белый Крымский 0,75 л",2240,,800,Россия,Кокур\Ркацители\Алиготе,"17,5",,,,,,,
"Портвейн Гравураш ду Коа Порто Руби красный сладкий 0,75 л",2610,,1000,Португалия,Турига Франка\Тинта Баррока\Тинта Амарела\Тинта Рориш,19,,,,,,,
,,,,,,,,,,,,,
"ВОДКА 0,5л",новая цена,Наличие,New,,,,,,,,,цена,закуп
"Водка Зимняя деревенька на солодовом спирте 0,5",1550,,430,,,,,,,,,1100,360
"Водка Тундра Аутентик 0,5",1600,,450,,,,,,,,,1100,390
"Водка Русский Стандарт Голд 0,5",1680,,500,,,,,,,,,1100,440
"Водка Белая Березка 0,5",1780,,550,,,,,,,,,1100,420
"Водка виноградная Найт Габриелло Граппа Нобиле 0,5 л",2610,,1000,,,,,,,,,1800,1000
"Водка ЧИСТЫЕ РОСЫ 40% 0,5Л",2990,бристоль,1200,,,,,,,,,2500,1100
,,,,,,,,,,,,,
"ВОДКА 0,7л",новая цена,Наличие,New,,,,,,,,,цена,закуп
"Водка Тундра Аутентик 0,7",1880,,600,,,,,,,,,1200,450
"Водка Зимняя Деревенька на солодовом спирте  0,7",1880,,600,,,,,,,,,1300,490
"Водка Пять Озер 0,7",1910,,620,,,,,,,,,1200,460
"Водка Белая Березка  0,7",2060,,700,,,,,,,,,1400,590
"Водка Русский Стандарт  0,7",2060,,700,,,,,,,,,1400,630
"Водка особая СИБИРСКИЙ ЭКСПРЕСС 40% 0,7Л",2990,бристоль,1200,,,,,,,,,2500,1100
Водка Органика Лайф 0.7л       ,3550,бристоль,1500,,,,,,,,,2700,1000
"Водка БЕЛУГА ТРАНСАТЛАНТИК РЕЙСИНГ 40% 0,7Л ",4020,,1750,,,,,,,,,2700,970
"Водка ЧИСТЫЕ РОСЫ 40% 0,7Л",4110,,1800,,,,,,,,,2700,1400
"Водка Суммум 0,7 л",4110,,1800,,,,,,,,,3000,1700
"Водка ФИНЛЯНДИЯ 40% 0,7Л ",4110,,1800,,,,,,,,,2800,1400
"Водка АБСОЛЮТ 40% 0,7Л",,нет,нет,,,,,,,,,2800,1150
,,,,,,,,,,,,,
ВОДКА 1л,новая цена,Наличие,New,,,,,,,,,цена,закуп
Водка Зимняя Деревенька на солодовом спирте 1л,2240,,800,,,,,,,,,1500,760
Водка Русский Стандарт 1л,2470,,920,,,,,,,,,1600,830
Водка Белая Березка 1Л,2520,,950,,,,,,,,,1600,770
Водка Медведь 1 л,2780,,1090,,,,,,,,,1900,900
,,,,,,,,,,,,,
"ВИСКИ 0,5л",новая цена,Наличие,New,,,,,,,,,цена,закуп
"Напиток спиртной зерновой купажированный Нобл Стаг Спайсд 0,5 л",1950,,640,,,,,,,,,1400,640
"Виски Наки Томпсон 3 года купажированный 0,5",2320,,840,,,,,,,,,1600,730
"Виски шотландский ВИЛЬЯМ ЛОУСОНС 40% 0,5Л",2610,,1000,,,,,,,,,1700,780
"Виски Вильям Лоусонс Супер Спайсд купажир. 0,5 л",2610,,1000,,,,,,,,,2000,900
"Виски Феймос Грауз 0,5л ",3490,,1470,,,,,,,,,2600,1460
,,,,,,,,,,,,,
"ВИСКИ 0,7л",новая цена,Наличие,New,,,,,,,,,цена,закуп
"Виски купажированный шотландский Нобл Стаг 3 года 0,7 л",2230,,790,,,,,,,,,1500,790
"Виски Наки Томпсон 3 года купажированный 0,7",2810,,1100,,,,,,,,,1800,940
"Виски купажированный шотландский Сир Эдвардс 0,7 л",2860,,1130,,,,,,,,,1800,1100
"Виски шотландский ВИЛЬЯМ ЛОУСОНС 40% 0,7Л",3170,,1300,,,,,,,,,1900,890
"Виски Вильям Лоусонс Супер Спайсд выдержка 3 года 0,7 л",3170,,1300,,,,,,,,,2400,1050
"Виски зерновой БУРБОН ДЖИМ БИМ 40% 0,7Л ",3550,,1500,,,,,,,,,3300,1490
"Виски Баллантайнс Файнест 0,7Л ",4480,,2000,,,,,,,,,3700,1600
"Виски шотландский купажированный ДЖОННИ УОКЕР РЭД ЛЕЙБЛ 40% 0,7Л",4860,,2200,,,,,,,,,3000,1390
"Виски зерновой ДЖЕК ДЭНИЕЛС ТЭННЕССИ ВИСКИ 40% 0,7Л ",6150,бристоль,2900,,,,,,,,,3600,2900
"Виски ирландский купажированный ДЖЕМЕСОН 40% 0,7Л",6350,,3000,,,,,,,,,4100,2800
"Виски купажированный ХАТОЗАКИ 3 ГОДА 40% 0,7Л ",8220,бристоль,4000,,,,,,,,,4200,2900
"Виски шотландский ЧИВАС РИГАЛ 12 ЛЕТ 40% П/УП. 0,7Л ",8220,,4000,,,,,,,,,5700,3300
"Виски шотландский купажированный ЧИВАС РИГАЛ 12 ЛЕТ 40% П/УП. 0,7Л ",8220,бристоль,4000,,,,,,,,,4400,3300
Виски ирланский Поугс медовый (оранжевый) 0.7л,,нет,2400,,,,,,,,,3200,2600
Виски ирланский Поугс оригинальный (черный) 0.7л,,нет,1900,,,,,,,,,3000,1890
"Виски шотландский ДЖОННИ УОКЕР ГОЛД ЛЕЙБЛ 40% П/УП. 0,7Л ",,нет,9000,,,,,,,,,11500,6600
Виски Джонни Блонд 0.7л,,нет,нет,,,,,,,,,2800,2200
Виски ирланский Поугс фруктовая мята и лайм (красный) 0.7л,,нет в наличии,нет,,,,,,,,,3000,1900
"Виски шотландский ЧИВАС РИГАЛ 18 ЛЕТ 40% П/УП. 0,7Л ",,нет в наличии,нет в наличии,,,,,,,,,13500,7500
,,,,,,,,,,,,,
ВИСКИ 1л,новая цена,Наличие,New,,,,,,,,,цена,закуп
Виски Джим Бим 1 л,6350,,3000,,,,,,,,,4000,2750
Виски Джонни Уоккер Ред 1л,,нет в наличии,нет в наличии,,,,,,,,,3100,2499
Виски Теннесси Джек Дениел`с 1 л,,нет в наличии,нет в наличии,,,,,,,,,3900,4100
,,,,,,,,,,,,,
"КОНЬЯК 0,5л",новая цена,Наличие,New,,,,,,,,,цена,закуп
"Коньяк ординарный Армянский Коньяк 5 лет 0,5 л",1980,,660,,,,,,,,,1200,560
"Коньяк Кочари 5 лет 0,5",2060,,700,,,,,,,,,1500,680
"Коньяк Фанагория 5 лет 0,5 л",2150,,750,,,,,,,,,1300,610
"Коньяк Фазерс Олд Баррель не менее 5 лет 0,5 л",2090,бристоль,720,,,,,,,,,1400,600
"Коньяк Старейшина 5 лет 0,5",2270,,820,,,,,,,,,1600,740
"Коньяк Армянский Кочари 7 лет подарочный п/к 0,5",2300,,830,,,,,,,,,1700,740
"Коньяк Ной Традиционный 5 лет 0,5",2610,,1000,,,,,,,,,1700,850
Коньяк Старейшина 7 лет 0.5,2610,,1000,,,,,,,,,1900,770
"Коньяк Армянский Арарат 5 лет п/к 0,5",3170,,1300,,,,,,,,,1900,1200
Бренди Торрес 10 лет Гран Резерва 0.5,3550,,1500,,,,,,,,,2200,1500
"Коньяк А.ДЕ Фуссиньи Селексьон Коллексьон туба 0,5 л",5230,,2400,,,,,,,,,3500,2350
"Коньяк КУРВУАЗЬЕ ВС 40% 0,5Л ",7280,бристоль,3500,,,,,,,,,4600,3500
"Коньяк армянский очень старый ОС НАИРИ 20 ЛЕТ 40% П/УП. 0,5Л ",11200,бристоль,5600,,,,,,,,,6000,5600
"Коньяк А.де Фуссиньи ХО п/к 0,5 л",,мало,8000,,,,,,,,,8400,7000
Коньяк Монте Шоко Шоколадная гора 5 лет 0.5 л,,нет,нет,,,,,,,,,1400,650
,,,,,,,,,,,,,
"КОНЬЯК 0,7л",новая цена,Наличие,New,,,,,,,,,цена,закуп
"Коньяк КУРВУАЗЬЕ ВС 40% П/УП. 0,7Л ",9510,,4700,,,,,,,,,6000,5600
"Коньяк ординарный МАРТЕЛЬ ВС 3 ГОДА 40% 0,7Л ",10080,,5000,,,,,,,,,6500,4500
"Коньяк ординарный ХЕННЕССИ ВС 40% П/УП. 0,7Л",11940,бристоль,6000,,,,,,,,,6600,5560
"Коньяк ординарный ХЕННЕССИ ВСОП ПРИВИЛЕЖ 4 ГОДА 40% П/УП. 0,7Л",,нет,9000,,,,,,,,,11500,8000
"Коньяк РЕМИ МАРТАН ХО 40% П/УП. 0,7Л ",,нет,20000,,,,,,,,,24000,20000
"Коньяк ординарный РУЛЛЕ ВС 3 ГОДА 40% 0,7Л",,нет,нет,,,,,,,,,3400,2100
"Коньяк КУРВУАЗЬЕ ФОНТЕНБЛО КАСКС 3 ГОДА 40% П/УП. 0,7Л",,нет,нет в наличии,,,,,,,,,6700,4000
"Коньяк ординарный ХЕННЕССИ ВСОП 40% П/УП. 0,7Л ",,нет,нет в наличии,,,,,,,,,10500,8100
,,,,,,,,,,,,,
РОМ 0.5л,новая цена,Наличие,New,,,,,,,,,цена,закуп
"Ром Капитан Жан Лафитт дарк 0,5 л",1780,,550,,,,,,,,,,
"Напиток спиртной на основе рома Оакхарт Ориджинал Бакарди 0,5",2810,,1100,,,,,,,,,1700,760
,,,,,,,,,,,,,
"РОМ 0,7л",новая цена,Наличие,New,,,,,,,,,цена,закуп
"Ром Мама Джама Блэк выдержанный 0,7 л",2000,,670,,,,,,,,,,
"Ром Блэк Пирл Уайт 0,7 л",2610,,1000,,,,,,,,,1900,950
"Набор Оакхарт Ориджинал Спайс Голд+2 банки Rich Cola 0,7 л",2750,"кб,бристоль",1070,,,,,,,,,2799,1970
"Ром Блэк Пирл Дарк 0,7 л",2890,,1150,,,,,,,,,1900,1150
"Ром выдержанный Сангсом в п/к 0,7 л",3370,,1400,,,,,,,,,,
"Ром Барсело Аньехо 0,7Л",3550,,1500,,,,,,,,,2600,1550
"Спиртной напиток на основе рома ОАКХАРТ ОРИДЖИНАЛ 35% 0,7Л",3730,,1600,,,,,,,,,1900,1000
Контрабандо 5 лет 0.7л,4480,"кб,лента",2000,,,,,,,,,3799,1670
"Ром Бругал Аньехо Супериор 0,7 л",5960,,2790,,,,,,,,,3200,2790
"Ром Matusalem Solera 7 лет, 0.7л",5970,"кб, метро",2800,,,,,,,,,,
"Спиртной напиток КАПИТАН МОРГАН ТРОПИКАЛ 25% 0,7Л",,нет,2000,,,,,,,,,2800,1850
"Ром выдержанный БАРСЕЛО ДОРАДО 37,5-40% 0,7Л",,нет,нет,,,,,,,,,2300,1050
"Ром невыдержанный ПЛАНТЕЙШН ТРИ ЗВЕЗДЫ 41,2% 0,7Л",,нет,нет,,,,,,,,,2400,1900
,,,,,,,,,,,,,
ТЕКИЛА,новая цена,Наличие,New,,,,,,,,,цена,закуп
"Спиртной напиток ФАНТАСМА 40% 0,5Л",1680,бристоль,500,,,,,,,,,1600,480
"Текила Хосе Куэрво Репосадо 0,7 л",5040,очень мало,2300,,,,,,,,,3600,1750
"Текила Эсполон Репосадо 0,75 л",6350,,3000,,,,,,,,,4000,2600
"Текила Эсполон Бланко 0,75 л",6350,,3000,,,,,,,,,4000,2500
"Спиртной напиток ТЕКИЛА АСИЕНДА ВЬЕХА БЛАНКО 40% 0,75Л",,нет в наличии,3000,,,,,,,,,4000,1950
"Спиртной напиток ТЕКИЛА АСИЕНДА ВЬЕХА РЕПОСАДО 40% 0,75Л",,нет в наличии,3000,,,,,,,,,4000,2000
"Текила Хосе Куэрво Эспесиаль Сильвер 0,7 л",,нет в наличии,нет в наличии,,,,,,,,,3500,1650
"Спиртной напиток ТЕКИЛА СИЛЬВЕР ЛА МИСЬОН ДЕЛЬ СИГЛО 21 40% 0,75Л",,нет в наличии,нет,,,,,,,,,2700,1000
"Спиртной напиток ТЕКИЛА ГОЛД ЛА МИСЬОН ДЕЛЬ СИГЛО 21 40% 0,75Л",,нет в наличии,нет,,,,,,,,,2700,1100
,,,,,,,,,,,,,
ДЖИН,новая цена,Наличие,New,,,,,,,,,цена,закуп
"Джин БАРРИСТЕР ДРАЙ 40% 0,5Л",1790,бристоль,560,,,,,,,,,1400,460
"Джин БРИСТОЛЛС 40% 0,7Л",2150,бристоль,750,,,,,,,,,1700,700
"Джин ГОРДОНС 37,5% СУХ. 0,7Л",4480,,2000,,,,,,,,,2800,1300
"Спиртной напиток на основе джина ГОРДОНС ПИНК 37,5% 0,7Л",5790,бристоль,2700,,,,,,,,,3200,2000
"Джин Финч Мэджик Аладдин 0,5 л",,нет,нет,,,,,,,,,1500,350
"Джин ОуБиЭс Обсешн 0,7 л",,нет,нет,,,,,,,,,2100,900
"Джин ХЕНДРИКС 44% 0,7Л",,нет в наличии,нет,,,,,,,,,4900,3999
,,,,,,,,,,,,,
ЛИКЕР,новая цена,Наличие,New,,,,,,,,,цена,закуп
"Ликер десертный ЛИМОНЧЕЛЛО 18% 0,5Л",1300,бристоль,300,,,,,,,,,1400,480
"Спиртной напиток десертный АПЕРОЛЬ 11% СЛ. 0,7Л",4110,,1800,,,,,,,,,2700,1490
"Ликер десертный КАМПАРИ 25% 0,75Л",4480,,2000,,,,,,,,,2800,1890
"Ликер десертный ЯГЕРМАЙСТЕР 35% 0,7Л",4480,,2000,,,,,,,,,3000,1990
"Спиртной напиток ДЖЕК ДЭНИЕЛС ТЕННЕССИ ХАНИ ЛИКЕР 35% 0,7Л",5600,бристоль,2600,,,,,,,,,3200,2200
"Ликер МОЦАРТ ШОКОЛАДНЫЙ 17% 0,5Л",,нет,1650,,,,,,,,,2300,1490
"Ликер крепкий ЛОРЕНЦО САМБУКА 40% 0,5Л",,нет,нет,,,,,,,,,2800,1600
"Ликер десертный ЛОРЕНЦО ГАСПАРИНИ ЛИМОНЧЕЛЛО 30% 0,5Л",,нет,нет,,,,,,,,,1400,500
Напиток спирт. Апероль (аперитив) 1л,,нет,нет,,,,,,,,,2900,2300
"Ликер десертный ЛЮЛЮ СО ВКУСОМ КЛУБНИКИ И ЛАЙМА 15% 0,7Л",,нет,нет,,,,,,,,,1900,890
,,,,,,,,,,,,,
"ПРОСЕККО, БРЮТ",новая цена,Наличие,New,страна,сорт винограда,крепость,,,,,,цена,закуп
"Вино игристое Российское Премиум белое брют 0,75 л",1200,,240,Россия,Белые сорта винограда,11,,,,,,1100,240
Вино игристое Шато Тамань РОЗОВОЕ брют 0.75,1440,,370,Россия,Пино Блан/Мюллер/Мускат/Саперави,"12,5",,,,,,1100,320
"Вино игристое Российское Фанагория белое брют 0,75 л",1600,,450,Россия,Шардоне/Алиготе/Пино Нуар/Рислинг,12,,,,,,1200,450
"Вино игристое ВёВ Албан белое брют 0,75 л",2020,,680,Франция,Айрен,11,,,,,,1500,550
"Вино игристое Вёв Албан розовое брют 0,75 л",2060,,700,Россия,Айрен,"11,5",,,,,,1500,600
"Вино игристое Проссимо спуманте белое брют 0,75 л",2230,,790,Италия,Гарганега,11,,,,,,1700,630
"Вино игристое Кава Арте Латино розовое брют 0,75 л",2270,,820,Испания,Трепат\Пино Нуар,"11,5",,,,,,1600,750
"Вино игристое Креман де Луар Домен д`Аврийе белое брют 0,75 л",3170,,1300,Франция,Шардоне\Пино Нуар\Шенен Блан,11,,,,,,3200,1300
Вино игристое Мартини Брют бел.брют,3170,,1300,Италия,"Треббьяно, Шардоне","11,5",,,,,,2000,1200
Игристое вино Просекко Мартини белое сухое,3550,,1500,Италия,Глера/Просекко,"11,5",,,,,,2100,1190
"Вино игристое Корте дей Рови Просекко Экстра Драй DOC белое сухое 0,75 л",3550,,1500,Италия,Глера/Просекко,11,,,,,,2000,1499
Вино игристое Мондоро Просекко защ.геогр.ук.бел.сух,4020,,1750,Италия,Глера/Просекко,11,,,,,,2300,1380
"Вино игристое Шампань Де Корветте Премье Крю белое брют 0,75 л",10080,мало,5000,Франция,Шардоне/Пино Нуар/Пино Менье,"12,5",,,,,,7000,4700
"Вино игристое выдержанное Моэт и Шандон Империаль белое брют 0,75 л",12790,,6450,Франция,Шардоне/Пино Нуар/Пино Менье,12,,,,,,9200,5900
"Вино игристое Вальпьяна Миллезимато Экстра Драй белое брют 0,75 л",,нет,нет,Италия,Глера,11,,,,,,1600,400
,,,,,,,,,,,,,
АСТИ,новая цена,Наличие,New,страна,сорт винограда,крепость,,,,,,цена,закуп
"Вино игристое Российское Премиум белое полусладкое 0,75 л",1200,,240,Россия,Белые сорта винограда,12,,,,,,1100,240
"Вино игристое Советское Шампанское белое полусладкое 0,75 л",1300,бристоль,300,Россия,Шардоне/Совиньон Блан/Алиготе/Рислинг/Кокур,11,,,,,,1100,250
"Вино игристое Массимо Висконти Ламбруско белое сладкое 0,75 л",1880,,600,Италия,Ламбруско,"7,5",,,,,,1500,500
"Вино игристое Исси Мальвазия Спуманте белое сладкое 0,75 л",2600,,990,Италия,Мальвазия/Мускат,7,,,,,,1800,890
"Вино игристое Атто Примо Асти белое сладкое 0,75 л",2610,,1000,Италия,Мускат,"7,5",,,,,,1900,990
Вино игристое Сант Орсола Асти DOCG белое сладкое,2610,,1000,Италия,Мускат,7,,,,,,1800,880
Вино игристое Чинзано Асти DOCG бел.сл,3370,,1400,Италия,Мускат,7,,,,,,2000,1190
Игристое вино Мартини Асти Пьемонт бел.сл,3550,,1500,Италия,Мускат,"7,5",,,,,,2100,1290
Вино игристое Мондоро Асти DOCG бел.сл,4020,,1750,Италия,Мускат,"7,5",,,,,,2300,1470
Напиток винный газ. Ламбруско Розато п/сл 0.75,,нет,нет,Россия,,8,,,,,,1000,200
Напиток винный газ. Ламбруско Бьянко п/сл 0.75,,нет,нет,Россия,,8,,,,,,1000,250
"Вино игристое Фальдео Асти DOCG белое сладкое 0,75 л",,нет,нет,Италия,Мускат,7,,,,,,1600,нет в наличии
,,,,,,,,,,,,,
ВЕРМУТ,новая цена,Наличие,New,,,,,,,,,цена,закуп
"Вермут Чинзано Бьянко белый сладкий 0,5 л",2240,,800,,,,,,,,,1500,730
"Напиток ароматизированный МАРТИНИ БЬЯНКО 15% БЕЛ. СЛ. 0,5Л",2610,,1000,,,,,,,,,1600,1000
"Вермут Мартини Экстра Драй белый сухой 0,75 л",2990,,1200,,,,,,,,,1900,1150
"Вермут Мартини Бьянко белый сладкий 0,75 л",2990,,1200,,,,,,,,,1900,950
"Вермут Мартини Фиеро сладкий 0,75 л",2990,,1200,,,,,,,,,1900,1100
Вермут ЧИНЗАНО БЬЯНКО 15% БЕЛ. СЛ. 1Л,3370,бристоль,1400,,,,,,,,,2100,1380
"Вермут Каза Позитано Бьянко белый сладкий 0,75 л",,нет в наличии,нет в наличии,,,,,,,,,1400,780
,,,,,,,,,,,,,
ПИВО,новая цена,Наличие,New,,,,,,,,,цена,закуп
"Пиво Жигули Барное светлое ст 0,31 л",199,,57,,,,,,,,,,
"пиво Рижское светлое ст 0,45 л",199,,55,,,,,,,,,,
"Пиво Белорусское светлое фильтрованное пастеризованное ст 0,5 л",199,,67,,,,,,,,,,
"Сидр Мистер Лис Яблоко ж/б 0,43 л",209,,64,,,,,,,,,,
"Пиво БАЛТИКА КЛАССИЧЕСКОЕ №3 СВЕТЛ. ФИЛЬТР. ПАСТЕР. СТ/Б 0,5Л",209,,64,,,,,,,,,,
"Пиво КРУШОВИЦЕ СВЕТЛ. ФИЛЬТР. ПАСТЕР. Ж/Б 0,43Л",219,,70,,,,,,,,,,
Козел светлое/темное,219,,80,,,,,,,,,200,79
"Пиво СТАРЫЙ МЕЛЬНИК ИЗ БОЧОНКА МЯГКОЕ СВЕТЛ. ФИЛЬТР. ПАСТЕР. СТ/Б 0,45Л",229,,70,,,,,,,,,,
"Пивной напиток СТАРЫЙ МЕЛЬНИК ИЗ БОЧОНКА БАРХАТНОЕ ТЕМН. ФИЛЬТР. ПАСТЕР. СТ/Б 0,45Л",229,,70,,,,,,,,,,
"Пиво LOWENBRAU ОРИГИНАЛЬНОЕ СВЕТЛ. ФИЛЬТР. ПАСТЕР. Ж/Б 0,45Л",229,,68,,,,,,,,,,
"Пивной напиток KRONE BLANCHE BIERE СВЕТЛ. НЕФИЛЬТР. ПАСТЕР. СТ/Б 0,45Л",239,,90,,,,,,,,,,
"Сидр Бон Сезон ст 0,4 л",239,,90,,,,,,,,,,
жигулевское,249,,50,,,,,,,,,150,50
"Эсса(Дыня-клубника,Кокос-манго,Ананас-грейпфрут)",249,,70,,,,,,,,,250,69
Хугарден,249,,89,,,,,,,,,250,79
шпатен ,299,лента,115,,,,,,,,,300,120
корона ,349,лента,130,,,,,,,,,350,140
"Пиво Хубер Вайссес Хеллес Хефе Вайссбир светлое нефильтрованное пастеризованное ст 0,5 л",625,,250,,,,,,,,,,
Пиво Bud 0.5 л (стяжка 4шт) ,999,,370,,,,,,,,,799,75
"Пиво Стелла Артуа светлое ст 0,44 л (стяжка 4шт) ",1199,(Кб/лента),430,,,,,,,,,1199,79
чешское,,нет,нет,,,,,,,,,200,90
"Пиво Хоп Райдер Уит Пэйл Эль светлое ж/б 0,33 л",219,нет,80,,,,,,,,,200,80
"Пиво Хоп Райдер Экстра Стаут темное ж/б 0,33 л",219,нет,80,,,,,,,,,200,80
"Пиво Хопфендорф Шварцбир темное фильтрованное пастеризованное ж/б 0,5 л",249,нет,80,,,,,,,,,250,89
"Пиво Хопфендорф Шварцбир темное ж/б 0,5 л",229,нет,80,,,,,,,,,200,70
"Пиво Белджиан Крон Лагер светлое ж/б 0,5 л",229,нет,80,,,,,,,,,200,90
"Пиво Евротур Шварц темное фильтрованное пастеризованное ж/б 0,5 л",229,нет,80,,,,,,,,,200,80
,,,,,,,,,,,,,
ПИВО 1л и больше,новая цена,Наличие,New,,,,,,,,,цена,
"Пиво СТАРЫЙ МЕЛЬНИК ИЗ БОЧОНКА МЯГКОЕ СВ.ФИ. 0,9Л",269,,109,,,,,,,,,250,
"Пиво ЖИГУЛЕВСКОЕ ТРАДИЦИОННОЕСВЕТЛ. ФИЛЬТР. 1,2Л",269,,110,,,,,,,,,250,
"Пиво Рижское светлое ПЭТ 1,3 л",299,,120,,,,,,,,,200,
"Пиво БЕЛЫЙ МЕДВЕДЬ СВЕТЛ. ФИЛЬТР. ПАСТЕР. ПЭТ 1,15Л",349,,140,,,,,,,,,300,
"Пиво Австрийское светлое ПЭТ 1,5 л",359,,150,,,,,,,,,300,
"Пиво CARLSBERG СВЕТЛ. ФИЛЬТР. ПАСТЕР. ПЭТ 1,35Л",369,,150,,,,,,,,,300,
"Пиво Живая Варка светлое ПЭТ 1,5 л",369,,150,,,,,,,,,300,
"Пиво Пшеничное мягкое ПЭТ 1,5 л",379,,150,,,,,,,,,300,
Разливное светлое фильтрованное 1л,399,,120,,,,,,,,,400,
Разливное светлое нефильтрованное 1л,399,,120,,,,,,,,,400,
Разливое темное 1л,399,,110,,,,,,,,,450,
"Пиво TUBORG GREEN СВЕТЛ. ФИЛЬТР. ПАСТЕР. ПЭТ 1,35Л",439,,170,,,,,,,,,350,
"Пиво ГЁССЕР СВЕТЛ. ФИЛЬТР. ПАСТЕР. ПЭТ 1,2Л",449,,180,,,,,,,,,300,
"Пиво Nord Land Beer светлое крепкое фильтрованное 1,2 л",,нет,нет,,,,,,,,,250,
,,,,,,,,,,,,,
НАПИТКИ Б\А,новая цена,наличие,закуп,,,,,,,,,,
Вода Аква Минерале газированная 2 л,169,,70,,,,,,,,,,
Вода Аква Минерале негаз 2 л,169,,70,,,,,,,,,,
"Минеральная вода Заветный родник негазированная 1,5 л",149,,50,,,,,,,,,,
"Вода Аква Люкс газ 1,5 л",149,,50,,,,,,,,,,
Вода минеральная Аш Тау Скважина 6К газированная 1 л,99,,35,,,,,,,,,,
Напиток ДОБРЫЙ КОЛА ГАЗ.  1Л,299,,100,,,,,,,,,,
Сок RICH ВИШНЯ 1Л,389,,180,,,,,,,,,,
Сок RICH ТОМАТ 1Л,349,,160,,,,,,,,,,
Сок RICH АПЕЛЬСИН\АНАНАС\ГРЕЙПФРУТ 1Л,399,,190,,,,,,,,,,
Сок Сады Придонья томатный с солью с мякотью\яблоко 1 л,339,,150,,,,,,,,,,
"Напиток НАТАХТАРИ ГРУША\ФЕЙХОА\САПЕРАВИ СТ/Б 0,5Л",299,,108,,,,,,,,,,
"Напиток LIPTON ЗЕЛЕНЫЙ ЧАЙ\ЧЕРНЫЙ ЛИМОН НЕГАЗ. 0,5л",249,,90,,,,,,,,,,
Напиток Рич индиан тоник\биттер лимон сильногазированный 1 л,319,,135,,,,,,,,,,
Газированный напиток Эвервесс Биттер Лимон 1 л,239,,80,,,,,,,,,,
"Газированный напиток Старые Добрые Традиции Лимонад ст 0,5 л",159,,40,,,,,,,,,,
"Квас Добрый хлеб фильтрованный пастеризованный 1,5 л",169,,50,,,,,,,,,,
"Чай IceTea Лимон\лесные ягоды\малина 0,5 л",139,,50,,,,,,,,,,
"Минеральная вода Ессентуки Целебная газированная ст 0,5 л",129,,40,,,,,,,,,,
"Нектар Сады Придонья мультифрутовый\яблоко\черешня 0,95 л",399,,209,,,,,,,,,,
Газированный напиток Экспорт Стаил Классик Кола 2 л,299,,100,,,,,,,,,,
,,,,,,,,,,,,,
НАПИТКИ Б\А,новая цена,наличие,закуп,,,,,,,,,,
Вода Аква Минерале газированная 2 л,169,,70,,,,,,,,,,
Вода Аква Минерале негаз 2 л,169,,70,,,,,,,,,,
"Минеральная вода Заветный родник негазированная 1,5 л",149,,50,,,,,,,,,,
"Вода Аква Люкс газ 1,5 л",149,,50,,,,,,,,,,
Вода минеральная Аш Тау Скважина 6К газированная 1 л,99,,35,,,,,,,,,,
Напиток ДОБРЫЙ КОЛА ГАЗ.  1Л,299,,100,,,,,,,,,,
Сок RICH ВИШНЯ 1Л,389,,180,,,,,,,,,,
Сок RICH ТОМАТ 1Л,349,,160,,,,,,,,,,
Сок RICH АПЕЛЬСИН\АНАНАС\ГРЕЙПФРУТ 1Л,399,,190,,,,,,,,,,
Сок Сады Придонья томатный с солью с мякотью\яблоко 1 л,339,,150,,,,,,,,,,
"Напиток НАТАХТАРИ ГРУША\ФЕЙХОА\САПЕРАВИ СТ/Б 0,5Л",299,,108,,,,,,,,,,
"Напиток LIPTON ЗЕЛЕНЫЙ ЧАЙ\ЧЕРНЫЙ ЛИМОН НЕГАЗ. 0,5л",249,,90,,,,,,,,,,
Напиток Рич индиан тоник\биттер лимон сильногазированный 1 л,319,,135,,,,,,,,,,
Газированный напиток Эвервесс Биттер Лимон 1 л,239,,80,,,,,,,,,,
"Газированный напиток Старые Добрые Традиции Лимонад ст 0,5 л",159,,40,,,,,,,,,,
"Квас Добрый хлеб фильтрованный пастеризованный 1,5 л",169,,50,,,,,,,,,,
"Чай IceTea Лимон\лесные ягоды\малина 0,5 л",139,,50,,,,,,,,,,
"Минеральная вода Ессентуки Целебная газированная ст 0,5 л",129,,40,,,,,,,,,,
"Нектар Сады Придонья мультифрутовый\яблоко\черешня 0,95 л",399,,209,,,,,,,,,,
Газированный напиток Экспорт Стаил Классик Кола 2 л,299,,100,,,,,,,,,,
,,,,,,,,,,,,,
СИГАРЕТЫ И СТИКИ (за пачку),новая цена,Наличие,New,,,,,,,,,цена, закуп
Сигареты LUCKY STRIKE Green,399,,159,,,,,,,,,350,159
Сигареты Ротманс Грин,399,,159,,,,,,,,,350,159
Сигареты Ротманс Дэми Классик,419,,170,,,,,,,,,350,170
Сигареты Камелл Желтый,449,,180,,,,,,,,,400,180
Сигареты Камелл Компакт,449,,180,,,,,,,,,350,180
Сигареты LUCKY STRIKE XL,469,,190,,,,,,,,,350,190
Стики NEO Ванилла\Тобакко\Тропик,469,,190,,,,,,,,,450,190
Стики IQOS Heets Янтарные\Бронзовые\Голд\Грин\Фиол.\Слайт\Самер Бриз,499,,200,,,,,,,,,450,200
Сигареты Винстон Вайт,499,,200,,,,,,,,,400,200
Сигареты Винстон ИксСтайл,499,,202,,,,,,,,,400,202
Сигареты Винстон xs blue Тонкие,509,,223,,,,,,,,,450,223
Сигареты Парламент Платинум Блю,539,,230,,,,,,,,,450,230
Сигареты Винстон XS компакт блю,539,,230,,,,,,,,,400,230
Сигареты Винстон Рэд,539,,230,,,,,,,,,450,230
Сигареты Винстон Блю,539,,230,,,,,,,,,400,230
Сигареты Винстон Сильвер,539,,233,,,,,,,,,400,233
Сигареты Винстон Классик,549,,240,,,,,,,,,400,240
Сигареты Парламент аква блю,559,,279,,,,,,,,,500,279
Сигареты Парламент сильвер блю,619,,279,,,,,,,,,500,279
Сигареты Парламент One,629,,279,,,,,,,,,500,279
,,,,,,,,,,,,,
ЭЛЕКТРОНКИ,новая цена,Наличие,New,,,,,,,,,цена,
бристоль или любой продуктовый/вейпшоп,,,,,,,,,,,,,
Электронная одноразовая система от 2000тяг,3599,,,,,,,,,,,1600,
"(дыня, кола, банан, ягодный микс, клубничный коктейль,",,,,,,,,,,,,,
"гуава-маракуйа, малина-арбуз, яблоко, мармелад, манго",,,,,,,,,,,,,
Электронная одноразовая система от 5000тяг,4199,,,,,,,,,,,2900,
"(банан, ягодный микс, клубника,маракуйа,яблоко,манго)",,,,,,,,,,,,,
,,,,,,,,,,,,,
СНЭКИ И ДР,новая цена,Наличие,New,,,,,,,,,цена,
ЛУКОВЫЕ КОЛЬЦА СМЕТАНА\СЫР 45г,109,,40,,,,,,,,,100,
Сухарики КИРИЕШКИ ЧИЗБУРГЕР\ОГУРЦЫ\ШАШЛЫК\,119,,50,,,,,,,,,100,
ХОЛОДЕЦ С ХРЕНОМ\ВЕТЧИНА СЫР\СТЕЙК\СЕМГА\ 60г,,,,,,,,,,,,,
Сухарики ХРУСTEAM ЧИАБАТТА ОЛИВКИ\ВЕТЧИНА\,199,,50,,,,,,,,,200,
КРАБ\ТОМАТ\СЫРНОЕ АССОРТИ\СМЕТАНА ЗЕЛЕНЬ 60г ,,,,,,,,,,,,,
Семечки ОТ МАРТИНА ЖАРЕНЫЕ МОРСКАЯ СОЛЬ 100Г,229,,70,,,,,,,,,150,
Чипсы Лэйс Бекон\Краб\Лук/Сменана зелень 90г,249,,100,,,,,,,,,250,
Чипсы Лэйс Бекон\Краб\Лук/Сменана зелень 140г,349,,100,,,,,,,,,350,
Фисташки «ОТЕЦ ОРЕХ» ЖАРЕНЫЕ СОЛЕНЫЕ,449,,220,,,,,,,,,400,
Миндаль «ОТЕЦ ОРЕХ» ЖАРЕНЫЙ 150Г,479,,250,,,,,,,,,350,
Фундук «ОТЕЦ ОРЕХ» ЖАРЕНЫЙ 150Г,489,,260,,,,,,,,,350,
Чипсы соломкой POMSTICKS С СОЛЬЮ\СМЕТАНА 100Г,349,нет,110,,,,,,,,,250,
,,,,,,,,,,,,,
"МЯСО, РЫбА И СЫР КОПЧЕНОЕ\НАРЕЗНОЕ",новая цена,Наличие,New,,,,,,,,,цена,закуп
Колбаса Микоян сырокопченая 80г,149,,60,,,,,,,,,150,60
Крабовые палочки 200г,239,,90,,,,,,,,,200,90
Сыр копченый косичка 90г,299,,100,,,,,,,,,300,100
Сервелат 300г,349,,130,,,,,,,,,350,130
Рыба Копченная ПОРТ АРТУР Желтый полосатик\,359,,140,,,,,,,,,300,140
Сыр плавленый HOCHLAND\PRESIDENT 150г,369,,150,,,,,,,,,350,150
Кольца кальмара\Мясо кальмара сушено-вяленое\ ,369,,150,,,,,,,,,,150
Кальмар сушеный\Стружка минтая\ 60г,379,,150,,,,,,,,,,150
Сосиски МОЛОЧНЫЕ 290Г,399,,170,,,,,,,,,300,170
Филе сельди\горбуша/скумбрия 200г,439,,200,,,,,,,,,250,200
Сыр в ассортименте 180г,799,,200,,,,,,,,,800,200
,,,,,,,,,,,,,
ШОКОЛАД И КОНФЕТЫ,цена,наличие,закуп,,,,,,,,,,
Набор конфет RAFFAELLO 150Г коробка,800,,350,,,,,,,,,,
Набор конфет Ферреро Роше 125г коробка,800,,350,,,,,,,,,,
"Шоколад Чоко энд Натс молочный с цельным фундуком\с миндалем\белый с цельным фундуком, 200г",600,,259,,,,,,,,,,
"Набор конфет Мерси ассорти, 250 г коробка",800,,350,,,,,,,,,,
"Набор конфет Тоффифе, 125 г коробка",600,,,,,,,,,,,,
Шоколад Милка молочный с карамелью\молочный\ с фундуком\миндаль и лесные ягоды 90г,200,,85,,,,,,,,,,
"Набор конфет ОРЕШКА с цельным фундуком со вкусом сливок, 150 г",500,,120,,,,,,,,,,
"Набор конфет Дав Promises ассорти, 118г, коробка",750,,300,,,,,,,,,,
"Набор конфет Родные Просторы с вафельной крошкой, 180 г",450,,160,,,,,,,,,,
"Шоколад Милка Мммакс Арахис и Карамель, 270 г",850,,400,,,,,,,,,,
"Конфеты А.Коркунов Шоколадная палитра, 143 г коробка",600,,250,,,,,,,,,,
Шоколад Альпен Гольд молочный\молочный Орео\с фундуком\ с черникой и йогуртом 80 г,180,,70,,,,,,,,,,