МОСКВА,новая цена,Наличие,New,страна,сорт винограда,крепость,,,,,,,,,,,,300,,,,,,,,цена
ВИНО БЕЛОЕ СУХОЕ,,,,,,,,,,,,,,,,,,300,,,,,,,,
"Вино Айси Цинандали белое сухое 0,75 л",1640,,480,Грузия,Ркацители\Мцване Кахури,"12,5",,,,,,,,,,,,500,,,,,,,,1299
"Вино Калмеда Совиньон Блан-Москатель белое сухое 0,75 л",1810,,570,Чили,Совиньон Блан\Москатель,12,,,,,,,,,,,,620,,,,,,,,1499
Вино Бродлиф Совиньон Блан белое сухое,1920,,630,ЮАР,Совиньон Блан,"12,5",,,,,,,,,,,,690,,,,,,,,1599
Вино Тенуте Дель Неччио Орвието Классико DOC белое сухое,2090,,720,Италия,"Грекетто, Проканико, Шардоне","12,5",,,,,,,,,,,,850,,,,,,,,1699
Вино Пьетраме Пино Гриджо Терре ди Кьети Абруццо IGP белое сухое,2300,,830,Италия,Пино Гриджио,"12,5",,,,,,,,,,,,900,,,,,,,,1899
"Вино Универсале белое полусухое 0,75 л",2340,,850,Италия,Грилло\Совиньон\Верментино,12,,,,,,,,,,,,950,,,,,,,,1899
"Вино Н Нивариус белое сухое 0,75 л",1880,,600,Испания,Темпранильо/Бланко,12.5,,,,,,,,,,,,1000,,,,,,,,1999
Вино Маркес Де Касерес Бланко белое сухое 0.75,2570,,970,Испания,,,,,,,,,,,,,,1500,,,,,,,,2199
"Вино Ла Форшетьер Совиньон Блан белое сухое 0,75 л",2610,,1000,Франция,Совиньон Блан,"11,5",,,,,,,,,,,,500,,,,,,,,2499
"Вино Терра Норте ДО Риас Байшас белое сухое 0,75 л",3550,,1500,Испания,Альбариньо,"13,5",,,,,,,,,,,,300,,,,,,,,3999
Вино Трамонтана Сицилия белое сухое,,нет,500,Италия,Треббьяно,11,,,,,,,,,,,,550,,,,,,,,1299
Вино Санта Лус Альба Совиньон Блан Центральная долина белое сухое,,НЕТ,НЕТ,Чили,Совиньон Блан,12,,,,,,,,,,,,1500,,,,,,,,1499
"Вино Солторо Вердехо белое сухое 0,75 л",,НЕТ,НЕТ,Испания,Вердехо ,"11,5",,,,,,,,,,,,,,,,,,,,1299
"Вино Маркези Спинола Гави Биолоджико DOCG белое сухое 0,75 л",,НЕТ,НЕТ,Италия,Кортезе,"12,5",,,,,,,,,,,,закуп,,,,,,,,2999
,,,,,,,,,,,,,,,,,,350,,,,,,,,
ВИНО БЕЛОЕ ПОЛУСЛАДКОЕ,новая цена,Наличие,New,страна,сорт винограда,крепость,,,,,,,,,,,,320,,,,,,,,цена
"Вино Музаради Алазанская Долина белое полусладкое 0,75 л",1840,,580,Грузия,Ркацители\Белые сорта винограда,"12,5",,,,,,,,,,,,370,,,,,,,,1299
"Вино Кахури Гвинис Марани Алазанская Долина белое полусладкое 0,75 л",1670,,490,Грузия,Ркацители,12,,,,,,,,,,,,500,,,,,,,,1299
Вино Трамонтана Сицилия белое полусладкое,1680,,500,Италия,Треббьяно,"10,5",,,,,,,,,,,,400,,,,,,,,1399
"Вино Бадагони Алазанская Долина белое полусладкое 0,75 л",1880,,600,Грузия,Ркацители,"10,5",,,,,,,,,,,,450,,,,,,,,1399
"Вино Алазанская Долина Алаверди белое полусладкое 0,75 л",1670,,490,Грузия,Ркацители\Кахури Мцване,13,,,,,,,,,,,,590,,,,,,,,1499
"Вино Блэк Бёрд Вестерн Кейп Во белое полусладкое 0,75 л",1600,,450,ЮАР,Шенен Блан,"11,5",,,,,,,,,,,,600,,,,,,,,1599
"Вино Энгельшайн Либлих белое полусладкое 0,75 л",1920,,630,Германия,Айрен\Треббьяно\Макабео,"9,5",,,,,,,,,,,,800,,,,,,,,1699
"Вино Пиккола Джойа Мальвазия Рубиконе ИГТ белое полусладкое 0,75 л",2060,,700,Италия,Маливазия,9,,,,,,,,,,,,990,,,,,,,,1699
Вино Лизард Рислинг бел.п/сл,2240,,800,Германия,Рислинг,11,,,,,,,,,,,,370,,,,,,,,1899
Вино Маркес Де Касерес Сантинела Риоха DOC белое полусладкое,2610,,1000,Испания,"Мальвазия, Виура/Макабео",11.5,,,,,,,,,,,,,,,,,,,,2899
"Вино Tabla Алазанская Долина белое полусладкое 0,75 л",,НЕТ,НЕТ,Грузия,Ркацители\Цоликоури,"11,5",,,,,,,,,,,,закуп,,,,,,,,1399
,,,,,,,,,,,,,,,,,,470,,,,,,,,
ВИНО БЕЛОЕ ПОЛУСУХОЕ,новая цена,Наличие,New,страна,сорт винограда,крепость,,,,,,,,,,,,550,,,,,,,,цена
"Вино Терра де Оро Шардоне белое полусухое 0,75 л",1630,,470,Чили,Шардоне,13,,,,,,,,,,,,730,,,,,,,,1599
Вино PIETRAME Chardonnay Passerina 0.7 б/п.сух,2240,,800,,,,,,,,,,,,,,,,,,,,,,,
"Вино Вилла Анна Пино Гриджио белое полусухое 0,75 л",1880,,600,Италия,Пино Гриджио,12,,,,,,,,,,,,620,,,,,,,,1699
"Вино Вейнцунфт Рислинг Мозель белое полусухое 0,75 л",2300,,830,Германия,Рислинг,12,,,,,,,,,,,,800,,,,,,,,1749
Вино Маре Альта Винью Верде DOC белое полусухое,2060,,700,Португалия,"Аринто/Падерна, Лоурейро",10,,,,,,,,,,,,900,,,,,,,,1799
Вино Лизард Рислинг Трокен белое полусухое,2240,,800,Германия,Рислинг,12,,,,,,,,,,,,950,,,,,,,,1899
"Вино Примо Фиоре Фамозо белое полусухое 0,75 л",2430,,900,Италия,Фамозо,"12,5",,,,,,,,,,,,950,,,,,,,,2399
"Вино Зибенштейн Совиньон Блан Пфальц белое полусухое 0,75 л",2520,,950,Германия,Совиньон Блан,"12,5",,,,,,,,,,,,1000,,,,,,,,2499
"Вино Зибенштейн Рислинг Пфальц белое полусухое 0,75 л",2570,,970,Германия,Рислинг,12,,,,,,,,,,,,,,,,,,,,2499
Вино Макуту Бей Совиньон Блан белое полусухое ,2890,,1150,Новая Зеландия,Совиньон Блан,12,,,,,,,,,,,,закуп,,,,,,,,2999
,,,,,,,,,,,,,,,,,,550,,,,,,,,
ВИНО РОЗОВОЕ СУХОЕ,новая цена,Наличие,New,страна,сорт винограда,крепость,,,,,,,,,,,,800,,,,,,,,цена
"Вино Бродлиф Совиньон Блан розовое сухое 0,75 л",1920,,630,ЮАР,Совиньон Блан\Пино Нуар,"12,5",,,,,,,,,,,,500,,,,,,,,1899
"Вино Розато Тоскана Тенуте Россетти розовое сухое 0,75 л",2240,,800,Италия,Санджовезе\Мерло,"12,5",,,,,,,,,,,,500,,,,,,,,2499
"Вино Кампо Вента Дон Хуан Тиерра де Кастилья розовое сухое 0,75 л",,НЕТ,НЕТ,Испания,Бобаль,12,,,,,,,,,,,,,,,,,,,,1599
"Вино жемчужное Кашу Фрешку розовое сухое 0,75 л",,НЕТ,НЕТ,Португалия,Арагонеш\Каштелау,"11,5",,,,,,,,,,,,закуп,,,,,,,,1599
,,,,,,,,,,,,,,,,,,500,,,,,,,,
ВИНО РОЗОВОЕ ПОЛУСУХОЕ,новая цена,Наличие,New,страна,сорт винограда,крепость,,,,,,,,,,,,620,,,,,,,,цена
"Вино Бриза ду Мар Винью Верде DOC розовое полусухое 0,75 л",1360,,650,Португалия,Виньяу\Амарал\Боррасал,10,,,,,,,,,,,,750,,,,,,,,1599
"Вино Маре Альта Винью Верде розовое полусухое 0,75 л",1410,,700,Португалия,Виньаон\Боррасал\Эшпадейро,10,,,,,,,,,,,,,,,,,,,,1999
"Вино Галеоне Примитиво Мерло Розе Апулия розовое полусухое 0,75 л",1520,,830,Италия,Примитиво/Мерло,"12,5",,,,,,,,,,,,закуп,,,,,,,,2499
,,,,,,,,,,,,,,,,,,250,,,,,,,,
ВИНО КРАСНОЕ СУХОЕ,новая цена,Наличие,New,страна,сорт винограда,крепость,,,,,,,,,,,,490,,,,,,,,цена
"Вино Саперави красное сухое 0,75 л",1260,,270,Россия,Саперави,11,,,,,,,,,,,,400,,,,,,,,1299
"Вино Кинта дель Дуке Виньо Тинто красное сухое 0,75 л",1680,,500,Испания,Темпранильо,11,,,,,,,,,,,,570,,,,,,,,1599
"Вино Сол де Плата Мальбек красное сухое 0,75 л",1960,,650,Аргентина,Мальбек,"13,5",,,,,,,,,,,,870,,,,,,,,1699
"Вино Марселино Риоха красное сухое 0,75 л",2000,,670,Испания,Темпранильо,"13,5",,,,,,,,,,,,670,,,,,,,,1799
"Вино Марселино Ресерва Риоха ДОКа красное сухое 0,75 л",2060,мало,700,Испания,Темпранильо,"13,5",,,,,,,,,,,,650,,,,,,,,2099
"Вино Саперави Бадагони красное сухое 0,75 л",2130,,740,Грузия,Саперави,13,,,,,,,,,,,,770,,,,,,,,1799
"Вино Марселино Риоха Крианза красное сухое 0,75 л",2190,,770,Испания,Темпранильо,"12,5",,,,,,,,,,,,800,,,,,,,,1999
"Вино Тенуте Дель Неччио Кьянти красное сухое 0,75 л",2240,,800,Италия,"Санджовезе, Мальвазия Нера, Чильеджоло",13,,,,,,,,,,,,1000,,,,,,,,1999
"Вино Ультимо Бастион Бобаль Гарнача Крианца красное сухое 0,75 л",2240,,800,Испания,Бобаль\Гарнача,"12,5",,,,,,,,,,,,1300,,,,,,,,2099
"Вино Бариста Пинотаж красное сухое 0,75 л",2610,,1000,ЮАР,Пинотаж,13,,,,,,,,,,,,1350,,,,,,,,2199
"Вино Сеньорио Де Ла Ералта Гран Резерва красное сухое 0,75 л",3170,,1300,Испания,Темпранильо,"13,5",,,,,,,,,,,,1400,,,,,,,,2899
Вино Маркес Де Касерес Крианса красное сухое 0.75,3270,,1350,Испания,Темпранильо/Гарнача/Грасиано,14,,,,,,,,,,,,770,,,,,,,,2949
"Вино Патриа Чика красное сухое 0,75 л",3370,,1400,Испания,Темпранильо\Гарнача\Мерло\Каберне Совиньон,"14,5",,,,,,,,,,,,700,,,,,,,,2999
"Вино Терраш де Монсараш красное сухое 0,75 л",,НЕТ,500,Португалия,Тринкадейра\Арагонеш\Кастелао,"13,5",,,,,,,,,,,,770,,,,,,,,1799
Вино Трамонтана Апулия красное сухое,,нет,550,Италия,Санджовезе,11,,,,,,,,,,,,670,,,,,,,,1399
"Вино Тенуте Дель Неччио Кьянти Ризерва красное сухое 0,75 л",,нет,нет,Италия,Санджовезе,"12,5",,,,,,,,,,,,700,,,,,,,,1999
"Вино Мирла Бэй Пино Нуар красное сухое 0,75 л",,НЕТ,НЕТ,Чили,Пино Нуар,"12,5",,,,,,,,,,,,,,,,,,,,1899
"Вино Бардолино Валлезелле Пьеве Сан Вито красное сухое 0,75 л",,НЕТ,НЕТ,Италия,Корвина\Рондинелла\Молинара\Неграра,13,,,,,,,,,,,,закуп,,,,,,,,1899
,,,,,,,,,,,,,,,,,,450,,,,,,,,
ВИНО КРАСНОЕ ПОЛУСЛАДКОЕ,новая цена,Наличие,New,страна,сорт винограда,крепость,,,,,,,,,,,,330,,,,,,,,цена
"Вино Блэк Бёрд Вестерн Кейп Во красное полусладкое 0,75 л",1600,,450,ЮАР,Пинотаж,"13,5",,,,,,,,,,,,530,,,,,,,,1499
"Вино Музаради Киндзмараули красное полусладкое 0,75 л",1780,,550,Грузия,Саперави,11,,,,,,,,,,,,500,,,,,,,,1599
"Вино Рио Рика Ред Бленд красное полусладкое 0,75 л",1780,,550,Чили,Каберне Совиньон\Карменер\Шираз,"12,5",,,,,,,,,,,,530,,,,,,,,1699
"Вино Мукузани Кахури Гвинис Марани красное сухое 0,75 л",1780,,550,Грузия,Саперави,12,,,,,,,,,,,,600,,,,,,,,1499
"Вино Кахури Киндзмараули красное полусладкое 0,75 л",1850,,590,Грузия,Саперави,12,,,,,,,,,,,,630,,,,,,,,1699
"Вино Киндзмараули Шалвино красное полусладкое 0,75 л",2030,,690,Грузия,Саперави,12,,,,,,,,,,,,990,,,,,,,,1899
"Вино Киндзмараули Бадагони красное полусладкое 0,75 л",2320,,840,Грузия,Саперави,11,,,,,,,,,,,,490,,,,,,,,1999
"Вино Киндзмараули Виниверия красное полусладкое 0,75 л",2810,,1100,Грузия,Саперави,12,,,,,,,,,,,,,,,,,,,,2499
Вино Трамонтана Апулия красное полусладкое,,нет,500,Италия,Санджовезе,"10,5",,,,,,,,,,,,550,,,,,,,,1299
"Вино Tabla Киндзмараули красное полусладкое 0,75 л",,НЕТ,НЕТ,Грузия,Саперави,"11,5",,,,,,,,,,,,закуп,,,,,,,,1499
,,,,,,,,,,,,,,,,,,400,,,,,,,,
ВИНО КРАСНОЕ ПОЛУСУХОЕ,новая цена,Наличие,New,страна,сорт винограда,крепость,,,,,,,,,,,,770,,,,,,,,цена
"Вино Пиросмани Кахури Гвинис Марани красное полусухое 0,75 л",1600,,450,Грузия,Саперави,"11,5",,,,,,,,,,,,730,,,,,,,,1499
"Вино Пьетраме Монтепульчано Д`Абруццо красное полусухое 0,75 л",2000,,670,Италия,Монтепульчано,13,,,,,,,,,,,,650,,,,,,,,1999
"Вино Бастиони Делла Рокка Аппассименто красное полусухое 0,75 л",2060,,700,Италия,Примитиво\Негроамаро,15,,,,,,,,,,,,700,,,,,,,,1849
"Вино Фортецца деи Колли Негроамаро красное полусухое 0,75 л",2120,,730,Италия,Негроамаро,13,,,,,,,,,,,,770,,,,,,,,1799
"Вино Фортецца Деи Колли Примитиво красное полусухое 0,75 л",2190,,770,Италия,Примитиво,"13,5",,,,,,,,,,,,870,,,,,,,,1899
"Вино Пьетраме Монтепульчано Д`Абруццо Лимитата кр.полусух 0,75 л",2370,,870,Италия,Монтепульчано,13,,,,,,,,,,,,900,,,,,,,,1999
"Вино Виллакьяра Неро Д`Авола Сицилия ДОП красное полусухое 0,75 л",2370,,870,Италия,Неро д'Авола,13,,,,,,,,,,,,850,,,,,,,,2599
"Вино Примо Фиоре Ува Лонганези красное полусухое 0,75 л",2430,,900,Италия,Ува Лонганези,"13,5",,,,,,,,,,,,950,,,,,,,,2699
"Вино Эпикуро Примитиво красное полусухое 0,75 л",2480,,930,Италия,Примитиво,14,,,,,,,,,,,,1000,,,,,,,,2499
"Вино Пино Нуар Лесс Зибенштейн красное полусухое 0,75 л",2520,,950,Германия,Пино Нуар,"12,5",,,,,,,,,,,,950,,,,,,,,2799
"Вино Баррелая красное полусухое 0,75 л",2610,,1000,Италия,Мерло\Каберне Совиньон\Сира/Шираз\Санджовезе,"13,5",,,,,,,,,,,,1200,,,,,,,,2999
"Вино Кьянти Ризерва красное полусухое 0,75 л",2810,,1100,Италия,Санджовезе\Мерло,13,,,,,,,,,,,,1100,,,,,,,,2799
"Вино Неро ди Тройя красное полусухое 0,75 л",2990,,1200,Италия,Неро ди Троя,15,,,,,,,,,,,,1300,,,,,,,,3299
"Вино Орапьена Монтепульчано д'Абруццо Ризерва красное полусухое 0,75 л",3170,,1300,Италия,Монтепульчано,"13,5",,,,,,,,,,,,1400,,,,,,,,3099
"Вино Сузуманьелло Гран Аппассо красное полусухое 0,75 л",3170,,1300,Италия,Сузуманьелло,"14,5",,,,,,,,,,,,850,,,,,,,,3399
Вино ВайНот?! IGP красное полусухое,3370,,1400,Италия,Зинфандель,15,,,,,,,,,,,,470,,,,,,,,3499
"Вино Кот де Сомме Пино Нуар красное полусухое 0,75 л",,нет,НЕТ,Франция,Пино Нуар,14,,,,,,,,,,,,500,,,,,,,,2499
"Вино Спенсер Бэй Пинотаж красное полусухое 0,75 л",,НЕТ,НЕТ,ЮАР,Пинотаж,"13,5",,,,,,,,,,,,,,,,,,,,1599
"Вино Кальдора Санджовезе Мерло красное полусухое 0,75 л",,НЕТ,НЕТ,Италия,Санджовезе\Мерло,"13,5",,,,,,,,,,,,закуп,,,,,,,,1599
,,,,,,,,,,,,,,,,,,,,,,,,,,
ПОРТВЕЙН,новая цена,наличие,New,Наличие,страна,сорт винограда,крепость,,,,,,,,,,,,,,,,,,,
"Вино ликерное ПОРТВЕЙН Красный Гурзуф крепкое красное 0,75 л",1600,,450,,Россия,Бастардо\Магарачский\Каберне Совиньон\Саперави,17,,,,,,,,,,,,,,,,,,,
"Вино ликерное Портвейн белый Гурзуф Крым крепкое белое 0,75 л",1600,,450,,Россия,Кокур\Первенец Магарача\Шардоне\Алиготе\Ркацители\Мускат\Италия\Мускат Янтарный,17,,,,,,,,,,,,,,,,,,,
"Вино ликерное Массандра Портвейн Белый Крымский 0,75 л",2000,,670,,Россия,Кокур\Ркацители\Алиготе,"17,5",,,,,,,,,,,,,,,,,,,
"Портвейн Гравураш ду Коа Порто Руби красный сладкий 0,75 л",2610,,1000,,Португалия,Турига Франка\Тинта Баррока\Тинта Амарела\Тинта Рориш,19,,,,,,,,,,,,,,,,,,,
,,,,,,,,,,,,,,,,,,,,,,,,,,
"ВОДКА 0,5л",новая цена,Наличие,New,,,,,,,,,,,,,,,308,,,,,,,,цена
"Водка Зимняя деревенька на солодовом спирте 0,5",1550,,430,,,,,,,,,,,,,,,440,,,,,,,,1399
"Водка Тундра Аутентик 0,5",1570,,440,,,,,,,,,,,,,,,400,,,,,,,,1299
"Водка Русский Стандарт Голд 0,5",1680,,500,,,,,,,,,,,,,,,490,,,,,,,,1499
"Водка Белая Березка 0,5",1780,,550,,,,,,,,,,,,,,,460,,,,,,,,1399
"Водка виноградная Найт Габриелло Граппа Нобиле 0,5 л",2610,,1000,,,,,,,,,,,,,,,920,,,,,,,,2399
"Водка Белуга Нобл 0,5 л",2990,,1200,,,,,,,,,,,,,,,1100,,,,,,,,2299
"Водка ЧИСТЫЕ РОСЫ 40% 0,5Л ",2990,,1200,,,,,,,,,,,,,,,1490,,,,,,,,2399
"Водка АБСОЛЮТ 40% 0,5Л ",,нет,нет,,,,,,,,,,,,,,,,,,,,,,,2699
"Водка Белый чай имбирь 0,5 л",,нет,нет,,,,,,,,,,,,,,,закуп,,,,,,,,1799
,,,,,,,,,,,,,,,,,,,,,,,,,,
"ВОДКА 0,7л",новая цена,Наличие,New,,,,,,,,,,,,,,,308,,,,,,,,цена
"Водка Зимняя Деревенька на солодовом спирте  0,7",1850,,590,,,,,,,,,,,,,,,500,,,,,,,,1599
"Водка Тундра Аутентик 0,7",1880,,600,,,,,,,,,,,,,,,620,,,,,,,,1599
"Водка Белая Березка  0,7",2060,,700,,,,,,,,,,,,,,,650,,,,,,,,1699
"Водка Русский Стандарт  0,7",2060,,700,,,,,,,,,,,,,,,700,,,,,,,,1799
"Водка Дикий мед классика туба 0,7 л",2130,,740,,,,,,,,,,,,,,,760,,,,,,,,1799
Водка Органика Лайф 0.7л ,3550,бристоль,1500,,,,,,,,,,,,,,,1370,,,,,,,,2999
"Водка БЕЛУГА ТРАНСАТЛАНТИК РЕЙСИНГ 40% 0,7Л ",4090,,1790,,,,,,,,,,,,,,,1400,,,,,,,,3299
"Водка ЧИСТЫЕ РОСЫ 40% 0,7Л ",4110,,1800,,,,,,,,,,,,,,,1700,,,,,,,,2999
"Водка Суммум 0,7 л",4110,,1800,,,,,,,,,,,,,,,5320,,,,,,,,3899
"Водка виноградная ГРАППА ПО ДИ ПОЛИ МОРБИДА 40% ТУБА 0,7Л",8960,бристоль,4400,,,,,,,,,,,,,,,1150,,,,,,,,7499
"Водка виноградная ГРАППА КЛЕОПАТРА АМАРОНЕ ОРО 40% ТУБА 0,7Л",13810,бристоль,7000,,,,,,,,,,,,,,,600,,,,,,,,8499
"Водка АБСОЛЮТ 40% 0,7Л ",,нет,1830,,,,,,,,,,,,,,,4400,,,,,,,,3199
,,,,,,,,,,,,,,,,,,,,,,,,,,
ВОДКА 1л,новая цена,Наличие,New,,,,,,,,,,,,,,,308,,,,,,,,цена
Водка Зимняя Деревенька на солодовом спирте 1л,2240,бристоль,800,,,,,,,,,,,,,,,840,,,,,,,,1899
Водка Белая Березка 1л,2520,,950,,,,,,,,,,,,,,,1000,,,,,,,,1899
Водка Русский Стандарт 1л,2470,,920,,,,,,,,,,,,,,,940,,,,,,,,1999
Водка Медведь 1 л,2780,,1090,,,,,,,,,,,,,,,900,,,,,,,,2099
,,,,,,,,,,,,,,,,,,,,,,,,,,
"ВИСКИ 0,5л",новая цена,Наличие,New,,,,,,,,,,,,,,,690,,,,,,,,цена
"Виски Наки Томпсон 3 года купажированный 0,5",2320,,840,,,,,,,,,,,,,,,800,,,,,,,,1799
Виски шотландский THE FAMOUS GROUSE 40% 0.5 л,2610,,1000,,,,,,,,,,,,,,,,,,,,,,,
"Виски Вильям Лоусонс не менее 3 лет купажир. 0,5",2610,,1000,,,,,,,,,,,,,,,960,,,,,,,,1899
"Виски Вильям Лоусонс Супер Спайсд купажир. 0,5 л",2610,,1000,,,,,,,,,,,,,,,1090,,,,,,,,1899
"Виски шотландский ЧИВАС РИГАЛ 12 ЛЕТ 40% П/УП. 0,5Л",6350,,3000,,,,,,,,,,,,,,,4000,,,,,,,,5499
"Виски бурбон ДЖИМ БИМ 4 ГОДА БЕЛ. ЭТИК. 40% 0,5Л ",,нет,нет,,,,,,,,,,,,,,,2760,,,,,,,,2899
"Виски  МАКАЛЛАН ТРИПЛ КАСК МЕЙЧУРД 12 ЛЕТ ОДНОСОЛОД.  0,5Л",,нет,нет,,,,,,,,,,,,,,,9797,,,,,,,,14999
,,,,,,,,,,,,,,,,,,,,,,,,,,
"ВИСКИ 0,7л",новая цена,Наличие,New,,,,,,,,,,,,,,,690,,,,,,,,цена
"Виски купажированный шотландский Нобл Стаг 3 года 0,7 л",2370,,870,,,,,,,,,,,,,,,777,,,,,,,,1699
"Виски Наки Томпсон 3 года купажированный 0,7",2810,,1100,,,,,,,,,,,,,,,1030,,,,,,,,1999
"Виски купажированный шотландский Сир Эдвардс 0,7 л",3090,,1250,,,,,,,,,,,,,,,1000,,,,,,,,2499
"Виски Вильям Лоусонс не менее 3 лет купажированный 0,7",3170,,1300,,,,,,,,,,,,,,,2470,,,,,,,,2199
"Виски Вильям Лоусонс Супер Спайсд выдержка 3 года 0,7 л",3170,,1300,,,,,,,,,,,,,,,1900,,,,,,,,2399
"Виски (бурбон) Джим Бим 4 года зерновой 0,7 ",4110,,1800,,,,,,,,,,,,,,,1260,,,,,,,,3899
Виски JIM BEAM APPLE 0.7 л,4110,,1800,,,,,,,,,,,,,,,,,,,,,,,
Виски DEWAR’S SPECIAL RESERVE 12 лет шотландский купажированный 0.7 л ,6350,,3000,,,,,,,,,,,,,,,,,,,,,,,
Виски THE FAMOUS GROUSE 3 года 0.7 л ,4480,,2000,,,,,,,,,,,,,,,,,,,,,,,
"Виски шотландский БАЛЛАНТАЙНС ФАЙНЕСТ 40% 0,7Л ",4480,,2000,,,,,,,,,,,,,,,1970,,,,,,,,3199
Виски ирланский Поугс медовый (оранжевый) 0.7л,5230,,2400,,,,,,,,,,,,,,,2450,,,,,,,,3499
"Виски Джек Дэниел`с Теннесси 0,7",5420,,2500,,,,,,,,,,,,,,,2190,,,,,,,,3999
Виски Джемесон не менее 3 лет купажир. 0.7л,5970,,2800,,,,,,,,,,,,,,,4000,,,,,,,,3800
"Виски купажированный ХАТОЗАКИ 3 ГОДА 40% 0,7Л ",8220,бристоль,4000,,,,,,,,,,,,,,,4000,,,,,,,,4999
Виски Чивас Ригал 12 лет купажир. п/к 0.7,8220,,4000,,,,,,,,,,,,,,,10770,,,,,,,,5999
"Виски шотландский МАКАЛЛАН ДАБЛ КАСК ГОЛД 3 ГОДА П/УП. 0,7Л ",14740,,7500,,,,,,,,,,,,,,,11000,,,,,,,,15000
Виски Chivas Regal 18 Years Old 0.75 л,17540,,9000,,,,,,,,,,,,,,,1240,,,,,,,,13999
"Виски  МАКАЛЛАН ТРИПЛ КАСК МЕЙЧУРД 12 ЛЕТ 0,7Л",23130,,12000,,,,,,,,,,,,,,,3000,,,,,,,,15999
Виски ирланский Поугс оригинальный (черный) 0.7л,,нет,1900,,,,,,,,,,,,,,,1810,,,,,,,,3699
Виски ирланский Поугс фруктовая мята и лайм (красный) 0.7л,,нет,2900,,,,,,,,,,,,,,,3000,,,,,,,,3799
"Виски шотландский купажированный ЧИВАС РИГАЛ 15 ЛЕТ 40% П/УП. 0,7Л",,нет,нет ,,,,,,,,,,,,,,,9000,,,,,,,,8600
"Виски Джонни Уокер Голд Лейбл 0,7 л ",,нет в наличии,нет,,,,,,,,,,,,,,,7000,,,,,,,,11999
"Виски Oban malt, 14 летней выдержки 0.7 л",,нет ,нет,,,,,,,,,,,,,,,10000,,,,,,,,12000
"Виски шотландский Карду 12 лет односолодовый  0,7 л  ",,нет в наличии,нет,,,,,,,,,,,,,,,37600,,,,,,,,13999
"Виски Aberfeldy, 16 летней выдержки 0.7 л",,нет ,нет,,,,,,,,,,,,,,,60000,,,,,,,,14999
Виски Highland Park 21 Years Old 0.7 л,,нет,нет,,,,,,,,,,,,,,,50000,,,,,,,,49999
Виски Balblair 25 Year Old 0.7л ,,нет,нет,,,,,,,,,,,,,,,65000,,,,,,,,89999
Виски The Macallan Sherry Oak 18 Years Old 0.7 л,,нет,нет,,,,,,,,,,,,,,,,,,,,,,,69999
"Виски Chivas Regal, 25 летней выдержки 0.7 л",,нет,нет,,,,,,,,,,,,,,,закуп,,,,,,,,94999
,,,,,,,,,,,,,,,,,,,,,,,,,,
ВИСКИ 1л,новая цена,Наличие,New,,,,,,,,,,,,,,,690,,,,,,,,цена
Виски Чивас Ригал 12 лет купажир. п/к 1л,10270,бристоль,5100,,,,,,,,,,,,,,,7000,,,,,,,,6999
"Виски Джек Дэниел`с Теннесси 0,7 +2 стакана",,нет,нет ,,,,,,,,,,,,,,,6902,,,,,,,,5499
Виски ирланский Бушмилс Ориджинал 3 года 1л ,,нет,нет,,,,,,,,,,,,,,,10000,,,,,,,,4499
,,,,,,,,,,,,,,,,,,,,,,,,,,
"КОНЬЯК 0,5л",новая цена,Наличие,New,,,,,,,,,,,,,,,600,,,,,,,,цена
"Коньяк ординарный Армянский Коньяк 5 лет 0,5 л",1980,,660,,,,,,,,,,,,,,,680,,,,,,,,1499
"Коньяк Фазерс Олд Баррель не менее 5 лет 0,5 л",2090,бристоль,720,,,,,,,,,,,,,,,680,,,,,,,,1599
"Коньяк Кочари 5 лет 0,5",2120,,730,,,,,,,,,,,,,,,740,,,,,,,,1699
"Коньяк Фанагория 5 лет 0,5 л",2130,,740,,,,,,,,,,,,,,,740,,,,,,,,1699
"Коньяк Старейшина 5 лет 0,5",2270,,820,,,,,,,,,,,,,,,600,,,,,,,,1799
"Коньяк Армянский Кочари 7 лет подарочный п/к 0,5",2370,,870,,,,,,,,,,,,,,,850,,,,,,,,1799
"Коньяк Лезгинка пятилетний 0,5",2430,,900,,,,,,,,,,,,,,,763,,,,,,,,1899
"Коньяк Ной Традиционный 5 лет 0,5",2610,,1000,,,,,,,,,,,,,,,1180,,,,,,,,1899
Коньяк Старейшина 7 лет 0.5,2610,,1000,,,,,,,,,,,,,,,1080,,,,,,,,1799
"Коньяк Армянский Арарат 5 лет п/к 0,5",3170,,1300,,,,,,,,,,,,,,,4000,,,,,,,,2499
Бренди Торрес 10 лет Гран Резерва 0.5 ,3370,,1400,,,,,,,,,,,,,,,4590,,,,,,,,2499
Коньяк Курвуазье ВС 0.5л,8220,бристоль,4000,,,,,,,,,,,,,,,3950,,,,,,,,6599
Коньяк А.де Фуссиньи ХО п/к 0.5,15950,,8150,,,,,,,,,,,,,,,6000,,,,,,,,9999
,,,,,,,,,,,,,,,,,,580,,,,,,,,
"КОНЬЯК 0,7л",новая цена,Наличие,New,,,,,,,,,,,,,,,600,,,,,,,,цена
Коньяк Курвуазье ВС 0.7л п/к,9510,,4700,,,,,,,,,,,,,,,4590,,,,,,,,6999
Коньяк Мартель VS п/к 0.7,10080,,5000,,,,,,,,,,,,,,,7000,,,,,,,,6499
"Коньяк КУРВУАЗЬЕ ВСОП 40% П/УП. 0,7Л",11940,,6000,,,,,,,,,,,,,,,7000,,,,,,,,6999
Коньяк РЕми Мартан ВСОП 4 года 0.7л ,13810,бристоль,7000,,,,,,,,,,,,,,,25000,,,,,,,,9999
"Коньяк Хеннеси ХО 40% П/УП. 0,7Л ",51110,,27000,,,,,,,,,,,,,,,1450,,,,,,,,39999
Коньяк Jules Gautret 10 YEARS 0.7 л,,нет,нет,,,,,,,,,,,,,,,10000,,,,,,,,8999
"Бренди ТОРРЕС 10 лет Гран Резерва П/УП. 0,7Л ",,нет,нет,,,,,,,,,,,,,,,18700,,,,,,,,3199
Коньяк Jules Gautret XO 0.7 л,,нет,нет,,,,,,,,,,,,,,,26000,,,,,,,,14999
"Коньяк РЕми Мартан ХО 40% П/УП. 0,7Л ",,нет в наличии,нет,,,,,,,,,,,,,,,НЕТ,,,,,,,,24999
Коньяк P. Champagne AOC Chateau de Montifaud 20 лет в деревянной уп. 0.7,,нет,нет,,,,,,,,,,,,,,,,,,,,,,,32999
"Коньяк Petite Champagne Chateau de Montifaud, 30 Years Old, wooden box 0.7 л",,нет,нет,,,,,,,,,,,,,,,закуп,,,,,,,,34000
,,,,,,,,,,,,,,,,,,,,,,,,,,
РОМ 0.5л,новая цена,Наличие,New,,,,,,,,,цена,закуп,,,,,,,,,,,,,
"Ром Капитан Жан Лафитт дарк 0,5 л",1680,,500,,,,,,,,,,,,,,,,,,,,,,,
"Напиток спиртной на основе рома Оакхарт Ориджинал Бакарди 0,5",2430,"кб, бристоль",900,,,,,,,,,,,,,,,1100,,,,,,,,1799
,,,,,,,,,,,,,,,,,,,,,,,,,,
"РОМ 0,7л",новая цена,Наличие,New,,,,,,,,,,,,,,,1090,,,,,,,,цена
"Ром Мама Джама Блэк выдержанный 0,7 л",2060,,700,,,,,,,,,,,,,,,,,,,,,,,
"Набор Оакхарт Ориджинал Спайс Голд+2 банки Rich Cola 0,7 л",2810,,1100,,,,,,,,,2699,1000,,,,,,,,,,,,,
"Ром выдержанный Сангсом в п/к 0,7 л",2990,,1200,,,,,,,,,,,,,,,,,,,,,,,
"Напиток спиртной на основе рома Оакхарт Ориджинал Бакарди 0,7",2990,,1200,,,,,,,,,,,,,,,1290,,,,,,,,2099
Ром Капитан Морган Пряный Золотой 0.7л,3160,,1290,,,,,,,,,,,,,,,1150,,,,,,,,2999
Ром Барсело Аньехо 0.7л,3920,"кб, бристоль",1700,,,,,,,,,,,,,,,2170,,,,,,,,2699
"Ром Matusalem Solera 7 лет, 0.7л",5970,,2800,,,,,,,,,,,,,,,,,,,,,,,
Ром Бругал Аньехо 0.7л,4800,,2170,,,,,,,,,,,,,,,1550,,,,,,,,4199
Ром Контрабандо 5 лет 0.7л,5040,"кб, лента",2300,,,,,,,,,,,,,,,1500,,,,,,,,4299
Ром Гавана Клуб Аньехо 3 года 0.7л,5420,нет,2500,,,,,,,,,,,,,,,1500,,,,,,,,3999
Ром Капитан Морган Пряный Золотой 0.5л,,нет,1100,,,,,,,,,,,,,,,1150,,,,,,,,2599
Ром Гавана Клуб Аньехо Эспесиаль 0.5л,,нет,нет,,,,,,,,,,,,,,,14500,,,,,,,,3399
Ром Гавана Клуб Аньехо 3 года 0.5л,,нет,нет,,,,,,,,,,,,,,,1900,,,,,,,,3399
Ром Закапа Сэнтэнарио ЭксО Солера Гран Резерва Эспесиаль 0.75л,,нет,нет ,другие есть ,,,,,,,,,,,,,,НЕТ,,,,,,,,19999
"Ром Гавана Клуб Аньехо, 7 лет  0.7л",,нет,нет,,,,,,,,,,,,,,,закуп,,,,,,,,3800
,,,,,,,,,,,,,,,,,,1770,,,,,,,,
ТЕКИЛА,новая цена,Наличие,New,,,,,,,,,,,,,,,1780,,,,,,,,цена
"Текила Хосе Куэрво, Эспесьяль Сильвер 0.7л",5420,мало,2500,,,,,,,,,,,,,,,2670,,,,,,,,3999
"Текила Хосе Куэрво, Эспесьяль Репосадо 0.75л",5420,,2500,,,,,,,,,,,,,,,3000,,,,,,,,3999
Текила Эсполон Бланко 0.75л,6350,,3000,,,,,,,,,,,,,,,1600,,,,,,,,4999
Текила Эсполон Репосадо 0.75л,6350,,3000,,,,,,,,,,,,,,,1100,,,,,,,,5499
Текила Сомбреро Негро Сильвер 0.7л,,нет,нет,,,,,,,,,,,,,,,1600,,,,,,,,3799
"Текила Ла Тременда 0,7 л",,нет,нет,,,,,,,,,,,,,,,2600,,,,,,,,2699
Текила Сомбреро Негро Голд 0.7л,,нет,нет,,,,,,,,,,,,,,,3000,,,,,,,,3799
Текила Херенсия Де Плата Сильвер 0.7л ,,нет,нет,,,,,,,,,,,,,,,3400,,,,,,,,4899
Текила Херенсия Де Плата Репосадо 0.7л,,нет,нет,,,,,,,,,,,,,,,,,,,,,,,5499
Текила Херенсия Де Плата Аньехо 0.7л,,нет,нет ,,,,,,,,,,,,,,,закуп,,,,,,,,5999
,,,,,,,,,,,,,,,,,,1280,,,,,,,,
ДЖИН,новая цена,Наличие,New,,,,,,,,,,,,,,,999,,,,,,,,цена
Джин Gordon's London Dry Gin 0.7 л,4480,,2000,,,,,,,,,,,,,,,1499,,,,,,,,3499
"Джин Финч Мэджик Аладдин 0,5 л",,нет,нет,,,,,,,,,,,,,,,2170,,,,,,,,1899
"Джин ОуБиЭс Обсешн цитрус 0,7 л",,нет,нет,,,,,,,,,,,,,,,3500,,,,,,,,2999
Джин Тенжаку 0.7л,,нет,нет,,,,,,,,,,,,,,,4000,,,,,,,,3999
Джин Року 0.7л,,нет в наличии,нет,,,,,,,,,,,,,,,нет,,,,,,,,5499
Джин Карун 0.7л,,нет,нет,,,,,,,,,,,,,,,нет,,,,,,,,5999
Джин Beefeater 0.5 л,,нет,нет,,,,,,,,,,,,,,,,,,,,,,,3400
Джин Бифитер Пинк Строберри со вкусом клубники 0.7л,,нет,нет,,,,,,,,,,,,,,,закуп,,,,,,,,3500
,,,,,,,,,,,,,,,,,,450,,,,,,,,
ЛИКЕР,новая цена,Наличие,New,,,,,,,,,,,,,,,1400,,,,,,,,цена
Ликер Tundra bitter 0.5 л,1720,бристоль,520,,,,,,,,,,,,,,,1500,,,,,,,,1699
Ликер Маркати Лимончелло 0.7 л,3370,,1400,,,,,,,,,,,,,,,1390,,,,,,,,2999
Ликер Aperol 0.7 л,4110,,1800,,,,,,,,,,,,,,,1780,,,,,,,,3199
Ликер Jagermeister десертный 0.7 л 35%,4480,,2000,,,,,,,,,,,,,,,1880,,,,,,,,3499
Ликер Campari Bitter Aperetif красный 0.75 л,4480,,2000,,,,,,,,,,,,,,,1690,,,,,,,,3899
Ликер Куантро 0.7 л,4480,очень мало,2000,,,,,,,,,,,,,,,330,,,,,,,,3999
Ликер Baileys Original 0.7 л,5040,,2300,,,,,,,,,,,,,,,400,,,,,,,,3799
"Ликер Самбука Мотичелли 0,5 л",,нет,нет,,,,,,,,,,,,,,,700,,,,,,,,1499
Ликер Ламоника Лимончелло 0.5 л,,нет,нет,,,,,,,,,,,,,,,1000,,,,,,,,1599
Ликер Царский Cream Liqueur 0.5 л 17% сливочный,,нет,нет,,,,,,,,,,,,,,,1200,,,,,,,,1899
 Ликер Лимончелло Гольфодоро 0.7 л,,нет,нет,,,,,,,,,,,,,,,1110,,,,,,,,2399
Ликер Самбука Империале 0.7 л,,нет ,нет,,,,,,,,,,,,,,,1300,,,,,,,,2499
Ликер Jagermeister десертный 0.5 л 35%,,нет в наличии,нет,,,,,,,,,,,,,,,1330,,,,,,,,2899
Ликер Вана Таллинн 0.5 л 40%,,нет ,нет,,,,,,,,,,,,,,,,,,,,,,,2799
Ликер Becherovka 0.7 л,,нет,нет,,,,,,,,,,,,,,,закуп,,,,,,,,2999
,,,,,,,,,,,,,,,,,,240,,,,,,,,
"ПРОСЕККО, БРЮТ",новая цена,Наличие,New,страна,сорт винограда,крепость,,,,,,,,,,,,350,,,,,,,,цена
"Вино игристое Российское Премиум белое брют 0,75 л",1200,,240,Россия,Белые сорта винограда,11,,,,,,,,,,,,450,,,,,,,,1499
Вино игристое Шато Тамань РОЗОВОЕ брют 0.75,1440,,370,Россия,Пино Блан/Мюллер/Мускат/Саперави,"12,5",,,,,,,,,,,,500,,,,,,,,1599
"Вино игристое Российское Фанагория защ.геогр.ук.белое брют 0,75 л",1680,,500,Россия,Шардоне/Алиготе/Пино Нуар/Рислинг,12,,,,,,,,,,,,600,,,,,,,,1699
"Вино игристое ВёВ Албан белое брют 0,75 л",2000,,670,Франция,Айрен,11,,,,,,,,,,,,650,,,,,,,,1799
"Вино игристое Вёв Албан розовое брют 0,75 л",2000,,670,Россия,Айрен,"11,5",,,,,,,,,,,,630,,,,,,,,1899
"Вино игристое Кава Арте Латино розовое брют 0,75 л",2170,,760,Испания,Трепат\Пино Нуар,"11,5",,,,,,,,,,,,1260,,,,,,,,1999
"Вино игристое Проссимо спуманте белое брют 0,75 л",2190,,770,Италия,Гарганега,11,,,,,,,,,,,,1300,,,,,,,,1999
"Вино игристое Корте дей Рови Просекко Экстра Драй DOC белое сухое 0,75 л",3100,,1260,Италия,Глера/Просекко,11,,,,,,,,,,,,1200,,,,,,,,2399
"Вино игристое Креман де Луар Домен д`Аврийе белое брют 0,75 л",3170,,1300,Франция,Шардоне\Пино Нуар\Шенен Блан,11,,,,,,,,,,,,1190,,,,,,,,3499
Вино игристое Мартини Брют бел.брют,3170,,1300,Италия,"Треббьяно, Шардоне","11,5",,,,,,,,,,,,1370,,,,,,,,2499
Игристое вино Просекко Мартини белое сухое,3550,,1500,Италия,Глера/Просекко,"11,5",,,,,,,,,,,,2500,,,,,,,,2499
Вино игристое Мондоро Просекко защ.геогр.ук.бел.сух,4020,,1750,Италия,Глера/Просекко,11,,,,,,,,,,,,5940,,,,,,,,2599
"Вино игристое Кюве ДиПи Традишн Давид Порэ белое брют 0,75 л",5040,очень мало,2300,Франция,Шардоне/Пино Нуар/Пино Менье,"12,5",,,,,,,,,,,,4000,,,,,,,,4499
"Вино игристое выдержанное Моэт и Шандон Империаль белое брют 0,75 л",12760,,6440,Франция,Шардоне/Пино Нуар/Пино Менье,12,,,,,,,,,,,,3000,,,,,,,,9999
Вино игристое Санта Маргарита Супериоре ди Вальдоббьядене 1.5л,,нет,нет,Италия,Глера,"11,5",,,,,,,,,,,,4000,,,,,,,,6999
"Вино игристое Франчакорта Дзеро Брют 0,75 л",,нет,нет,Италия,Шардоне 50%\Пино неро 50%,"12,5",,,,,,,,,,,,799,,,,,,,,5499
"Вино игристое выдержанное Дж.Г. Мумм Гранд Кордон Брют белое п/к 0,75 л",,нет,нет,Франция,Шардоне/Пино Нуар/Пино Менье,12,,,,,,,,,,,,300,,,,,,,,6999
"Вино игристое Вальпьяна Миллезимато Экстра Драй белое брют 0,75 л",,НЕТ,нет,Италия,Глера,11,,,,,,,,,,,,,,,,,,,,1699
"Вино игристое Российское Мысхако Кюве защ.геогр.ук.белое брют 0,75 л",,НЕТ ,нет,Россия,Шардоне/Совиньон Блан/Рислинг,"11,5",,,,,,,,,,,,закуп,,,,,,,,1499
,,,,,,,,,,,,,,,,,,240,,,,,,,,
АСТИ,новая цена,Наличие,New,страна,сорт винограда,крепость,,,,,,,,,,,,260,,,,,,,,цена
"Вино игристое Российское Премиум белое полусладкое 0,75 л",1200,,240,Россия,Белые сорта винограда,12,,,,,,,,,,,,500,,,,,,,,1499
"Вино игристое Советское Шампанское белое полусладкое 0,75 л",1300,бристоль,300,Россия,Шардоне/Совиньон Блан/Алиготе/Рислинг/Кокур,11,,,,,,,,,,,,500,,,,,,,,1499
"Вино игристое Массимо Висконти Ламбруско белое сладкое 0,75 л",1850,,590,Италия,Ламбруско,"7,5",,,,,,,,,,,,900,,,,,,,,1799
"Вино игристое ВёВ Албан белое полусладкое 0,75 л",1960,,650,Франция,Айрен,"10,5",,,,,,,,,,,,880,,,,,,,,1799
"Вино игристое Исси Мальвазия Спуманте белое сладкое 0,75 л",2570,,970,Италия,Мальвазия/Мускат,7,,,,,,,,,,,,950,,,,,,,,1999
Вино игристое Сант Орсола Асти DOCG белое сладкое,2610,,1000,Италия,Мускат,7,,,,,,,,,,,,1230,,,,,,,,1899
"Вино игристое Атто Примо Асти белое сладкое 0,75 л",2680,,1030,Италия,Мускат,"7,5",,,,,,,,,,,,1190,,,,,,,,2199
Вино игристое Чинзано Асти DOCG бел.сл,3370,,1400,Италия,Мускат,7,,,,,,,,,,,,1370,,,,,,,,2399
Игристое вино Мартини Асти Пьемонт бел.сл,3550,,1500,Италия,Мускат,"7,5",,,,,,,,,,,,170,,,,,,,,2499
Вино игристое Мондоро Асти DOCG бел.сл,4020,,1750,Италия,Мускат,"7,5",,,,,,,,,,,,250,,,,,,,,2599
Напиток винный газ. Ламбруско Розато п/сл 0.75,,нет,нет,Россия,,8,,,,,,,,,,,,1200,,,,,,,,1199
Напиток винный газ. Ламбруско Бьянко п/сл 0.75,,нет,нет,Россия,,8,,,,,,,,,,,,680,,,,,,,,1199
Игристое вино Бозио Асти Миллезимато белое сладкое в под.уп,,нет,нет,Италия,Мускат,"7,5",,,,,,,,,,,,650,,,,,,,,3399
"Вино игристое Линда Донна Асти DOCG белое сладкое 0,75 л",,нет,нет,Италия,Мускат,"7,5",,,,,,,,,,,,,,,,,,,,1899
"Вино игристое Фальдео Асти DOCG белое сладкое 0,75 л",,нет,нет,Италия,Мускат,7,,,,,,,,,,,,закуп,,,,,,,,1799
,,,,,,,,,,,,,,,,,,6790,,,,,,,,
ШАМПАНСКОЕ,новая цена,Наличие,New,страна,сорт винограда,крепость,,,,,,,,,,,,5000,,,,,,,,цена
Шампанское Moët & Chandon Imperial Brut 0.75 л,13420,,6790,Франция,пино нуар/менье/шардоне,12,,,,,,,,,,,,5500,,,,,,,,9999
Шампанское Канар-Дюшен Кюве Леони белое БРЮТ,,нет,нет,Франция,пино нуар/менье/шардоне,12,,,,,,,,,,,,4500,,,,,,,,7499
Шампанское Канар-Дюшен Кюве Леони Розе Брют,,нет,нет,Франция,пино нуар/менье/шардоне,12,,,,,,,,,,,,11500,,,,,,,,7999
Шампанское Поль Гоэрг Премье Крю Традисьон,,нет,нет,Франция,60%Шардоне/40%Пино Нуар,12,,,,,,,,,,,,50000,,,,,,,,6999
Шампанское Вдова Клико Розе БРЮТ,,нет,нет,Франция,Пино Нуар/Менье/Шардоне,"12,5",,,,,,,,,,,,,,,,,,,,23999
Шампанское Дом Периньон Винтаж Белое БРЮТ,,нет,нет,Франция,Пино Нуар/Шардоне,"12,5",,,,,,,,,,,,закуп,,,,,,,,69999
,,,,,,,,,,,,,,,,,,250,,,,,,,,
ВЕРМУТ,новая цена,Наличие,New,,,,,,,,,,,,,,,470,,,,,,,,цена
Вермут Чеаро Бьянко 1 л,1600,,450,,,,,,,,,,,,,,,730,,,,,,,,1499
"Вермут Каза Позитано Бьянко белый сладкий 0,75 л",1670,,490,,,,,,,,,,,,,,,915,,,,,,,,1999
"Вермут Чинзано Бьянко белый сладкий 0,5 л",2300,,830,,,,,,,,,,,,,,,950,,,,,,,,2299
"Вермут Мартини Бьянко белый сладкий 0,75 л",2990,,1200,,,,,,,,,,,,,,,980,,,,,,,,2499
"Вермут Мартини Фиеро сладкий 0,75 л",2990,,1200,,,,,,,,,,,,,,,1300,,,,,,,,2499
"Вермут Мартини Экстра Драй белый сухой 0,75 л ",2990,,1200,,,,,,,,,,,,,,,,,,,,,,,2499
Вермут Чинзано Бьянко белый сладкий 1 л,3370,бристоль,1400,,,,,,,,,,,,,,,закуп,,,,,,,,2799
,,,,,,,,,,,,,,,,,,40,,,,,,,,
ПИВО,новая цена,Наличие,New,,,,,,,,,,,,,,,68,,,,,,,,цена
"Пиво Жигули Барное светлое ст 0,31 л",199,,57,,,,,,,,,,,,,,,,,,,,,,,
"пиво Рижское светлое ст 0,45 л",199,,55,,,,,,,,,,,,,,,,,,,,,,,
"Пиво Белорусское светлое фильтрованное пастеризованное ст 0,5 л",199,,67,,,,,,,,,,,,,,,,,,,,,,,
"Сидр Мистер Лис Яблоко ж/б 0,43 л",209,,64,,,,,,,,,,,,,,,,,,,,,,,
"Пиво БАЛТИКА КЛАССИЧЕСКОЕ №3 СВЕТЛ. ФИЛЬТР. ПАСТЕР. СТ/Б 0,5Л",209,,64,,,,,,,,,,,,,,,,,,,,,,,
"Пиво КРУШОВИЦЕ СВЕТЛ. ФИЛЬТР. ПАСТЕР. Ж/Б 0,43Л",219,,70,,,,,,,,,,,,,,,,,,,,,,,
"Пиво СТАРЫЙ МЕЛЬНИК ИЗ БОЧОНКА МЯГКОЕ СВЕТЛ. ФИЛЬТР. ПАСТЕР. СТ/Б 0,45Л",229,,70,,,,,,,,,,,,,,,,,,,,,,,
"Пивной напиток СТАРЫЙ МЕЛЬНИК ИЗ БОЧОНКА БАРХАТНОЕ ТЕМН. ФИЛЬТР. ПАСТЕР. СТ/Б 0,45Л",229,,70,,,,,,,,,,,,,,,,,,,,,,,
"Пиво LOWENBRAU ОРИГИНАЛЬНОЕ СВЕТЛ. ФИЛЬТР. ПАСТЕР. Ж/Б 0,45Л",229,,68,,,,,,,,,,,,,,,,,,,,,,,
"Пивной напиток KRONE BLANCHE BIERE СВЕТЛ. НЕФИЛЬТР. ПАСТЕР. СТ/Б 0,45Л",239,,90,,,,,,,,,,,,,,,,,,,,,,,
"Сидр Бон Сезон ст 0,4 л",239,,90,,,,,,,,,,,,,,,,,,,,,,,
"Пиво жигулевское 0,5",209,,60,,,,,,,,,,,,,,,85,,,,,,,,199
"Пиво Эсса (Дыня-клубника/Кокос-манго/Ананас-грейпфрут) 0,5",259,,80,,,,,,,,,,,,,,,74,,,,,,,,249
"Пиво Хугарден 0,5",259,,85,,,,,,,,,,,,,,,80,,,,,,,,249
"Пиво Козел светлое/темное 0,5",299,,90,,,,,,,,,,,,,,,95,,,,,,,,299
"Пиво Fiery Shield светлое фильтрованное ст 0,33 л (АНАЛОГ КОРОНЫ)",309,,95,,,,,,,,,,,,,,,73,,,,,,,,249
шпатен ,349,,115,(Кб/перекресток/азбука вкуса),,,,,,,,,,,,,,270,,,,,,,,349
корона ,399,,145,(кб/перекресток/азбука вкуса),,,,,,,,,,,,,,78,,,,,,,,399
Пиво Bud 0.5 л (стяжка 4шт),999,,370,,,,,,,,,,,,,,,79,,,,,,,,999
"Пиво Стелла Артуа светлое ст 0,44 л (стяжка 4шт)",1199,,430,(Кб/перекресток/азбука вкуса,,,,,,,,,,,,,,80,,,,,,,,1199
"Пиво Хопфендорф Шварцбир темное фильтрованное ж/б 0,5 л",299,нет,90,,,,,,,,,,,,,,,80,,,,,,,,299
Пиво Хофброй Ориджинал светлое 0.5л стекло,579,нет,270,,,,,,,,,,,,,,,90,,,,,,,,449
Пиво чешское,259,нет,85,,,,,,,,,,,,,,,79,,,,,,,,249
"Пиво Хоп Райдер Уит Пэйл Эль светлое ж/б 0,33 л",319,нет,100,,,,,,,,,,,,,,,110,,,,,,,,249
"Пиво Хоп Райдер Экстра Стаут темное ж/б 0,33 л",319,нет,100,,,,,,,,,,,,,,,130,,,,,,,,249
"Пиво Белджиан Крон Лагер светлое ж/б 0,5 л",299,нет,90,,,,,,,,,,,,,,,73,,,,,,,,249
"Пиво Хопфендорф Шварцбир темное ж/б 0,5 л",,нет,нет,,,,,,,,,,,,,,,250,,,,,,,,299
"Пиво Евротур Шварц темное фильтрованное пастеризованное ж/б 0,5 л",,нет,нет,,,,,,,,,,,,,,,230,,,,,,,,249
Пиво Бланш де Брюссель светлое 0.5л банка,,нет,нет,,,,,,,,,,,,,,,270,,,,,,,,399
Пиво Guinness Draught 0.44 л банка,,нет,нет,,,,,,,,,,,,,,,360,,,,,,,,399
Пиво Kasteel Rouge Вишневый Темный 0.5 л стекло,,нет,нет,,,,,,,,,,,,,,,320,,,,,,,,499
Светлое пиво Delirium Red Huyghe 0.33 л стекло,,нет,нет,,,,,,,,,,,,,,,,,,,,,,,549
Тёмное пиво Gulden Draak 0.33 л стекло,,нет,нет,,,,,,,,,,,,,,,,,,,,,,,499
Пиво Леффе Блонд светлое банка\стекло,,нет,нет,НЕТ В НАЛИЧИИ,,,,,,,,,,,,,,закуп,,,,,,,,400
,,,,,,,,,,,,,,,,,,90,,,,,,,,
ПИВО 1л и больше (продажа от 3шт),новая цена,Наличие,New,,,,,,,,,,,,,,,103,,,,,,,,цена
Пиво ЖИГУЛЕВСКОЕ ТРАДИЦИОННОЕСВЕТЛ. ФИЛЬТР. 1.2л,249,,100,,,,,,,,,,,,,,,105,,,,,,,,249
"Пиво СТАРЫЙ МЕЛЬНИК ИЗ БОЧОНКА МЯГКОЕ СВ.Ф. 0,9л",249,,100,,,,,,,,,,,,,,,100,,,,,,,,249
"Пиво Австрийское светлое ПЭТ 1,5 л",299,,112,,,,,,,,,,,,,,,110,,,,,,,,299
"Пиво БЕЛЫЙ МЕДВЕДЬ СВЕТЛ. ФИЛЬТР. ПАСТЕР. ПЭТ 1,15Л",299,,79,,,,,,,,,,,,,,,90,,,,,,,,299
"Пиво Живая Варка светлое ПЭТ 1,5 л",309,,115,,,,,,,,,,,,,,,110,,,,,,,,299
"Пиво Рижское светлое ПЭТ 1,3 л",319,,115,,,,,,,,,,,,,,,165,,,,,,,,199
"Пиво Пшеничное мягкое ПЭТ 1,5 л",379,,150,,,,,,,,,,,,,,,250,,,,,,,,299
"Пиво TUBORG GREEN СВЕТЛ. ФИЛЬТР. ПАСТЕР. ПЭТ 1,35Л",389,,150,,,,,,,,,,,,,,,200,,,,,,,,399
Светлое пиво Ремесленное светлое 1 л ,399,,260,,,,,,,,,,,,,,,200,,,,,,,,499
Разливное светлое фильтрованное 1л,519,,220,,,,,,,,,,,,,,,250,,,,,,,,499
Разливное светлое нефильтрованное 1л,519,,220,,,,,,,,,,,,,,,,,,,,,,,499
Разливое темное 1л,559,,250,,,,,,,,,,,,,,,100,,,,,,,,549
Пиво Nord Land Beer светлое крепкое фильтрованное 1.2л,,нет,нет,,,,,,,,,,,,,,,133,,,,,,,,249
"Пиво ГЁССЕР СВЕТЛ. ФИЛЬТР. ПАСТЕР. ПЭТ 1,2Л",,нет,нет,,,,,,,,,,,,,,,160,,,,,,,,299
"Пиво CARLSBERG СВЕТЛ. ФИЛЬТР. ПАСТЕР. ПЭТ 1,35Л",,нет,нет,,,,,,,,,,,,,,,,,,,,,,,349
Пивной напиток Черри Найт 1л,,нет,нет,,,,,,,,,,,,,,,,,,,,,,,399
,,,,,,,,,,,,,,,,,,,,,,,,,,
НАПИТКИ Б\А,новая цена,наличие,закуп,,,,,,,,,,,,,,,,,,,,,,,
Вода Аква Минерале газированная 2 л,169,,70,,,,,,,,,,,,,,,,,,,,,,,
Вода Аква Минерале негаз 2 л,169,,70,,,,,,,,,,,,,,,,,,,,,,,
"Минеральная вода Заветный родник негазированная 1,5 л",149,,50,,,,,,,,,,,,,,,,,,,,,,,
"Вода Аква Люкс газ 1,5 л",149,,50,,,,,,,,,,,,,,,,,,,,,,,
Вода минеральная Аш Тау Скважина 6К газированная 1 л,99,,35,,,,,,,,,,,,,,,,,,,,,,,
Напиток ДОБРЫЙ КОЛА ГАЗ.  1Л,299,,100,,,,,,,,,,,,,,,,,,,,,,,
Сок RICH ВИШНЯ 1Л,389,,180,,,,,,,,,,,,,,,,,,,,,,,
Сок RICH ТОМАТ 1Л,349,,160,,,,,,,,,,,,,,,,,,,,,,,
Сок RICH АПЕЛЬСИН\АНАНАС\ГРЕЙПФРУТ 1Л,399,,190,,,,,,,,,,,,,,,,,,,,,,,
Сок Сады Придонья томатный с солью с мякотью\яблоко 1 л,339,,150,,,,,,,,,,,,,,,,,,,,,,,
"Напиток НАТАХТАРИ ГРУША\ФЕЙХОА\САПЕРАВИ СТ/Б 0,5Л",299,,108,,,,,,,,,,,,,,,,,,,,,,,
"Напиток LIPTON ЗЕЛЕНЫЙ ЧАЙ\ЧЕРНЫЙ ЛИМОН НЕГАЗ. 0,5л",249,,90,,,,,,,,,,,,,,,,,,,,,,,
Напиток Рич индиан тоник\биттер лимон сильногазированный 1 л,319,,135,,,,,,,,,,,,,,,,,,,,,,,
Газированный напиток Эвервесс Биттер Лимон 1 л,239,,80,,,,,,,,,,,,,,,,,,,,,,,
"Газированный напиток Старые Добрые Традиции Лимонад ст 0,5 л",159,,40,,,,,,,,,,,,,,,,,,,,,,,
"Квас Добрый хлеб фильтрованный пастеризованный 1,5 л",169,,50,,,,,,,,,,,,,,,,,,,,,,,
"Чай IceTea Лимон\лесные ягоды\малина 0,5 л",139,,50,,,,,,,,,,,,,,,,,,,,,,,
"Минеральная вода Ессентуки Целебная газированная ст 0,5 л",129,,40,,,,,,,,,,,,,,,,,,,,,,,
"Нектар Сады Придонья мультифрутовый\яблоко\черешня 0,95 л",399,,209,,,,,,,,,,,,,,,,,,,,,,,
Газированный напиток Экспорт Стаил Классик Кола 2 л,299,,100,,,,,,,,,,,,,,,,,,,,,,,
,,,,,,,,,,,,,,,,,,,,,,,,,,
ЭЛЕКТРОНКИ,новая цена,New,Наличие,,,,,,,,,,,,,,,,,,,,,,цена,
бристоль или любой продуктовый/вейпшоп,,,,,,,,,,,,,,,,,,,,,,,,,,
Электронная одноразовая система от 2000тяг,3599,1900,,,,,,,,,,,,,,,,,,,,,,,2599,
"(дыня, кола, банан, ягодный микс, клубничный коктейль,",,,,,,,,,,,,,,,,,,,,,,,,,,
"гуава-маракуйа, малина-арбуз, яблоко, мармелад, манго",,,,,,,,,,,,,,,,,,,,,,,,,,
Электронная одноразовая система от 5000тяг,4199,2500,,,,,,,,,,,,,,,,,,,,,,,3599,
"(банан, ягодный микс, клубника,маракуйа,яблоко,манго)",,,,,,,,,,,,,,,,,,,,,,,,,,
,,,,,,,,,,,,,,,,,,,,,,,,,,
СНЭКИ И ДР,новая цена,New,Наличие,,,,,,,,,,,,,,,,,,,,,,,цена
ЛУКОВЫЕ КОЛЬЦА СМЕТАНА\СЫР 45г,109,,,,,,,,,,,,,,,,,,,,,,,,,100
Сухарики КИРИЕШКИ ЧИЗБУРГЕР\ОГУРЦЫ\ШАШЛЫК\,119,,,,,,,,,,,,,,,,,,,,,,,,,100
ХОЛОДЕЦ С ХРЕНОМ\ВЕТЧИНА СЫР\СТЕЙК\СЕМГА\ 60г,,,,,,,,,,,,,,,,,,,,,,,,,,
Семечки ОТ МАРТИНА ЖАРЕНЫЕ МОРСКАЯ СОЛЬ 100Г,199,,,,,,,,,,,,,,,,,,,,,,,,,150
Сухарики ХРУСTEAM ЧИАБАТТА ОЛИВКИ\ВЕТЧИНА\,229,,,,,,,,,,,,,,,,,,,,,,,,,200
КРАБ\ТОМАТ\СЫРНОЕ АССОРТИ\СМЕТАНА ЗЕЛЕНЬ 60г ,,,,,,,,,,,,,,,,,,,,,,,,,,
Колбаски Дымчики сырокопченые оригинальные 70 г,279,,,,,,,,,,,,,,,,,,,,,,,,,240
Колбаски Кабанос сырокопченые куриные 70 г,289,,,,,,,,,,,,,,,,,,,,,,,,,250
Чипсы Лэйс Бекон\Краб\Лук/Сменана зелень 90г,339,,,,,,,,,,,,,,,,,,,,,,,,,250
Чипсы Лэйс Бекон\Краб\Лук/Сменана зелень 140г,379,,,,,,,,,,,,,,,,,,,,,,,,,350
Фисташки «ОТЕЦ ОРЕХ» ЖАРЕНЫЕ СОЛЕНЫЕ,449,,,,,,,,,,,,,,,,,,,,,,,,,400
Миндаль «ОТЕЦ ОРЕХ» ЖАРЕНЫЙ 150Г,479,,,,,,,,,,,,,,,,,,,,,,,,,350
Фундук «ОТЕЦ ОРЕХ» ЖАРЕНЫЙ 150Г,489,,,,,,,,,,,,,,,,,,,,,,,,,350
Чипсы соломкой POMSTICKS С СОЛЬЮ\СМЕТАНА 100Г,329,нет,нет,,,,,,,,,,,,,,,,,,,,,,,250
,,,,,,,,,,,,,,,,,,,,,,,,,,
СИГАРЕТЫ И СТИКИ (за пачку),новая цена,Наличие,New,,,,закуп,,,,,,,,,,,,,,,,,,,цена
Сигареты Ротманс Грин,399,,159,,,,40,,,,,,,,,,,,,,,,,,,499
Сигареты LUCKY STRIKE Green,399,,159,,,,40,,,,,,,,,,,,,,,,,,,499
Сигареты Ротманс Дэми Классик,419,,170,,,,,,,,,,,,,,,,,,,,,,,499
Сигареты Камелл Желтый,449,,189,,,,50,,,,,,,,,,,,,,,,,,,499
Сигареты LUCKY STRIKE XL,449,,190,,,,50,,,,,,,,,,,,,,,,,,,499
Сигареты Камелл Компакт,469,,190,,,,,,,,,,,,,,,,,,,,,,,499
Стики NEO Ванилла\Тобакко\Тропик,469,,190,,,,80,,,,,,,,,,,,,,,,,,,499
Стики IQOS Heets Янтарные\Бронзовые\Голд\Грин\Фиол.\Слайт\Самер Бриз,499,,200,,,,90,,,,,,,,,,,,,,,,,,,499
Сигареты Винстон Вайт,499,,200,,,,90,,,,,,,,,,,,,,,,,,,499
Сигареты Винстон ИксСтайл,499,,202,,,,100,,,,,,,,,,,,,,,,,,,499
Сигареты Винстон xs blue Тонкие,509,,223,,,,150,,,,,,,,,,,,,,,,,,,499
Сигареты Винстон XS компакт блю,539,,230,,,,220,,,,,,,,,,,,,,,,,,,499
Сигареты Парламент Платинум Блю,539,,230,,,,220,,,,,,,,,,,,,,,,,,,499
Сигареты Винстон Рэд,539,,230,,,,250,,,,,,,,,,,,,,,,,,,499
Сигареты Винстон Блю,539,,230,,,,,,,,,,,,,,,,,,,,,,,499
Сигареты Винстон Сильвер,539,,233,,,,закуп,,,,,,,,,,,,,,,,,,,499
Сигареты Винстон Классик,549,,240,,,,159,,,,,,,,,,,,,,,,,,,499
Сигареты Парламент аква блю,559,,279,,,,159,,,,,,,,,,,,,,,,,,,599
Сигареты Парламент сильвер блю,619,,279,,,,170,,,,,,,,,,,,,,,,,,,599
Сигареты Парламент One,629,,279,,,,189,,,,,,,,,,,,,,,,,,,599
,,,,,,,190,,,,,,,,,,,,,,,,,,,
"МЯСО, РЫБА И СЫР КОПЧЕНОЕ\НАРЕЗНОЕ",новая цена,NEW,Наличие,,,,190,,,,,,,,,,,,,,,,,,,цена
Колбаса Микоян сырокопченая 80г,199,64,,,,,190,,,,,,,,,,,,,,,,,,,199
Крабовые палочки 200г,249,85,,,,,200,,,,,,,,,,,,,,,,,,,249
Сосиски МОЛОЧНЫЕ 290Г,349,115,,,,,200,,,,,,,,,,,,,,,,,,,349
Сыр копченый косичка 90г,399,140,,,,,202,,,,,,,,,,,,,,,,,,,399
Рыба Копченная ПОРТ АРТУР Желтый полосатик\,349,140,,,,,223,,,,,,,,,,,,,,,,,,,349
Кольца кальмара\Мясо кальмара сушено-вяленое\ ,349,140,,,,,230,,,,,,,,,,,,,,,,,,,349
Кальмар сушеный\Стружка минтая\ 60г,349,140,,,,,230,,,,,,,,,,,,,,,,,,,349
"Рыбка сушеная желтый полосатик ""Чистое море""",349,145,,,,,230,,,,,,,,,,,,,,,,,,,349
Филе сельди\горбуша/скумбрия 200г,399,200,,,,,230,,,,,,,,,,,,,,,,,,,399
Кальмар Сухогруз сушеныйм70г,399,200,,,,,233,,,,,,,,,,,,,,,,,,,399
Сыр плавленый HOCHLAND\PRESIDENT 150г,449,155,,,,,240,,,,,,,,,,,,,,,,,,,449
Сервелат 300г,499,140,,,,,279,,,,,,,,,,,,,,,,,,,499
Сыр в ассортименте 180г,899,250,,,,,279,,,,,,,,,,,,,,,,,,,899
Сыр плавленый VIOLA Чеддер ломтики 140г,899,250,,,,,279,,,,,,,,,,,,,,,,,,,899
,,,,,,,,,,,,,,,,,,,,,,,,,,
ШОКОЛАД И КОНФЕТЫ,цена,закуп,,,,,закуп,,,,,,,,,,,,,,,,,,,
Набор конфет RAFFAELLO 150Г коробка,800,350,,,,,64,,,,,,,,,,,,,,,,,,,
Набор конфет Ферреро Роше 125г коробка,800,350,,,,,85,,,,,,,,,,,,,,,,,,,
"Шоколад Чоко энд Натс молочный с цельным фундуком\с миндалем\белый с цельным фундуком, 200г",600,259,,,,,115,,,,,,,,,,,,,,,,,,,
"Набор конфет Мерси ассорти, 250 г коробка",800,350,,,,,140,,,,,,,,,,,,,,,,,,,
"Набор конфет Тоффифе, 125 г коробка",600,,,,,,140,,,,,,,,,,,,,,,,,,,
Шоколад Милка молочный с карамелью\молочный\ с фундуком\миндаль и лесные ягоды 90г,200,85,,,,,140,,,,,,,,,,,,,,,,,,,
"Набор конфет ОРЕШКА с цельным фундуком со вкусом сливок, 150 г",500,120,,,,,140,,,,,,,,,,,,,,,,,,,
"Набор конфет Дав Promises ассорти, 118г, коробка",750,300,,,,,145,,,,,,,,,,,,,,,,,,,
"Набор конфет Родные Просторы с вафельной крошкой, 180 г",450,160,,,,,200,,,,,,,,,,,,,,,,,,,
"Шоколад Милка Мммакс Арахис и Карамель, 270 г",850,400,,,,,200,,,,,,,,,,,,,,,,,,,
"Конфеты А.Коркунов Шоколадная палитра, 143 г коробка",600,250,,,,,155,,,,,,,,,,,,,,,,,,,
Шоколад Альпен Гольд молочный\молочный Орео\с фундуком\ с черникой и йогуртом 80 г,180,70,,,,,140,,,,,,,,,,,,,,,,,,,
,,,,,,,,250,,,,,,,,,,,,,,,,,,
,,,,,,,,250,,,,,,,,,,,,,,,,,,