ВОРОНЕЖ,,,,,,,,,,,,,
ВИНО БЕЛОЕ СУХОЕ,новая цена,Наличие,New,страна,сорт винограда,крепость,,,,,,цена,закуп
Вино Бродлиф Совиньон Блан белое сухое ,1820,650,630,ЮАР,Совиньон Блан,"12,5",,,,,,1599,590
"Вино Тенуте Дель Неччио Орвието Классико белое сухое 0,75 л",1930,700,690,Италия,Грекетто\Проканико\Шардоне,12.5,,,,,,1599,620
Вино Пьетраме Пино Гриджо Терре ди Кьети Абруццо IGP белое сухое,2110,790,790,Италия,Пино Гриджио,"12,5",,,,,,1699,690
"Вино Универсале белое полусухое 0,75 л",2220,850,850,Италия,Грилло\Совиньон\Верментино,"13,5",,,,,,1899,850
Вино Маркес Де Касерес Бланко белое сухое 0.75 ,2440,1200,970,Испания,Виура/Макабео,12,,,,,,2099,950
"Вино Ла Форшетьер Совиньон Блан белое сухое 0,75 л",2490,1000,1000,Франция,Совиньон Блан,"11,5",,,,,,2199,1000
"Вино Терра Норте ДО Риас Байшас белое сухое 0,75 л",3390,1500,1500,Испания,Альбариньо,"13,5",,,,,,2799,1500
"Вино Кандиум Вердехо до Руэда белое сухое 0,75 л",1760,нет,690,Испания,Вердехо,"12,5",,,,,,1699,670
"Вино Адега Май Дори белое сухое 0,75 л",1950,нет,800,Португалия,Виозиньо\Аринту\Альвариньо\Совиньон Блан,"12,5",,,,,,1799,800
"Вино Н Нивариус белое сухое 0,75 л",2130,нет,900,Испания,Темпранильо Бланко,"13,5",,,,,,1999,900
Вино Трамонтана Сицилия белое сухое,1470,нет,510,Италия,Треббьяно,11,,,,,,1199,480
"Вино Пино Гриджио Делле Венецие Арнази белое сухое 0,75 л",2890,нет,1350,Италия,Пино Гриджио,"12,5",,,,,,2499,1300
"Вино Ошторошбор Иршаи Оливер белое сухое 0,75 л",,нет,нет,Венгрия,Иршаи Оливер,"12,5",,,,,,1199,470
"Вино Айси Цинандали белое сухое 0,75 л",1370,нет,450,Грузия,Ркацители\Мцване Кахури,"12,5",,,,,,1099,400
"Вино Цинандали Алаверди белое сухое 0,75 л",1450,нет,500,Грузия,Ркацители\Мцване Кахури,12,,,,,,1199,470
"Вино Калмеда Совиньон Блан-Москатель белое сухое 0,75 л",1570,нет,570,Чили,Совиньон Блан/Москатель,"12,5",,,,,,1499,550
"Вино Эль Ниньо и Ла Луна Бланко белое сухое 0,75 л",1590,нет,580,Испания,Совиньон БланМакабео,"11,5",,,,,,1499,570
"Вино Тенглд Три Пино Гриджио белое сухое 0,75 л",1590,нет,580,ЮАР,Пино Гриджио,12.5,,,,,,1499,570
"Вино Кампо Вента Дон Хуан Тиерра де Кастилья белое сухое 0,75 л",1600,нет,590,Чили,Совиньон Блан,13,,,,,,1499,570
"Вино Куумба Шардоне белое сухое 0,75 л",1700,нет,650,ЮАР,Шардоне,13,,,,,,1199,480
"Вино Оушен Свирл Шардоне белое сухое 0,75 л",1700,нет,650,ЮАР,Шардоне,"12,5",,,,,,1599,650
"Вино П.В.С.& Б Стеларис Пино Гриджио белое сухое 0,75 л",1730,нет,670,ЮАР,Пино Гриджио,13,,,,,,1699,670
"Вино Кинта Дель Дуке Бланко белое сухое 0,75 л",,нет,нет,Испания,Айрен,11,,,,,,1399,490
"Вино Маркези Спинола Гави Биолоджико DOCG белое сухое 0,75 л",,нет,нет,Италия,Кортезе,"12,5",,,,,,2699,1500
,,,,,,,,,,,,,
ВИНО БЕЛОЕ ПОЛУСЛАДКОЕ,новая цена,наличие,New,страна,сорт винограда,крепость,,,,,,цена,закуп
"Вино Бадагони Алазанская Долина белое полусладкое 0,75 л",1580,600,490,Грузия,Ркацители,"10,5",,,,,,1299,470
"Вино Алазанская Долина Алаверди белое полусладкое 0,75 л",1580,490,490,Грузия,Ркацители\Кахури Мцване,13,,,,,,1199,400
"Вино Рио Рика Москато белое полусладкое 0,75 л",1680,670,550,Чили,Москато,12,,,,,,1499,550
"Вино Пиккола Джойа Мальвазия Рубиконе ИГТ белое полусладкое 0,75 л",1930,700,690,Италия,Мальвазия,9,,,,,,1699,630
"Вино Молоко Любимой Женщины белое полусладкое 0,75 л",1950,узнать,700,Германия,Мюллер-Тургау\Рислинг\Сильванер\Кёрнер,"9,5",,,,,,1799,670
"Вино Лизард Рислинг белое полусладкое 0,75 л",2120,870,800,Германия,Рислинг,11,,,,,,1899,800
Вино Маркес Де Касерес Сантинела Риоха DOC белое полусладкое,2490,1844 лудинг,1000,Испания,"Мальвазия, Виура/Макабео",11.5,,,,,,1999,990
"Вино Блэк Бёрд Вестерн Кейп Во белое полусладкое 0,75 л",1510,нет,450,ЮАР,Шенен Блан,12,,,,,,1299,450
"Вино Кампо Вента Дон Хуан Тиерра де Кастилья белое полусладкое 0,75 л",,нет,590,Испания,Макабео,12,,,,,,1599,590
"Вино Энгельшайн Либлих белое полусладкое 0,75 л",,нет,600,Германия,Айрен\Треббьяно\Макабео,"9,5",,,,,,1499,540
"Вино Tabla Алазанская Долина белое полусладкое 0,75 л",,нет,нет,Грузия,Ркацители\Цоликоури,"11,5",,,,,,1099,350
Вино Трамонтана Сицилия белое полусладкое,,нет,510,Италия,Треббьяно,"10,5",,,,,,1099,300
,,,,,,,,,,,,,
ВИНО БЕЛОЕ ПОЛУСУХОЕ,новая цена,наличие,New,страна,сорт винограда,крепость,,,,,,цена,закуп
"Вино Вилла Анна Пино Гриджио белое полусухое 0,75 л",1770,670,600,Италия,Пино Гриджио,12,,,,,,1499,550
"Вино Маре Альта Винью Верде белое полусухое 0,75 л",1950,720,700,Португалия,"Аринто/Падерна, Лоурейро",10,,,,,,1599,620
"Вино Вейнцунфт Рислинг Мозель белое полусухое 0,75 л",2120,850,800,Германия,Рислинг,12,,,,,,1699,750
Вино Лизард Рислинг Трокен белое полусухое,2120,870,800,Германия,Рислинг,12,,,,,,1799,800
"Вино Примо Фиоре Фамозо белое полусухое 0,75 л",2310,900,900,Италия,Фамозо,"12,5",,,,,,1899,900
"Вино Зибенштейн Рислинг Пфальц белое полусухое 0,75 л",2390,970,950,Германия,Рислинг,12,,,,,,1999,950
Вино Макуту Бей Совиньон Блан белое полусухое ,2750,1200,1150,Новая Зеландия,Совиньон Блан,12,,,,,,2199,1000
"Вино Терра де Оро Шардоне белое полусухое 0,75 л",,нет,470,Чили,Шардоне,13,,,,,,1299,470
"Вино Зибенштейн Совиньон Блан Пфальц белое полусухое 0,75 л",,800,нет,Германия,Совиньон Блан,"12,5",,,,,,1999,950
,,,,,,,,,,,,,
ВИНО РОЗОВОЕ СУХОЕ,новая цена,Наличие,New,страна,сорт винограда,крепость,,,,,,цена,закуп
"Вино Бродлиф Совиньон Блан розовое сухое 0,75 л",1820,650,630,ЮАР,Совиньон Блан\Пино Нуар,"12,5",,,,,,1799,590
"Вино жемчужное Кашу Фрешку розовое сухое 0,75 л",,нет,400,Португалия,Арагонеш\Каштелау,"11,5",,,,,,1699,500
"Вино Кампо Вента Дон Хуан Тиерра де Кастилья розовое сухое 0,75 л",,нет,450,Испания,Бобаль,12,,,,,,1499,500
"Вино Розато Тоскана Тенуте Россетти розовое сухое 0,75 л",,нет,800,Италия,Санджовезе\Мерло,"12,5",,,,,,1999,800
,,,,,,,,,,,,,
ВИНО РОЗОВОЕ ПОЛУСУХОЕ,новая цена,Наличие,New,страна,сорт винограда,крепость,,,,,,цена,закуп
"Вино Маре Альта Винью Верде розовое полусухое 0,75 л",1930,720,690,Португалия,Виньаон\Боррасал\Эшпадейро,10,,,,,,1699,620
"Вино Галеоне Примитиво Мерло Розе Апулия розовое полусухое 0,75 л",2120,850,800,Италия,Примитиво/Мерло,"12,5",,,,,,1999,750
"Вино Бриза ду Мар Винью Верде DOC розовое полусухое 0,75 л",1950,узнать,700,Португалия,Виньяу\Амарал\Боррасал,10,,,,,,1599,530
,,,,,,,,,,,,,
ВИНО КРАСНОЕ СУХОЕ,новая цена,Наличие,New,страна,сорт винограда,крепость,,,,,,цена,закуп
"Вино Саперави красное сухое 0,75 л",1180,550,270,Россия,Саперави,11,,,,,,1099,250
"Вино Сол де Плата Мальбек красное сухое 0,75 л",1860,650,650,Аргентина,Мальбек,"13,5",,,,,,1499,590
"Вино Саперави Бадагони красное сухое 0,75 л",1950,700,700,Грузия,Саперави,13,,,,,,1599,650
"Вино Тенуте Дель Неччио Кьянти красное сухое 0,75 л",2090,890,780,Италия,"Санджовезе, Мальвазия Нера, Чильеджоло",13,,,,,,1899,770
"Вино Бариста Пинотаж красное сухое 0,75 л",2490,1100,1000,ЮАР,Пинотаж,13,,,,,,2299,1000
"Вино Патриа Чика красное сухое 0,75 л",3210,1400,1400,Испания,Темпранильо\Гарнача\Мерло\Каберне Совиньон,"14,5",,,,,,2899,1400
"Вино Марселино Риоха Крианза красное сухое 0,75 л",2080,нет,770,Испания,Темпранильо,"12,5",,,,,,1899,770
"Вино Ультимо Бастион Бобаль Гарнача Крианца красное сухое 0,75 л",2120,нет,800,Испания,Бобаль\Гарнача,"12,5",,,,,,1999,800
"Вино Марселино Ресерва Риоха ДОКа красное сухое 0,75 л",2290,нет,890,Испания,Темпранильо,"13,5",,,,,,2099,870
"Вино Терраш де Монсараш красное сухое 0,75 л",1860,нет,650,Португалия,Тринкадейра\Арагонеш\Кастелао,"13,5",,,,,,1599,650
"Вино Терраш де Монсараш красное сухое 0,75 л",1860,нет,650,Португалия,Тринкадейра\Арагонеш\Кастелао,"13,5",,,,,,1599,650
"Вино Марселино Риоха красное сухое 0,75 л",1890,нет,670,Испания,Темпранильо,"13,5",,,,,,1699,670
"Вино Сеньорио Де Ла Ералта Гран Резерва красное сухое 0,75 л",3020,нет,1300,Испания,Темпранильо,"13,5",,,,,,2499,1300
Вино Маркес Де Касерес Крианса красное сухое 0.75,3210,нет,1400,Испания,Темпранильо/Гарнача/Грасиано,14,,,,,,2599,1350
"Вино Кинта дель Дуке Виньо Тинто красное сухое 0,75 л",1590,нет,500,Испания,Темпранильо,11,,,,,,1399,490
Вино Трамонтана Апулия красное сухое,,нет,нет,Италия,Санджовезе,11,,,,,,1299,500
"Вино Бардолино Валлезелле Пьеве Сан Вито красное сухое 0,75 л",,нет,нет,Италия,Корвина\Рондинелла\Молинара\Неграра,13,,,,,,2200,нет в наличии
"Вино Мирла Бэй Пино Нуар красное сухое 0,75 л",,нет,нет,Чили,Пино Нуар,"12,5",,,,,,1799,700
"Вино Тенуте Дель Неччио Кьянти Ризерва красное сухое 0,75 л",,нет,нет,Италия,Санджовезе,"12,5",,,,,,1899,770
,,,,,,,,,,,,,
ВИНО КРАСНОЕ ПОЛУСЛАДКОЕ,новая цена,Наличие,New,страна,сорт винограда,крепость,,,,,,цена,закуп
"Вино Рио Рика Ред Бленд красное полусладкое 0,75 л",1680,550,550,Чили,Каберне Совиньон\Карменер\Шираз,"12,5",,,,,,1599,550
"Вино Мукузани Кахури Гвинис Марани красное сухое 0,75 л",1700,570,550,Грузия,Саперави,12,,,,,,1599,550
"Вино Кахури Киндзмараули красное полусладкое 0,75 л",1750,600,590,Грузия,Саперави,12,,,,,,1499,530
"Вино Киндзмараули Шалвино красное полусладкое 0,75 л",1930,690,690,Грузия,Саперави,12,,,,,,1699,600
"Вино Киндзмараули Бадагони красное полусладкое 0,75 л",2120,800,800,Грузия,Саперави,11,,,,,,1799,750
"Плодовая алкогольная продукция Майрени полусладкая гранатовая 0,75 л",1410,нет,400,Армения,,12,,,,,,1399,400
"Вино Кахури Гвинис Марани Алазанская Долина красное полусладкое 0,75 л",1510,нет,450,Грузия,Ркацители,12,,,,,,1199,370
"Вино Музаради Алазанская Долина белое полусладкое 0,75 л",1510,узнать,450,Грузия,Ркацители\Белые сорта винограда,"12,5",,,,,,1199,370
"Вино Музаради Киндзмараули красное полусладкое 0,75 л",1510,узнать,450,Грузия,Саперави,11,,,,,,1199,370
"Вино Блэк Бёрд Вестерн Кейп Во красное полусладкое 0,75 л",1510,нет,450,ЮАР,Пинотаж,"13,5",,,,,,1499,450
"Вино Киндзмараули Виниверия красное полусладкое 0,75 л",2670,нет,1100,Грузия,Саперави,12,,,,,,2199,990
Вино Трамонтана Апулия красное полусладкое,1590,нет,500,Италия,Санджовезе,"10,5",,,,,,1499,500
"Вино Tabla Киндзмараули красное полусладкое 0,75 л",1590,нет,500,Грузия,Саперави,"11,5",,,,,,1499,490
,,,,,,,,,,,,,
ВИНО КРАСНОЕ ПОЛУСУХОЕ,новая цена,Наличие,New,страна,сорт винограда,крепость,,,,,,цена,закуп
"Вино Пиросмани Кахури Гвинис Марани красное полусухое 0,75 л",1510,570,450,Грузия,Саперави,"11,5",,,,,,1199,400
"Вино Пьетраме Монтепульчано Д`Абруццо красное полусухое 0,75 л",1890,900,670,Италия,Монтепульчано,13,,,,,,1599,670
"Вино Фортецца деи Колли Негроамаро красное полусухое 0,75 л",2010,750,730,Италия,Негроамаро,13,,,,,,1599,650
"Вино Фортецца Деи Колли Примитиво красное полусухое 0,75 л",2090,800,780,Италия,Примитиво,"13,5",,,,,,1599,700
"Вино Пьетраме Монтепульчано Д`Абруццо Лимитата кр.полусух 0,75 л",2180,900,830,Италия,Монтепульчано,13,,,,,,1799,770
"Вино Виллакьяра Неро Д`Авола Сицилия ДОП красное полусухое 0,75 л",2250,870,870,Италия,Неро д'Авола,13,,,,,,1999,870
"Вино Примо Фиоре Ува Лонганези красное полусухое 0,75 л",2310,900,900,Италия,Ува Лонганези,"13,5",,,,,,1999,900
"Вино Эпикуро Примитиво красное полусухое 0,75 л",2400,950,900,Италия,Примитиво,14,,,,,,1899,850
"Вино Пино Нуар Лесс Зибенштейн красное полусухое 0,75 л",2450,950,950,Германия,Пино Нуар,"12,5",,,,,,2099,950
"Вино Баррелая красное полусухое 0,75 л",2490,1000,1000,Италия,Мерло\Каберне Совиньон\Сира/Шираз\Санджовезе,"13,5",,,,,,2199,1000
"Вино Кьянти Ризерва красное полусухое 0,75 л",2520,1100,1000,Италия,Санджовезе\Мерло,13,,,,,,2099,950
"Вино Бастиони Делла Рокка Аппассименто красное полусухое 0,75 л",2010,нет,730,Италия,Примитиво\Негроамаро,15,,,,,,1699,730
"Вино Орапьена Монтепульчано д'Абруццо Ризерва красное полусухое 0,75 л",2850,нет,1200,Италия,Монтепульчано,"13,5",,,,,,2299,1100
"Вино Гипфельклеттерн Блауер Цвайгельт красное полусухое 0,75 л",1510,нет,450,Австрия,Блауер Цвайгельт,12,,,,,,1499,570
"Вино Неро ди Тройя красное полусухое 0,75 л",2850,1710 винстайл,1200,Италия,Неро ди Троя,15,,,,,,2399,1200
"Вино Сузуманьелло Гран Аппассо красное полусухое 0,75 л",3020,нет,1300,Италия,Сузуманьелло,"14,5",,,,,,2499,1300
"Вино ВайНот красное полусухое 0,75 л",3210,1980 винстайл,1400,Италия,Зинфандель,15,,,,,,2799,1400
"Вино Кот де Сомме Пино Нуар красное полусухое 0,75 л",,нет,нет,Франция,Пино Нуар,14,,,,,,1899,850
"Вино Спенсер Бэй Пинотаж красное полусухое 0,75 л",,нет,нет,ЮАР,Пинотаж,"13,5",,,,,,1400,нет в наличии
"Вино Кальдора Санджовезе Мерло красное полусухое 0,75 л",,нет,нет,Италия,Санджовезе\Мерло,"13,5",,,,,,1500,нет в наличии
,,,,,,,,,,,,,
ПОРТВЕЙН,новая цена,Наличие,New,страна,сорт винограда,крепость,,,,,,,
"Вино ликерное Портвейн белый Гурзуф Крым крепкое белое 0,75 л",1590,590,500,Россия,Кокур\Первенец Магарача\Шардоне\Алиготе\Ркацители\Мускат\Италия\Мускат Янтарный,17,,,,,,,
"Вино ликерное ПОРТВЕЙН Красный Гурзуф крепкое красное 0,75 л",1650,590,530,Россия,Бастардо\Магарачский\Каберне Совиньон\Саперави,17,,,,,,,
"Вино ликерное Массандра Портвейн Белый Крымский 0,75 л",2020,740,740,Россия,Кокур\Ркацители\Алиготе,"17,5",,,,,,,
"Портвейн Гравураш ду Коа Порто Руби красный сладкий 0,75 л",,нет,1000,Португалия,Турига Франка\Тинта Баррока\Тинта Амарела\Тинта Рориш,19,,,,,,,
,,,,,,,,,,,,,
"ВОДКА 0,5л",новая цена,Наличие,New,,,,,,,,,цена,закуп
"Водка ПЯТЬ ОЗЕР 40% 0,5Л",1410,бристоль 450,400,,,,,,,,,999,350
"Водка Зимняя деревенька на солодовом спирте 0,5",1500,бристоль 450,400,,,,,,,,,999,360
"Водка Тундра Аутентик 0,5",1550,450 бристоль,400,,,,,,,,,999,370
"Водка особая Немирофф Клюква ледяная 0,5 л",1480,,439,,,,,,,,,,
"Водка ХАСКИ АРКТИК АЙС 40% 0,5Л",1600,480,470,,,,,,,,,999,370
"Водка Русский Стандарт Голд 0,5",1620,520,500,,,,,,,,,1099,440
"Водка Белая Березка 0,5",1680,550,549,,,,,,,,,1099,410
"Водка МАМОНТ 40% 0,5Л",2750,1160,1150,,,,,,,,,1899,900
"Водка ОРГАНИКА 40% П/УП. 0,5Л + КНИГА",2850,615,1200,,,,,,,,,1999,900
"Водка Чистые росы 0,5 ",2900,1200,1200,,,,,,,,,2299,1090
"Водка Белуга Нобл 0,5 л",3100,1330,1200,,,,,,,,,2099,940
"Водка виноградная Найт Габриелло Граппа Нобиле 0,5 л",2490,нет,1000,,,,,,,,,2199,1000
"Водка Спельта 0,5 ",,нет,нет,,,,,,,,,3000,нет в наличии
Водка Summum 0.5 л,,нет,нет,,,,,,,,,2600,нет в наличии
,,,,,,,,,,,,,
"ВОДКА 0,7л",новая цена,Наличие,New,,,,,,,,,цена,закуп
"Водка Старлей 0,7 л",1620,595,520,,,,,,,,,,
"Водка Зимняя Деревенька на солодовом спирте  0,7",1770,605,600,,,,,,,,,1199,510
"Водка Тундра Аутентик 0,7",1800,615,600,,,,,,,,,1199,450
"Водка Пять Озер 0,7",1860,640,650,,,,,,,,,1299,640
"Водка ХАСКИ 40% 0,7Л",1900,665,650,,,,,,,,,1199,490
"Водка Белая Березка  0,7",1950,790,700,,,,,,,,,1699,850
"Водка Русский Стандарт  0,7",2000,800,700,,,,,,,,,1399,650
Водка Чистые Росы 0.7 л,3920,1840,1800,,,,,,,,,2799,1480
"Водка Суммум 0,7 л",4000,1900,1800,,,,,,,,,2999,1700
"Водка ОРГАНИКА ЛАЙФ 40% П/УП. 0,7Л",3390,нет,1500,,,,,,,,,2299,1100
"Водка ФИНЛЯНДИЯ 40% 0,7Л",3560,нет,1600,,,,,,,,,2699,1400
"Водка Грей Гуз 0,7 л",4020,нет,1850,,,,,,,,,4999,1795
"Водка АБСОЛЮТ 40% 0,7Л",,нет,нет,,,,,,,,,2399,1100
"Водка Дикий мед классика туба 0,7 л",,нет,нет,,,,,,,,,1299,620
Водка Danzka 0.7 л В железе,,нет,нет,,,,,,,,,2600,нет в наличии
Водка Узо Ромиос 0.7л,,нет,нет,,,,,,,,,2800,нет в наличии
"Водка Легенда Кремля, в подарочной упаковке ""Фолиант"" 0.7 л",,нет,нет,,,,,,,,,3300,нет в наличии
Водка Vodka Summum Organic Pepper 0.7 л,,нет,нет,,,,,,,,,3900,нет в наличии
,,,,,,,,,,,,,
ВОДКА 1л,новая цена,Наличие,New,,,,,,,,,цена,закуп
Водка особая Немирофф пшеница 1 л,2100,790,,,,,,,,,,,
Водка Зимняя Деревенька на солодовом спирте 1л,2120,820,800,,,,,,,,,1699,710
Водка Белая Березка 1Л,2310,930,900,,,,,,,,,1799,760
Водка Русский Стандарт 1л,2390,960,950,,,,,,,,,1799,830
Водка Медведь 1 л,2670,1150,1100,,,,,,,,,1899,900
,,,,,,,,,,,,,
"НАСТОЙКИ (0,25л от трех штук, 0,375 от 2шт)",новая цена (цена указана за 1шт),Наличие,new,,,,,,,,,цена,закуп
"Настойка горькая Немирофф Украинская Медовая с перцем 0,25 л",590,,197,,,,,,,,,,
"Водка особая Немирофф Пшеница 0,25 л",720,,239,,,,,,,,,,
"Настойка сладкая Немирофф клюква на коньяке 0,25 л",870,,289,,,,,,,,,,
"Настойка горькая Золотой Джокер 0,5 л",1110,,229,,,,,,,,,,
"Настойка сладкая Немирофф клюква на коньяке 0,5 л",1160,,256,,,,,,,,,,
"Настойка горькая Немирофф Украинская Медовая с перцем 0,5 л",1320,,349,,,,,,,,,,
"Настойка сладкая Немирофф Вишня в шоколаде 0,5 л",1260,,314,,,,,,,,,,
"Настойка Немирофф сладкая черная смородина 0,5 л",1270,,324,,,,,,,,,,
"Настойка горькая Немирофф Клюква крепкая 0,5 л",1480,,439,,,,,,,,,,
"Настойка горькая ХАСКИ ЦИТРУСОВЫЙ МИКС 38% 0,5Л",1500,440,,,,,,,,,,,420
"Настойка горькая Белая Березка Белый Налив 0,5 л",1590,510,,,,,,,,,,,
"Настойка горькая Царская груша 0,5 л",1600,580,,,,,,,,,,,
"Настойка горькая Золотой Джокер 0,25л",,,,,,,,,,,,,
"Настойка горькая Честная перцовая 0,375",,,,,,,,,,,,,
"Самогон Немирофф на кедровых орехах 0,5 л",,,,,,,,,,,,,
"Настойка горькая Немирофф Кедровая на апельсиновых корочках 0,5 л",,,,,,,,,,,,,
"Настойка Лимонка сладкая со вкусом лимона 0,5 л",,,,,,,,,,,,,
"Настойка Хаски Ягодный микс 0,5 л",,,,,,,,,,,,,
"Настойка Байкал Клюква полусладкая 0,5",,,,,,,,,,,,,
,,,,,,,,,,,,,
"Водка (0,25л от трех штук, 0,375 от 2шт)",новая цена (цена указана за 1шт),Наличие,new,,,,,,,,,цена,закуп
"Водка Славянская мягкая на березовых почках 0,25 л",530,,175,,,,,,,,,,175
"Водка особая ЗЕЛЕНАЯ МАРКА КЕДРОВАЯ 40% 0,25Л",600,,200,,,,,,,,,,200
"Водка СТАРЛЕЙ 40% 0,25Л",630,210,200,,,,,,,,,,200
"Водка ПЯТЬ ОЗЕР 40% 0,25Л",690,230,205,,,,,,,,,,205
"Водка ТУНДРА АУТЕНТИК ВОДКА КРАЙНЕГО СЕВЕРА 40% 0,25Л",780,260,198,,,,,,,,,,198
"Водка Калашников 0,375 л",870,220,290,,,,,,,,,,290
"Водка особая ЗЕЛЕНАЯ МАРКА КЕДРОВАЯ 40% 0,375Л",960,,320,,,,,,,,,,320
"Водка Сталковская Альфа 0,25 л",1020,340,,,,,,,,,,,
"Водка Сталковская Альфа 0,375 л",,,,,,,,,,,,,
"Водка Честная 0,375 л",,,,,,,,,,,,,
,,,,,,,,,,,,,
"Виски 0,5л",новая цена,наличие,new,,,,,,,,,цена,закуп
"Напиток спиртной зерновой купажированный Нобл Стаг Спайсд 0,5 л",1770,600,600,,,,,,,,,1499,560
"Виски Наки Томпсон 3 года купажированный 0,5",2300,960,800,,,,,,,,,1599,760
"Виски шотландский ВИЛЬЯМ ЛОУСОНС 40% 0,5Л",2490,1020,1000,,,,,,,,,1899,850
"Виски Вильям Лоусонс Супер Спайсд купажир. 0,5 л",2500,1020,1000,,,,,,,,,1999,890
"Виски шотландский купажированный ЧИВАС РИГАЛ 12 ЛЕТ 40% 0,5Л",6080,3060,3000,,,,,,,,,4999,3000
"Спиртной напиток ДЖИМ БИМ ЭППЛ 32,5% 0,5Л",4650,нет,2200,,,,,,,,,3399,2100
"Виски шотландский МАКАЛЛАН ТРИПЛ КАСК и12 ЛЕТ П/УП. 0,5Л ",,нет,нет,,,,,,,,,13999,9990
"Виски ирландский  ДЖЕМЕСОН 40% 0,5Л",,нет,нет,,,,,,,,,3300,нет в наличии
,,,,,,,,,,,,,
"Виски 0,7л",новая цена,наличие,new,,,,,,,,,цена,закуп
"Виски купажированный шотландский Нобл Стаг 3 года 0,7 л",2310,900,900,,,,,,,,,1799,800
"Виски шотландский Сир Эдвардс 0,7 л",2750,1150,1150,,,,,,,,,2099,1070
"Виски Наки Томпсон 3 года купажированный 0,7",3300,1330,1100,,,,,,,,,1999,950
"Виски шотландский ВИЛЬЯМ ЛОУСОНС 40% 0,7Л",3500,1430,1300,,,,,,,,,2499,1140
"Виски Вильям Лоусонс Супер Спайсд выдержка 3 года 0,7 л",3700,1480,1300,,,,,,,,,2399,1100
"Виски Дюарс Уайт Лейбл 3 года 0,7 л",3800,1590,1500,,,,,,,,,2699,1350
"Виски ДЖОННИ УОКЕР РЭД ЛЕЙБЛ 40% 0,7Л",4050,2250,2000,,,,,,,,,2999,1290
"Виски бурбон ДЖИМ БИМ 4 ГОДА 40% 0,7Л",4780,2660,2000,,,,,,,,,3199,1390
Виски Баллантайнс Файнест не менее 3 лет купажир. 0.7л,4290,2040,нет,,,,,,,,,3500,3150
"Виски купажированный Инаизуми п/к 0,7 л",5180,2500,2500,,,,,,,,,3699,2200
"Напиток спиртной Джим Бим Блэк Черри 0,7 л",5360,2600,2600,,,,,,,,,3699,2550
"Виски Дюарс Португиз Смуз 8 лет шотландский купажированный 0,7 л",5450,2650,2650,,,,,,,,,3399,1700
"Виски ирландский  ДЖЕМЕСОН 40% 0,7Л",5790,3060,2700,,,,,,,,,3899,2300
"Виски Джонни Блонде 0,7 л",5900,2860,нет,,,,,,,,,2999,1500
Виски Теннесси Джек Дениел`с 0.7 л,5890,2300,2900,,,,,,,,,3499,2600
"Виски Гранжстоун бурбон каск финиш п/к 0,7 л",6080,3100,3000,,,,,,,,,4999,3000
"Виски Джонни Уокер Блэк Лейбл 12 лет 0,7 л ",6440,3420,3200,,,,,,,,,4499,2370
"Нап.спиртной Джим Бим персик 0,7 л",6250,3470,нет,,,,,,,,,3699,2550
"Виски Дюарс Спешиал Резерв 12 лет шотландский купажированный 0,7 л",6980,3980,3500,,,,,,,,,5299,3400
"Виски купажированный ХАТОЗАКИ 3 ГОДА 40% 0,7Л",7880,4080,4000,,,,,,,,,4999,2999
"Виски шотландский ЧИВАС РИГАЛ 12 ЛЕТ  П/УП. 0,7Л",7900,4080,4000,,,,,,,,,5499,3400
"Виски Мэйкерс Марк 0,7Л",8230,4080,4200,,,,,,,,,5199,4100
"Виски шотландский ЧИВАС РИГАЛ 18 ЛЕТ 40% П/УП. 0,7Л ",18900,10530,8000,,,,,,,,,12999,7500
Виски шотландский МАКАЛЛАН ДАБЛ КАСК 12 ЛЕТ  0.7л ,23400,13000,12500,,,,,,,,,17999,12500
"Виски шотл. купаж. ДЖОННИ УОКЕР БЛЭК ЛЕЙБЛ 12 ЛЕТ 40% (П/УП./) 0,7",6440,нет,3200,,,,,,,,,4999,2370
"Виски Аберлауэр не менее 12 лет п/к 0,7 л",17220,нет,9200,,,,,,,,,8999,8000
"Спиртной напиток на основе виски ДЖЕМЕСОН АПЕЛЬСИН 30% 0,7Л",,нет,2500,,,,,,,,,3299,2050
Виски ирланский Поугс оригинальный (черный) 0.7л,,нет,нет,,,,,,,,,2799,1500
"Виски Чивас Ригал 15 лет шотландский купажированный 0,75 л",,нет,нет,,,,,,,,,11999,7100
Виски Макаллан Дабл Каск 15 0.7л,,нет,нет,,,,,,,,,24999,21600
Виски ирланский Поугс фруктовая мята и лайм (красный) 0.7л,,нет,нет,,,,,,,,,3000,нет в наличии
Виски ирланский Поугс медовый (оранжевый) 0.7л,,нет,нет,,,,,,,,,3000,нет в наличии
,,,,,,,,,,,,,
ВИСКИ 1л,новая цена,Наличие,New,,,,,,,,,цена,закуп
Виски Джим Бим 1л,5360,2600,2600,,,,,,,,,3999,2500
Виски Теннесси Джек Дениел`с 1 л,8780,нет,4500,,,,,,,,,4199,3100
Виски шотландский ЧИВАС РИГАЛ 12 ЛЕТ 40% П/УП. 1Л,9850,нет,5100,,,,,,,,,6199,4000
Виски Jameson 1 л,,нет,нет,,,,,,,,,4499,2550
Виски Баллантайнс Файнест не менее 3 лет купажир. 1л,,нет,нет,,,,,,,,,4100,нет в наличии
,,,,,,,,,,,,,
"Коньяк 0,5л",новая цена,Наличие,New,,,,,,,,,цена,закуп
"Коньяк Фазерс Олд Баррель не менее 5 лет 0,5 л",1850,740,550,,,,,,,,,1299,600
"Коньяк Кочари 5 лет 0,5",2050,820,700,,,,,,,,,1299,650
"Коньяк ординарный Армянский Коньяк 5 лет 0,5 л",1950,720,700,,,,,,,,,1199,560
"Коньяк Фанагория 5 лет 0,5 л",2040,800,750,,,,,,,,,1299,650
"Коньяк Армянский Кочари 7 лет подарочный п/к 0,5",2220,850,850,,,,,,,,,1599,700
"Коньяк Старейшина 5 лет 0,5",2300,920,780,,,,,,,,,1699,750
"Коньяк СТАРЫЙ КЕНИГСБЕРГ 3 ГОДА 40% 0,5Л",2120,800,800,,,,,,,,,,
Коньяк Старейшина 7 лет 0.5,2490,1080,1000,,,,,,,,,1699,850
"Коньяк выдержанный СТАРЕЙШИНА КВ ЭНОЛОДЖИКАЛ 7 ЛЕТ 40% 0,5Л",2490,1080,1000,,,,,,,,,1799,870
"Коньяк Ной Традиционный 5 лет 0,5",2490,1020,1000,,,,,,,,,1699,850
"Коньяк Асканели ВС 5 лет п/к 0,5 л",3210,1400,1400,,,,,,,,,2599,1200
"Коньяк Армянский Арарат 5 лет п/к 0,5",3500,1480,1300,,,,,,,,,2699,1290
"Бренди Торрес 10 лет Гран Резерва 0,5 л",3290,1460,1450,,,,,,,,,2300,1060
"Коньяк Арарат АНИ КВ п/к 0,5 л",3750,1700,1700,,,,,,,,,2499,1700
"Коньяк А.ДЕ Фуссиньи Селексьон Коллексьон туба 0,5 л",5890,2900,2900,,,,,,,,,3899,2300
"Коньяк Армянский Арарат Наири 20 лет п/к 0,5 л",12010,мало,6300,,,,,,,,,8299,5300
"Коньяк Арарат Ахтамар 10 лет п/к 0,5 л",5720,нет,2800,,,,,,,,,5199,2750
"Коньяк Старейшина 7 лет п/к 0,5 л",,нет,нет,,,,,,,,,1799,780
"Коньяк МАРТЕЛЬ ЭЙДЖД ИН РЕД БАРРЕЛС ВСОП 4 ГОДА 40% П/УП. 0,5Л",,нет,нет,,,,,,,,,5500,нет в наличии
,,,,,,,,,,,,,
"КОНЬЯК 0,7л",новая цена,Наличие,New,,,,,,,,,цена,закуп
"Коньяк Асканели ВСОП 7 лет п/к 0,7 л",3920,,1800,,,,,,,,,3499,1700
"Бренди Семболь Националь ХО 0,7 л",4110,,1900,,,,,,,,,3399,1800
"Бренди Делор Фрер V.S.O.P п/к 0,7 л",5360,,2600,,,,,,,,,5199,2500
"Коньяк Готье ВСОП п/к 0,7 л",7880,,4000,,,,,,,,,7899,4000
Коньяк Martell VS 0.7 л,8950,,4600,,,,,,,,,7499,4600
Коньяк Courvoisier VS 0.7 л,8950,,4600,,,,,,,,,5999,3580
Коньяк французский Courvoisier VSOP GPK 0.7 л в подарочной коробке,11460,,6000,,,,,,,,,8999,5000
Бренди Torres 10 Gran Reserva в подарочной упаковке 0.7 л,,нет,нет,,,,,,,,,2800,960
"Коньяк КУРВУАЗЬЕ Фонтенебло Каск 40% П/УП. 0,7Л ",,нет,нет,,,,,,,,,7899,4000
"Коньяк Мартель ХО не менее 10 лет п/к 0,7 л",,нет,нет,,,,,,,,,25000,нет в наличии
Коньяк Jules Gautret 10 YEARS 0.7 л,,нет,нет,,,,,,,,,7900,нет в наличии
Коньяк Remy Martin VSOP 0.7 л,,нет,нет,,,,,,,,,8000,нет в наличии
Коньяк Dobbe Cognac XO 0.7 л,,нет,нет,,,,,,,,,10500,нет в наличии
Коньяк Dobbe Cognac XO Extra Grand Century 0.7 л,,нет,нет,,,,,,,,,16000,нет в наличии
,,,,,,,,,,,,,
РОМ,новая цена,Наличие,New,,,,,,,,,цена,закуп
"Ром Мама Джама Блэк выдержанный 0,7 л",1950,,700,,,,,,,,,1599,570
"Ром выдержанный БЛЭК ПИРЛ ДАРК 37,5% 0,7Л",2490,"кб, бристоль",1000,,,,,,,,,,
"Ром невыдержанный ОЛД МОНК БЕЛЫЙ 42,8% 0,75Л",3210,"бристоль, вайнстайл, лента",1400,,,,,,,,,,
"Ром выдержанный ОЛД МОНК 7 ЛЕТ 42,8% 0,75Л",3390,"бристоль, вайнстайл, лента",1500,,,,,,,,,,
"Напиток спиртной на основе рома Оакхарт Ориджинал Бакарди 0,7",2670,,1100,,,,,,,,,2199,1090
"Ром выдержанный БАРСЕЛО ДОРАДО 37,5% 0,7Л",3020,бристоль,1300,,,,,,,,,,
"Ром САНГСОМ выдержанный 40%, 0.7L",3020,"кб,лента",1300,,,,,,,,,,
Ром Captain Morgan Spiced Gold 0.7 л,2850,,1200,,,,,,,,,2399,1190
"Набор Оакхарт Ориджинал Спайс Голд+2 банки Rich Cola 0,7 л",2580,,1050,,,,,,,,,2699,1000
Ром Ron Barcelo Anejo 0.7 л,3210,"кб, бристоль",1400,,,,,,,,,2499,1400
Ром Дэд Мэн'с Фингерс тропики и ваниль (белый) 0.7л,3290,,1450,,,,,,,,,2699,1450
"Ром ДЭД МЭН'С ФИНГЕРС КОКОСОВЫЙ 37,5% 0,7Л",3560,,1600,,,,,,,,,2799,1600
"Ром Contrabando, 5 летней выдержки 0.7 л",4110,"лента, кб",1900,,,,,,,,,3400,1900
Ром Бругал Аньехо 0.7л,4650,кб,2200,,,,,,,,,3000,2190
Ром Havana Club Anejo 3 Anos 0.7 л,5550,,2700,,,,,,,,,3100,2700
"Ром Matusalem Solera 7 лет, 0.7л",6080,"кб, метро",3000,,,,,,,,,,
Ром Дэд Мэн'с Фингерс пряный (черный) 0.7л,3560,нет,1600,,,,,,,,,2799,1600
"Ром ""Botran"" Reserva Clasica №8, 0.7 л",,кб,,,,,,,,,,,
Ром Дэд Мэн'с Фингерс манго (желтый) 0.7л,,нет,нет,,,,,,,,,2099,1050
Ром Captain Morgan Spiced Gold 0.5 л,,нет,нет,,,,,,,,,1999,980
Ром выдержанный Закапа Сэнтэнарио 23 Солера Гран Резерва 0.7,,нет,нет,,,,,,,,,9800,6280
"Ром Закапа XO п/к 0,7 л",,нет,нет,,,,,,,,,13500,1000
Ром Ron Barcelo Imperial 0.7 л Dominicano,,нет,нет,,,,,,,,,3400,нет в наличии
,,,,,,,,,,,,,
ТЕКИЛА,новая цена,Наличие,New,,,,,,,,,цена,закуп
"Напиток спиртной текила Дон Чику Золото 0,5 л",2120,,800,,,,,,,,,,
"Текила Ольмека Сильвер 38% 0,7л ",3750,,1700,,,,,,,,,4499,2750
"Текила Ольмека Голд 38% 0,7л ",3750,,1700,,,,,,,,,4999,2070
"Текила Хосе Куэрво Эспесиаль Сильвер 38% 0,7л",4280,,2000,,,,,,,,,3000,1700
Текила Espolon Reposado 0.75 л,7880,,4000,,,,,,,,,4300,3000
Текила Espolon Blanco 0.75 л,8230,МАЛО,4200,,,,,,,,,4000,2700
"Спиртной напиток ФАНТАСМА 40% 0,5Л",,нет,500,,,,,,,,,1600,410
"Текила Хосе Куэрво Эспесиаль Репосадо 38% 0,7л ",,нет,нет,,,,,,,,,3100,1800
"Текила Ла Тременда 0,7 л",,нет,нет,,,,,,,,,2200,1000
"Спиртной напиток ТЕКИЛА АСИЕНДА ВЬЕХА БЛАНКО 40% 0,75Л",,нет,нет,,,,,,,,,4200,1950
"Спиртной напиток ТЕКИЛА АСИЕНДА ВЬЕХА РЕПОСАДО 40% 0,75Л",,нет,нет,,,,,,,,,4200,2000
Текила Herencia de Plata Silver 0.7 л,,нет,нет,,,,,,,,,3700,нет в наличии
Текила Herencia de Plata Reposado 0.7 ,,нет,нет,,,,,,,,,4200,нет в наличии
Текила Herencia de Plata Anejo 0.7 л,,нет,нет,,,,,,,,,4600,нет в наличии
,,,,,,,,,,,,,
ДЖИН,новая цена,Наличие,New,,,,,,,,,цена,закуп
"Джин Фримен 40% 0,5л.",1320,,350,,,,,,,,,1199,350
"Джин Фримен Пинк 40% 0,5л.",1350,,370,,,,,,,,,1199,350
Джин Barrister Pink/Blue/Dry Gin 0.5 л,1770,,600,,,,,,,,,1500,500
Джин Gordon's London Dry Gin 0.7 л,3920,,1800,,,,,,,,,2900,1280
Джин Roku Gin 0.7 л The Jananese Craft,,нет,нет,,,,,,,,,4600,2200
Джин Карун 0.7 л,,нет,нет,,,,,,,,,5000,нет в наличии
Джин Зе Грейт Керридж Лондон Драй Джин 0.7,,нет,нет,,,,,,,,,2000,нет в наличии
"Джин ОуБиЭс Обсешн 0,7 л",,нет,нет,,,,,,,,,2100,нет в наличии
Джин Beefeater 0.5 л,,нет,нет,,,,,,,,,2700,нет в наличии
Джин Tenjaku 0.7 л,,нет,нет,,,,,,,,,3900,нет в наличии
,,,,,,,,,,,,,
ЛИКЕР,новая цена,Наличие,New,,,,,,,,,цена,закуп
"Ликер Лимончелло Сан Ламаджо 0,5 л",1220,,300,,,,,,,,,1500,300
"Ликер Мариба Рио сливки с ароматом ванили 0,5 л",1320,,350,,,,,,,,,1299,300
"Ликер Мариба Рио сливки с ароматом шоколада 0,5 л",1320,,352,,,,,,,,,1299,300
"Настойка Абсент Абсолвент горькая 0,5 л",3560,,1600,,,,,,,,,2600,1530
Ликер Jagermeister десертный 0.7 л ,3750,,1700,,,,,,,,,2900,2060
Ликер Aperol 0.7 л,3920,,1800,,,,,,,,,2700,1450
Ликер Campari Bitter Aperetif красный 0.75 л,4280,,2000,,,,,,,,,2900,1800
Ликер Baileys Original 0.7 л,4720,,2240,,,,,,,,,3100,1690
Ликер Cointreau 0.7 л,4820,,2300,,,,,,,,,3300,2170
"Ликер Самбука Мотичелли 0,5 л",,нет,нет,,,,,,,,,1599,330
Ликер Tundra bitter 0.5 л,,нет,нет,,,,,,,,,1500,610
"Ликер крепкий НОСТАЛЬГИЯ САМБУКА 40% 0,5Л",,нет,нет,,,,,,,,,1500,400
"Ликер десертный TУНДРА БИТТЕР 0,5л",,нет,нет,,,,,,,,,1199,460
"Ликер десертный ЛЮЛЮ СО ВКУСОМ КЛУБНИКИ И ЛАЙМА 15% 0,7Л",,нет,нет,,,,,,,,,1500,580
"Спиртной напиток ШЕРИДАНС ДВУХСЛОЙНЫЙ КОФЕЙНЫЙ 15,5% 0,5Л",,нет,нет,,,,,,,,,2900,1300
Ликер Sambuca Imperiale 0.7 л,,нет,нет,,,,,,,,,2100,нет в наличии
Ликер Vana Tallinn 0.5 л,,нет,нет,,,,,,,,,2100,нет в наличии
Ликер Becherovka 0.7 л,,нет,нет,,,,,,,,,2900,нет в наличии
"Ликер десертный TУНДРА БИТТЕР оранж 0,5л",,нет,нет,,,,,,,,,1199,нет в наличии
Ликер Lamonica Sambuca 0.5 л,,нет,нет,,,,,,,,,1500,нет в наличии
Ликер Limoncello di Sorrento 0.5 л,,нет,нет,,,,,,,,,2000,нет в наличии
,,,,,,,,,,,,,
"ПРОСЕККО, БРЮТ 0,25л от 3шт, 0,33 от 5шт",новая цена,Наличие,New,страна,сорт винограда,крепость,,,,,,цена,закуп
"Вино игристое Villa Amalia белое брют 0,33 л (от 5шт)",920,,130,Россия,Ркацители\Подарок Магарача,"10,5",,,,,,300,130
"Газ. винный напиток Мартини Розато  8,5% роз. п\сл, ж/б 0,25 л (от 3шт)",1650,,530,Италия,,,,,,,,800,400
"Газ. винный напиток Мартини Секко белый полусухой  8,5%  ж/б 0,25 л (от 3шт)",1650,,530,Италия,,,,,,,,800,400
"Газ. винный напиток МАРТИНИ СЕМИ ДОЛЬЧЕ 8,5% БЕЛ. СЛ. Ж/Б 0,25Л (от 3шт)",1650,,530,Италия,,,,,,,,800,400
,,,,,,,,,,,,,
"ПРОСЕККО, БРЮТ",новая цена,Наличие,New,страна,сорт винограда,крепость,,,,,,цена,закуп
"Вино игристое Российское Премиум белое брют 0,75 л",1120,,240,Россия,Белые сорта винограда,11,,,,,,1100,240
Вино игристое Шато Тамань розовое брют,1280,,330,Россия,Пино Блан/Мюллер/Мускат/Саперави,"12,5",,,,,,1200,330
"Вино игристое Российское Фанагория белое брют 0,75 л",1510,,450,Россия,Шардоне/Алиготе/Пино Нуар/Рислинг,12,,,,,,1300,450
"Вино игристое Российское Фанагория защ.геогр.ук.белое брют 0,75 л",1520,,460,Россия,Шардоне/Алиготе/Пино Нуар/Рислинг,12,,,,,,1300,430
"Вино игристое Шато Тамань белое брют п/к 0,75 л",1680,,550,Россия,Пино Белый\Бианка\Алиготе\Шардоне\Рислинг,10,,,,,,1399,630
"Вино игристое Шато Тамань Сюр Ли белое экстра брют 0,75 л",1750,,590,Россия,Шардоне\Алиготе,11,,,,,,1499,570
"Вино игристое Брюле Cuvee белое брют 0,75 л",1770,,600,Россия,Шардоне\Пино Нуар\Мерло,12,,,,,,1499,550
"Вино игристое ВёВ Албан белое брют 0,75 л",1860,,650,Франция,Айрен,11,,,,,,1600,550
"Вино игристое Вёв Албан розовое брют 0,75 л",1890,,670,Россия,Айрен,"11,5",,,,,,1600,600
"Вино игристое Проссимо спуманте белое брют 0,75 л",2010,,730,Италия,Гарганега,11,,,,,,1700,650
"Вино игристое Альборес Ундуррага белое полусухое 0,75 л",2110,,790,Чили,Шардоне\Совиньон Блан\Сира/Шираз,12,,,,,,1599,770
"Вино игристое Альборес Ундуррага Брют 0,75 л",2110,,790,Чили,Шардоне\Совиньон Блан\Сира/Шираз,12,,,,,,1599,770
"Вино игристое Кава Арте Латино розовое брют 0,75 л",2120,,800,Испания,Трепат\Пино Нуар,"11,5",,,,,,1700,730
"Вино игристое Кава Доменек Винтаж белое экстра брют 0,75 л",2440,,970,Италия,Примитиво\Негроамаро,15,,,,,,1699,850
"Вино игристое Карлос Серрес Риоха ДОК белое брют 0,75 л",2980,,1270,Испания,Виура/Макабео\Шардоне\Темпранильо Бланко,12,,,,,,2699,1250
"Вино игристое Корте дей Рови Просекко Экстра Драй DOC белое сухое 0,75 л",2850,,1200,Италия,Глера/Просекко,11,,,,,,2000,1200
"Вино игристое Креман де Луар Домен д`Аврийе белое брют 0,75 л",3020,,1300,Франция,Шардоне\Пино Нуар\Шенен Блан,11,,,,,,3400,1300
Вино игристое Просекко Мартини белое сухое,3210,,1400,Италия,Глера/Просекко,"11,5",,,,,,2000,1150
Вино игристое Мондоро Просекко защ.геогр.ук.бел.сух,3750,,1700,Италия,Глера/Просекко,11,,,,,,2200,1290
Вино игристое Мартини Брют бел.брют,3920,,1800,Италия,"Треббьяно, Шардоне","11,5",,,,,,3000,980
"Вино игристое Кюве ДиПи Традишн Давид Порэ белое брют 0,75 л",4820,,2300,Франция,Шардоне/Пино Нуар/Пино Менье,"12,5",,,,,,3800,2500
"Вино игристое Шампань Де Корветте Премье Крю белое брют 0,75 л",9130,,4700,Франция,Шардоне\Пино Нуар\Пино Менье,"12,5",,,,,,6699,4700
"Вино игристое выдержанное Моэт и Шандон Империаль белое брют 0,75 л",12360,,6500,Франция,Шардоне/Пино Нуар/Пино Менье,12,,,,,,9000,6500
"Вино игристое ШАТО ШУГО 10,5-11,5% РОЗ. П/СУХ. 0,75Л",,нет,нет,Россия,,"10,5",,,,,,1299,460
"Вино игристое ЭНДЕМЫ РКАЦИТЕЛИ 10,5-12,5% БЕЛ. БРЮТ 0,75Л",,нет,нет,Россия,,"10,5",,,,,,1199,550
"Вино игристое Мьяцци Риболла Джалла белое брют 0,75 л",,нет,нет,Италия,Риболла Джалла,11,,,,,,1799,860
"Вино игристое БИО БИО БАББЛС 11% БЕЛ. БРЮТ 0,75Л",,нет,нет,Италия,"Инзолия, Гарганега",11,,,,,,2399,1000
"Вино игристое БРУНИ ПРОСЕККО ЭКСТРА ДРАЙ 11% БЕЛ. БРЮТ 0,75Л",,нет,нет,Италия,Глера/Просекко,11,,,,,,2699,1200
"Вино игристое выдержанное Дж.Г. Мумм Гранд Кордон Брют белое п/к 0,75 л",,нет,нет,Франция,Шардоне/Пино Нуар/Пино Менье,12,,,,,,5899,4000
"Вино игристое Вальпьяна Миллезимато Экстра Драй белое брют 0,75 л",,нет,нет,Италия,Глера,11,,,,,,1600,1000
,,,,,,,,,,,,,
АСТИ,новая цена,Наличие,New,страна,сорт винограда,крепость,,,,,,цена,закуп
"Вино игристое Российское Премиум белое полусладкое 0,75 л",1120,,240,Россия,Белые сорта винограда,12,,,,,,1200,240
"Вино игристое Советское Шампанское белое полусладкое 0,75 л",1220,,300,Россия,Шардоне/Совиньон Блан/Алиготе/Рислинг/Кокур,11,,,,,,1200,270
"Вино игристое Российское Шато Тамань белое полусладкое п/к 0,75 л",1680,,550,Россия,Пино Белый\Бианка\Алиготе\Шардоне\Рислинг,10,,,,,,1399,500
"Вино игристое Массимо Висконти Ламбруско белое сладкое 0,75 л",1770,,600,Италия,Ламбруско,"7,5",,,,,,1500,500
"Вино игристое Исси Мальвазия Спуманте белое сладкое 0,75 л",2390,,950,Италия,Мальвазия/Мускат,7,,,,,,1800,900
Вино игристое Сант Орсола Асти DOCG белое сладкое,2490,,1000,Италия,Мускат,7,,,,,,1800,770
"Вино игристое Атто Примо Асти белое сладкое 0,75 л",2440,,970,Италия,Мускат,"7,5",,,,,,2100,900
"Вино игристое Асти Пьемонт Канти белое сладкое 0,75 л",2490,,1000,Италия,Мускат,7,,,,,,2299,990
Вино игристое Чинзано Асти DOCG бел.сл,3210,,1400,Италия,Мускат,7,,,,,,2100,1780
Вино игристое Мондоро Асти DOCG бел.сл,4260,,1990,Италия,Мускат,"7,5",,,,,,2300,1400
Напиток винный газ. Ламбруско Розато п/сл 0.75,,нет,нет,Россия,,8,,,,,,1000,200
Напиток винный газ. Ламбруско Бьянко п/сл 0.75,,нет,нет,Россия,,8,,,,,,1000,200
Игристое вино Мартини Асти Пьемонт бел.сл,,нет,нет,Италия,Мускат,"7,5",,,,,,2100,1200
"Вино игристое Линда Донна Асти DOCG белое сладкое 0,75 л",,нет,нет,Италия,Мускат,"7,5",,,,,,1700,нет в наличии
"Вино игристое Фальдео Асти DOCG белое сладкое 0,75 л",,нет,нет,Италия,Мускат,7,,,,,,1700,нет в наличии
,,,,,,,,,,,,,
ВЕРМУТ,новая цена,Наличие,New,,,,,,,,,цена,закуп
"Вермут Каза Позитано Бьянко белый сладкий 0,75 л",1950,,700,,,,,,,,,1400,470
"Вермут Чинзано Бьянко белый сладкий 0,5 л",1860,,650,,,,,,,,,1500,505
"Вермут Мартини Фиеро сладкий 0,5 л",2120,мало,800,,,,,,,,,1699,660
"Вермут Мартини Бьянко белый сладкий 0,5 л",2120,,800,,,,,,,,,1600,700
"Вермут Мартини Бьянко белый сладкий 0,75 л",2670,,1100,,,,,,,,,1600,980
"Вермут Мартини Фиеро сладкий 0,75 л",2670,,1100,,,,,,,,,2999,980
"Набор Мартини Бьянко + 2 банки тоника 0,75 л",2850,,1200,,,,,,,,,2699,980
Вермут ЧИНЗАНО БЬЯНКО 15% БЕЛ. СЛ. 1Л,3210,,1400,,,,,,,,,2999,1400
Вермут Мартини Бьянко белый сладкий 1 л,,нет,нет,,,,,,,,,2400,1150
Вермут Мартини Фиеро сладкий 1л,,нет,нет,,,,,,,,,2400,980
"Вермут САНТО СТЕФАНО БЬЯНКО 13,5%БЕЛ.СЛ. 1Л",,нет,нет,,,,,,,,,1400,нет в наличии
Вермут Мартини Экстра Драй белый сухой 1 л,,нет,нет,,,,,,,,,2400,нет в наличии
,,,,,,,,,,,,,
ПИВО,новая цена,Наличие,New,,,,,,,,,цена,закуп
жигулевское,219,,40-70,,,,,,,,,150,40
"Пиво КРУЖЕЧКА ЧЕШСКОГО СВЕТЛ. ФИЛЬТР. ПАСТЕР. Ж/Б 0,43Л",219,,55,,,,,,,,,200,90
"Пиво Белорусское светлое фильтрованное пастеризованное ст 0,5 л",220,,67,,,,,,,,,,
"Напиток пивной Старый Мельник из Бочонка Темное Бархатное ст 0,45 л",230,,70,,,,,,,,,199,65
"Пиво Фельдшлёсхен Пилснер светлое фильтрованное пастеризованное ж/б 0,5 л",230,,70,,,,,,,,,,
"Пиво Фельдшлёсхен Пэйл Вит пшеничное светлое нефильтрованное ж/б 0,5 л",230,,70,,,,,,,,,,
"Пиво Хоп Райдер Уит Пэйл Эль светлое ж/б 0,33 л",239,,73,,,,,,,,,200,73
"Пиво Хоп Райдер Экстра Стаут темное ж/б 0,33 л",239,,73,,,,,,,,,200,73
Хугарден,240,,74,,,,,,,,,200,74
"Пиво ВОРОНЕЖСКОЕ ЖИГУЛЕВСКОЕ СВЕТЛ. ФИЛЬТР. ПАСТЕР. СТ/Б 0,45Л",230,бристоль,75,,,,,,,,,,
Козел светлое/темное,250,,78,,,,,,,,,200,78
"Пиво Гюмри Голд светлое фильтрованное пастеризованное ст 0,5 л",260,,80,,,,,,,,,,
"Пивной напиток  GARAGE ананас,лимон, вишня СТ/Б 0,4Л",260,,80,,,,,,,,,199,80
"Сидр Мистер Лис яблоко, СОЧНАЯ ГРУША 4,5% П/СЛ. ГАЗ. Ж/Б 0,43Л",260,,80,,,,,,,,,199,80
"Эсса(Дыня-клубника,Кокос-манго,Ананас-грейпфрут)",260,,80,,,,,,,,,250,80
"Пиво Кроненбург 1664 светлое ст 0,46 л",290,,90,,,,,,,,,249,90
"Пиво Хоп Райдер Сешн ИПА светлое нефильтрованное пастеризованное ж/б 0,33 л",290,,90,,,,,,,,,,
"Пиво Чешский Птачек Лагер светлое фильтрованное пастеризованное ж/б 0,5 л",310,,100,,,,,,,,,250,100
"Пиво Кёнингсголд Лагер светлое фильтрованное пастеризованное ж/б 0,5 л",310,,100,,,,,,,,,250,100
"Пиво имп. LOWHAMMER ORIGINAL LAGER СВЕТЛ. ФИЛЬТР. ПАСТЕР. Ж/Б 0,5Л",310,,100,,,,,,,,,250,90
"Пиво имп. CERNA KRALOVNA CZECH PILS СВЕТЛ. ФИЛЬТР. ПАСТЕР. Ж/Б 0,5Л",300,,100,,,,,,,,,300,100
шпатен ,360,ароматный мир\лента,110,,,,,,,,,300,110
корона ,380,(ароматный мир),139,,,,,,,,,350,139
"Пиво Харп Айриш Лагер светлое фильтрованное пастеризованное ж/б 0,44 л",405,"кб,ам",160,,,,,,,,,,
"Пиво Будвайзер Будвар светлое фильтрованное пастеризованное ж/б 0,5 л",410,,170,,,,,,,,,,
"Пиво Кромбахер Пилс светлое фильтрованное пастеризованное ж/б 0,5 л",415,,170,,,,,,,,,,
"Пиво Гролш Пилснер светлое ж/б 0,5 л",420,,170,,,,,,,,,349,160
"Пиво Асахи Супер Драй светлое ст 0,33 л",430,,170,,,,,,,,,399,170
"Пиво Пилзнер Урквелл светлое фильтрованное пастеризованное ж/б 0,5 л",440,,180,,,,,,,,,,
"Пиво Перони Настро Аззуро светлое ст 0,33 л",450,,190,,,,,,,,,449,185
"Пиво Гиннесс Драфт темное фильтрованное пастеризованное ж/б 0,44 л",460,"кб,ам",200,,,,,,,,,,
"Пиво Мерфис Айриш Стаут темное фильтрованное пастеризованное ж/б 0,5 л",470,"кб,ам",220,,,,,,,,,,
"Пиво Пауланер Хефе Вайссбир светлое нефильтрованное пастеризованное ж/б 0,5 л",490,,220,,,,,,,,,,
"Пиво Граф Тоерринг Экспорт Хель светлое фильтрованное пастеризованное ст 0,5 л",520,,250,,,,,,,,,,
"Пиво Хубер Вайссес Хеллес Хефе Вайссбир светлое нефильтрованное пастеризованное ст 0,5 л",530,,250,,,,,,,,,,
"Аперитив СОДЖУ СИБСА в ассортименте 14% 0,375Л",550,,220,,,,,,,,,499,200
Пиво Bud 0.5 л (стяжка 4шт),1090,,80,,,,,,,,,999,79
"Пиво Стелла Артуа светлое ст 0,44 л (стяжка 4шт)",1300,(Кб/лента),110,,,,,,,,,1199,110
Пиво Леффе Блонд светлое стекло 0.33л,440,лента,180,,,,,,,,,400,200
"Пиво Евротур Шварц темное фильтрованное пастеризованное ж/б 0,5 л",нет,нет,90,,,,,,,,,200,90
"Пиво Евротур Лагер светлое фильтрованное пастеризованное ж/б 0,5 л",,,,,,,,,,,,,
Пиво Бланш де Брюссель светлое 0.5л банка,,нет,нет,,,,,,,,,400,250
"Пиво Белджиан Крон Лагер светлое ж/б 0,5 л",нет,нет,105,,,,,,,,,250,105
Пиво Хофброй Ориджинал светлое 0.5л стекло,,нет,нет,,,,,,,,,450,280
Пиво Guinness Draught 0.44 л банка,,нет,нет,,,,,,,,,450,230
Пиво Kasteel Rouge Вишневый Темный 0.5 л стекло,,нет,нет,,,,,,,,,500,270
Светлое пиво Delirium Red Huyghe 0.33 л стекло,,нет,нет,,,,,,,,,550,360
Тёмное пиво Gulden Draak 0.33 л стекло,,нет,нет,,,,,,,,,500,320
"Пиво Хопфендорф Шварцбир темное ж/б 0,5 л",,нет,нет,,,,,,,,,200,нет в наличии
,,,,,,,,,,,,,
ПИВО 1л и больше (продажа от 3шт),новая цена,Наличие,New,,,,,,,,,цена,закуп
"Пиво GREEN BEER СВЕТЛ. ФИЛЬТР. ПАСТЕР. ПЭТ 1,15Л",299,бристоль,100,,,,,,,,,,
"Пиво GOLD MINE BEER СВЕТЛ. ФИЛЬТР. ПАСТЕР. ПЭТ 1,15Л",310,бристоль,105,,,,,,,,,,
"Пиво СТАРЫЙ МЕЛЬНИК ИЗ БОЧОНКА МЯГКОЕ СВ.ФИ. 0,9Л",330,,109,,,,,,,,,250,
"Пиво ЖИГУЛЕВСКОЕ ТРАДИЦИОННОЕСВЕТЛ. ФИЛЬТР. 1,2Л",360,,115,,,,,,,,,250,90
"Пиво СТАРЫЙ МЕЛЬНИК ЗОЛОТОЕ СВЕТЛ. ФИЛЬТР. ПАСТЕР. ПЭТ 1,15Л",370,,115,,,,,,,,,,
"Пиво Рижское светлое ПЭТ 1,3 л",380,,120,,,,,,,,,200,115
"Пиво ЖИГУЛЕВСКОЕ БОЧКОВОЕ СВЕТЛ. ФИЛЬТР. ПАСТЕР. ПЭТ 1,15Л",390,,120,,,,,,,,,,
"Пиво Белорусское светлое фильтрованное пастеризованное 1,4 л",399,,140,,,,,,,,,,
"Пиво БЕЛЫЙ МЕДВЕДЬ СВЕТЛ. ФИЛЬТР. ПАСТЕР. ПЭТ 1,15Л",400,,140,,,,,,,,,300,100
"Пиво БЕЛЫЙ МЕДВЕДЬ КРЕПКОЕ СВЕТЛ. ФИЛЬТР. ПАСТЕР. ПЭТ 1,15Л",405,бристоль,150,,,,,,,,,,
"Пиво LOWENBRAU ОРИГИНАЛЬНОЕ СВЕТЛ. ФИЛЬТР. ПАСТЕР. ПЭТ 1,3Л",405,бристоль,150,,,,,,,,,,
"Пиво Австрийское светлое ПЭТ 1,5 л",410,,150,,,,,,,,,300,150
"Пиво Живая Варка светлое ПЭТ 1,5 л",410,,150,,,,,,,,,300,110
"Пиво Пшеничное мягкое ПЭТ 1,5 л",415,,150,,,,,,,,,300,-
"Пиво CARLSBERG СВЕТЛ. ФИЛЬТР. ПАСТЕР. ПЭТ 1,35Л",420,,150,,,,,,,,,300,130
"Пиво LOWENBRAU BOCKBIER КРЕПКОЕ СВЕТЛ. ФИЛЬТР. ПАСТЕР. ПЭТ 1,3Л",430,бристоль,165,,,,,,,,,,
"Пиво TUBORG GREEN СВЕТЛ. ФИЛЬТР. ПАСТЕР. ПЭТ 1,35Л",470,,170,,,,,,,,,350,160
Разливое темное 1л,480,,180,,,,,,,,,450,150
Разливное светлое фильтрованное 1л,490,,180,,,,,,,,,400,150
Разливное светлое нефильтрованное 1л,490,,180,,,,,,,,,400,150
"Пиво ГЁССЕР СВЕТЛ. ФИЛЬТР. ПАСТЕР. ПЭТ 1,2Л",500,,180,,,,,,,,,300,130
"Пиво Nord Land Beer светлое крепкое фильтрованное 1,2 л",,нет,нет,,,,,,,,,250,нет в наличии
"Пиво Штайнингер Пилс светлое фильтрованное пастеризованное ж/б 0,5 л",,,,,,,,,,,,,
"Пиво Штайнингер Хефевайсбир светлое нефильтрованное осветленное пастеризованное ж/б 0,5 л",,,,,,,,,,,,,
Пивной напиток Черри Найт 1л,,нет,нет,,,,,,,,,400,170
Светлое пиво Ремесленное светлое 1 л ,,нет,нет,,,,,,,,,650,270
,,,,,,,,,,,,,
НАПИТКИ Б\А,новая цена,наличие,закуп,,,,,,,,,,
Вода Аква Минерале газированная 2 л,169,,70,,,,,,,,,,
Вода Аква Минерале негаз 2 л,169,,70,,,,,,,,,,
"Минеральная вода Заветный родник негазированная 1,5 л",149,,50,,,,,,,,,,
"Вода Аква Люкс газ 1,5 л",149,,50,,,,,,,,,,
Вода минеральная Аш Тау Скважина 6К газированная 1 л,99,,35,,,,,,,,,,
Напиток ДОБРЫЙ КОЛА ГАЗ.  1Л,299,,100,,,,,,,,,,
Сок RICH ВИШНЯ 1Л,389,,180,,,,,,,,,,
Сок RICH ТОМАТ 1Л,349,,160,,,,,,,,,,
Сок RICH АПЕЛЬСИН\АНАНАС\ГРЕЙПФРУТ 1Л,399,,190,,,,,,,,,,
Сок Сады Придонья томатный с солью с мякотью\яблоко 1 л,339,,150,,,,,,,,,,
"Напиток НАТАХТАРИ ГРУША\ФЕЙХОА\САПЕРАВИ СТ/Б 0,5Л",299,,108,,,,,,,,,,
"Напиток LIPTON ЗЕЛЕНЫЙ ЧАЙ\ЧЕРНЫЙ ЛИМОН НЕГАЗ. 0,5л",249,,90,,,,,,,,,,
Напиток Рич индиан тоник\биттер лимон сильногазированный 1 л,319,,135,,,,,,,,,,
Газированный напиток Эвервесс Биттер Лимон 1 л,239,,80,,,,,,,,,,
"Газированный напиток Старые Добрые Традиции Лимонад ст 0,5 л",159,,40,,,,,,,,,,
"Квас Добрый хлеб фильтрованный пастеризованный 1,5 л",169,,50,,,,,,,,,,
"Чай IceTea Лимон\лесные ягоды\малина 0,5 л",139,,50,,,,,,,,,,
"Минеральная вода Ессентуки Целебная газированная ст 0,5 л",129,,40,,,,,,,,,,
"Нектар Сады Придонья мультифрутовый\яблоко\черешня 0,95 л",399,,209,,,,,,,,,,
Газированный напиток Экспорт Стаил Классик Кола 2 л,299,,100,,,,,,,,,,
,,,,,,,,,,,,,
СИГАРЕТЫ И СТИКИ (за пачку),новая цена,Наличие,New,,,,,,,,,цена,закуп
Сигареты LUCKY STRIKE Green,439,,160,,,,,,,,,350,160
Сигареты Ротманс Грин,440,,169,,,,,,,,,350,169
Сигареты Ротманс Дэми Классик,460,,170,,,,,,,,,350,170
Сигареты LUCKY STRIKE XL,494,,180,,,,,,,,,350,180
Сигареты Камелл Желтый,494,,180,,,,,,,,,400,180
Сигареты Камелл Компакт,516,,180,,,,,,,,,350,180
Стики NEO Ванилла\Тобакко\Тропик,516,,189,,,,,,,,,450,189
Стики IQOS Heets Янтарные\Бронзовые\Голд\Грин\Фиол.\Слайт\Самер Бриз,549,,200,,,,,,,,,450,200
Сигареты Винстон ИксСтайл,549,,202,,,,,,,,,400,202
Сигареты Винстон Классик,549,,202,,,,,,,,,400,202
Сигареты Винстон Вайт,560,,220,,,,,,,,,400,220
Сигареты Винстон xs blue Тонкие,593,,233,,,,,,,,,450,233
Сигареты Винстон XS компакт блю,593,,233,,,,,,,,,400,233
Сигареты Винстон Рэд,593,,238,,,,,,,,,450,238
Сигареты Винстон Блю,593,,238,,,,,,,,,400,238
Сигареты Винстон Сильвер,604,,240,,,,,,,,,400,240
Сигареты Парламент аква блю,615,,279,,,,,,,,,500,279
Сигареты Парламент сильвер блю,681,,279,,,,,,,,,500,279
Сигареты Парламент Платинум Блю,692,,279,,,,,,,,,450,279
Сигареты Парламент One,703,,289,,,,,,,,,500,289
,,,,,,,,,,,,,
ЭЛЕКТРОНКИ,новая цена,Наличие,New,,,,,,,,,цена,закуп
бристоль или любой продуктовый/вейпшоп,,,,,,,,,,,,,
Электронная одноразовая система от 2000тяг,3959,,1900,,,,,,,,,1500,
"(дыня, кола, банан, ягодный микс, клубничный коктейль,",,,,,,,,,,,,,
"гуава-маракуйа, малина-арбуз, яблоко, мармелад, манго",,,,,,,,,,,,,
Электронная одноразовая система от 5000тяг,4619,,2500,,,,,,,,,2900,
"(банан, ягодный микс, клубника,маракуйа,яблоко,манго)",,,,,,,,,,,,,
,,,,,,,,,,,,,
СНЭКИ И ДР,новая цена,Наличие,New,,,,,,,,,цена,закуп
ЛУКОВЫЕ КОЛЬЦА СМЕТАНА\СЫР 45г,120,,40,,,,,,,,,100,40
Сухарики КИРИЕШКИ ЧИЗБУРГЕР\ОГУРЦЫ\ШАШЛЫК\,130,,50,,,,,,,,,100,40
ХОЛОДЕЦ С ХРЕНОМ\ВЕТЧИНА СЫР\СТЕЙК\СЕМГА\ 60г,,,,,,,,,,,,,
Сухарики ХРУСTEAM ЧИАБАТТА ОЛИВКИ\ВЕТЧИНА\,219,,50,,,,,,,,,200,50
КРАБ\ТОМАТ\СЫРНОЕ АССОРТИ\СМЕТАНА ЗЕЛЕНЬ 60г ,,,,,,,,,,,,,
Семечки ОТ МАРТИНА ЖАРЕНЫЕ МОРСКАЯ СОЛЬ 100Г,250,,70,,,,,,,,,150,50
Чипсы Лэйс Бекон\Краб\Лук/Сменана зелень 90г,270,,100,,,,,,,,,250,100
Чипсы Лэйс Бекон\Краб\Лук/Сменана зелень 140г,280,,100,,,,,,,,,350,150
Фисташки «ОТЕЦ ОРЕХ» ЖАРЕНЫЕ СОЛЕНЫЕ,490,,220,,,,,,,,,400,220
Миндаль «ОТЕЦ ОРЕХ» ЖАРЕНЫЙ 150Г,520,,250,,,,,,,,,350,220
Фундук «ОТЕЦ ОРЕХ» ЖАРЕНЫЙ 150Г,530,,260,,,,,,,,,350,250
Чипсы соломкой POMSTICKS С СОЛЬЮ\СМЕТАНА 100Г,349,нет,110,,,,,,,,,250,90
,,,,,,,,,,,,,
"МЯСО, РЫБА И СЫР КОПЧЕНОЕ\НАРЕЗНОЕ",новая цена,Наличие,New,,,,,,,,,цена,закуп
Колбаса Микоян сырокопченая 80г,165,,60,,,,,,,,,150,60
Крабовые палочки 200г,260,,90,,,,,,,,,200,90
Филе сельди\горбуша/скумбрия 200г,330,,120,,,,,,,,,250,120
Сыр копченый косичка 90г,385,,130,,,,,,,,,300,130
Сервелат 300г,395,,140,,,,,,,,,350,140
Рыба Копченная ПОРТ АРТУР Желтый полосатик\,400,,140,,,,,,,,,300,140
Сыр плавленый HOCHLAND\PRESIDENT 150г,405,,150,,,,,,,,,350,150
Сосиски МОЛОЧНЫЕ 290Г,420,,170,,,,,,,,,300,170
Кольца кальмара\Мясо кальмара сушено-вяленое\ ,440,,200,,,,,,,,,400,200
Кальмар сушеный\Стружка минтая\ 60г,480,,200,,,,,,,,,350,200
Сыр в ассортименте 180г,870,,240,,,,,,,,,800,240
,,,,,,,,,,,,,
ШОКОЛАД И КОНФЕТЫ,цена,наличие,закуп,,,,,,,,,,
Набор конфет RAFFAELLO 150Г коробка,880,,350,,,,,,,,,,
Набор конфет Ферреро Роше 125г коробка,880,,350,,,,,,,,,,
"Шоколад Чоко энд Натс молочный с цельным фундуком\с миндалем\белый с цельным фундуком, 200г",660,,259,,,,,,,,,,
"Набор конфет Мерси ассорти, 250 г коробка",880,,350,,,,,,,,,,
"Набор конфет Тоффифе, 125 г коробка",660,,,,,,,,,,,,
Шоколад Милка молочный с карамелью\молочный\ с фундуком\миндаль и лесные ягоды 90г,220,,85,,,,,,,,,,
"Набор конфет ОРЕШКА с цельным фундуком со вкусом сливок, 150 г",550,,120,,,,,,,,,,
"Набор конфет Дав Promises ассорти, 118г, коробка",825,,300,,,,,,,,,,
"Набор конфет Родные Просторы с вафельной крошкой, 180 г",495,,160,,,,,,,,,,
"Шоколад Милка Мммакс Арахис и Карамель, 270 г",935,,400,,,,,,,,,,
"Конфеты А.Коркунов Шоколадная палитра, 143 г коробка",660,,250,,,,,,,,,,
Шоколад Альпен Гольд молочный\молочный Орео\с фундуком\ с черникой и йогуртом 80 г,200,,70,,,,,,,,,,