УФА,новая цена,Наличие,New,страна,сорт винограда,крепость,,,,,,,,,,цена,,,закуп,,,,,,,
ВИНО БЕЛОЕ СУХОЕ,,,,,,,,,,,,,,,,,,,,,,,,,,
"Вино Айси Цинандали белое сухое 0,75 л",1470,,390,Грузия,Ркацители\Мцване Кахури,"12,5",,,,,,,,,,1100,,,390,,,,,,,
"Вино Куумба Шардоне белое сухое 0,75 л",1810,,570,ЮАР,Шардоне,13,,,,,,,,,,1200,,,400,,,,,,,
"Вино Калмеда Совиньон Блан-Москатель белое сухое 0,75 л",1810,,570,Чили,Совиньон Блан/Москатель,"12,5",,,,,,,,,,1500,,,470,,,,,,,
"Вино Цинандали Бадагони белое сухое 0,75 л",1850,,590,Грузия,Кахети,13,,,,,,,,,,1300,,,450,,,,,,,
"Вино Кампо Вента Дон Хуан Тиерра де Кастилья белое сухое 0,75 л",1850,,590,Чили,Совиньон Блан,13,,,,,,,,,,1600,,,580,,,,,,,
Вино Бродлиф Совиньон Блан белое сухое,1920,,630,ЮАР,Совиньон Блан,"12,5",,,,,,,,,,1500,,,550,,,,,,,
"Вино Оушен Свирл Шардоне белое сухое 0,75 л",1960,,650,ЮАР,Шардоне,"12,5",,,,,,,,,,1700,,,660,,,,,,,
"Вино П.В.С.& Б Стеларис Пино Гриджио белое сухое 0,75 л",2000,,670,ЮАР,Пино Гриджио,13,,,,,,,,,,1600,,,650,,,,,,,
"Вино жемчужное Кашу Фрешку белое сухое 0,75 л",2000,,670,Португалия,Фернау Пирес,"11,5",,,,,,,,,,1600,,,580,,,,,,,
"Вино Кандиум Вердехо до Руэда белое сухое 0,75 л",2030,МАЛО,690,Испания,Вердехо,"12,5",,,,,,,,,,1700,,,660,,,,,,,
"Вино Кандиум Вердехо до Руэда белое сухое 0,75 л",2030,МАЛО,690,Испания,Вердехо,"12,5",,,,,,,,,,1700,,,670,,,,,,,
"Вино Тенуте Дель Неччио Орвието Классико белое сухое 0,75 л",2090,,720,Италия,"Грекетто, Проканико, Шардоне","12,5",,,,,,,,,,1600,,,620,,,,,,,
Вино Пьетраме Пино Гриджо Терре ди Кьети Абруццо IGP белое сухое,2240,,800,Италия,Пино Гриджио,"12,5",,,,,,,,,,1600,,,690,,,,,,,
"Вино Адега Май Дори белое сухое 0,75 л",2240,МАЛО,800,Португалия,Виозиньо\Аринту\Альвариньо\Совиньон Блан,"12,5",,,,,,,,,,1800,,,700,,,,,,,
"Вино Н Нивариус белое сухое 0,75 л",2240,МАЛО,800,Испания,Темпранильо Бланко,"13,5",,,,,,,,,,1900,,,900,,,,,,,
Вино Маркес Де Касерес Бланко белое сухое 0.75,2570,,970,Испания,Виура/Макабео,,,,,,,,,,,1900,,,900,,,,,,,
"Вино Пино Гриджио Делле Венецие Арнази белое сухое 0,75 л",3170,,1300,Италия,Пино Гриджио,"12,5",,,,,,,,,,2400,,,1050,,,,,,,
Вино Трамонтана Сицилия белое сухое,,нет,500,Италия,Треббьяно,11,,,,,,,,,,1000,,,300,,,,,,,
"Вино Ошторошбор Иршаи Оливер белое сухое 0,75 л",,НЕТ,НЕТ,Венгрия,Иршаи Оливер,"11,5",,,,,,,,,,1600,,,500,,,,,,,
"Вино Маркези Спинола Гави Биолоджико DOCG белое сухое 0,75 л",,НЕТ,НЕТ,Италия,Кортезе,"12,5",,,,,,,,,,2500,,,1400,,,,,,,
,,,,,,,,,,,,,,,,,,,,,,,,,,
ВИНО БЕЛОЕ ПОЛУСЛАДКОЕ,новая цена,Наличие,New,страна,сорт винограда,крепость,,,,,,,,,,цена,,,закуп,,,,,,,
"Вино Музаради Алазанская Долина белое полусладкое 0,75 л",1600,,450,Грузия,Ркацители\Белые сорта винограда,"12,5",,,,,,,,,,1400,,,400,,,,,,,
"Вино Алазанская Долина Алаверди белое полусладкое 0,75 л",1670,,490,Грузия,Ркацители\Кахури Мцване,13,,,,,,,,,,1400,,,399,,,,,,,
"Вино Кахури Гвинис Марани Алазанская Долина белое полусладкое 0,75 л",1850,,590,Грузия,Ркацители,12,,,,,,,,,,1300,,,350,,,,,,,
"Вино Рио Рика Москато белое полусладкое 0,75 л",1780,МАЛО,550,Чили,Москато,12,,,,,,,,,,1500,,,550,,,,,,,
"Вино Бадагони Алазанская Долина белое полусладкое 0,75 л",1810,,570,Грузия,Ркацители,"10,5",,,,,,,,,,1399,,,470,,,,,,,
"Вино Энгельшайн Либлих белое полусладкое 0,75 л",1920,,630,Германия,Айрен\Треббьяно\Макабео,"9,5",,,,,,,,,,1600,,,600,,,,,,,
"Вино Пиккола Джойа Мальвазия Рубиконе ИГТ белое полусладкое 0,75 л",2060,,700,Италия,Мальвазия,9,,,,,,,,,,1500,,,650,,,,,,,
"Вино Молоко Любимой Женщины белое полусладкое 0,75 л",2120,,730,Германия,Мюллер-Тургау\Рислинг\Сильванер\Кёрнер,"9,5",,,,,,,,,,1700,,,700,,,,,,,
Вино Лизард Рислинг бел.п/сл,2240,,800,Германия,Рислинг,11,,,,,,,,,,1800,,,830,,,,,,,
Вино Маркес Де Касерес Сантинела Риоха DOC белое полусладкое,2610,МАЛО,1000,Испания,"Мальвазия, Виура/Макабео",11.5,,,,,,,,,,2000,,,1000,,,,,,,
Вино Трамонтана Сицилия белое полусладкое,,нет,500,Италия,Треббьяно,"10,5",,,,,,,,,,1000,,,390,,,,,,,
,,,,,,,,,,,,,,,,,,,,,,,,,,
ВИНО РОЗОВОЕ СУХОЕ,новая цена,Наличие,New,страна,сорт винограда,крепость,,,,,,,,,,цена,,,закуп,,,,,,,
"Вино Бродлиф Совиньон Блан розовое сухое 0,75 л",1920,,630,ЮАР,Совиньон Блан\Пино Нуар,"12,5",,,,,,,,,,1700,,,550,,,,,,,
"Вино жемчужное Кашу Фрешку розовое сухое 0,75 л",2000,,670,Португалия,Арагонеш\Каштелау,"11,5",,,,,,,,,,1600,,,500,,,,,,,
"Вино Розато Тоскана Тенуте Россетти розовое сухое 0,75 л",2240,,800,Италия,Санджовезе\Мерло,"12,5",,,,,,,,,,1900,,,800,,,,,,,
"Вино Кампо Вента Дон Хуан Тиерра де Кастилья розовое сухое 0,75 л",,НЕТ,НЕТ,Испания,Бобаль,12,,,,,,,,,,1500,,,500,,,,,,,
,,,,,,,,,,,,,,,,,,,,,,,,,,
ВИНО РОЗОВОЕ ПОЛУСУХОЕ,новая цена,Наличие,New,страна,сорт винограда,крепость,,,,,,,,,,цена,,,закуп,,,,,,,
"Вино Бриза ду Мар Винью Верде DOC розовое полусухое 0,75 л",1880,,600,Португалия,Виньяу\Амарал\Боррасал,10,,,,,,,,,,1600,,,550,,,,,,,
"Вино Маре Альта Винью Верде розовое полусухое 0,75 л",2060,,700,Португалия,Виньаон\Боррасал\Эшпадейро,10,,,,,,,,,,1700,,,670,,,,,,,
"Вино Галеоне Примитиво Мерло Розе Апулия розовое полусухое 0,75 л",2300,,830,Италия,Примитиво/Мерло,"12,5",,,,,,,,,,1900,,,770,,,,,,,
,,,,,,,,,,,,,,,,,,,,,,,,,,
ВИНО БЕЛОЕ ПОЛУСУХОЕ,новая цена,Наличие,New,страна,сорт винограда,крепость,,,,,,,,,,цена,,,закуп,,,,,,,
"Вино Вилла Анна Пино Гриджио белое полусухое 0,75 л",1910,,620,Италия,Пино Гриджио,12,,,,,,,,,,1500,,,550,,,,,,,
Вино Маре Альта Винью Верде DOC белое полусухое,2060,,700,Португалия,"Аринто/Падерна, Лоурейро",10,,,,,,,,,,1600,,,670,,,,,,,
Вино Лизард Рислинг Трокен белое полусухое,2240,,800,Германия,Рислинг,12,,,,,,,,,,1700,,,800,,,,,,,
"Вино Примо Фиоре Фамозо белое полусухое 0,75 л",2430,,900,Италия,Фамозо,"12,5",,,,,,,,,,1900,,,930,,,,,,,
"Вино Вейнцунфт Рислинг Мозель белое полусухое 0,75 л",,НЕТ,НЕТ,Германия,Рислинг,12,,,,,,,,,,1700,,,730,,,,,,,
Вино Макуту Бей Совиньон Блан белое полусухое ,,НЕТ,НЕТ,Новая Зеландия,Совиньон Блан,12,,,,,,,,,,2100,,,1000,,,,,,,
,,,,,,,,,,,,,,,,,,,,,,,,,,
ВИНО КРАСНОЕ СУХОЕ,новая цена,Наличие,New,страна,сорт винограда,крепость,,,,,,,,,,цена,,,закуп,,,,,,,
"Вино Саперави красное сухое 0,75 л",1260,,270,Россия,Саперави,11,,,,,,,,,,1200,,,270,,,,,,,
"Вино Кинта дель Дуке Виньо Тинто красное сухое 0,75 л",1680,,500,Испания,Темпранильо,11,,,,,,,,,,1300,,,500,,,,,,,
"Вино Сол де Плата Мальбек красное сухое 0,75 л",1960,,650,Аргентина,Мальбек,"13,5",,,,,,,,,,1500,,,590,,,,,,,
"Вино Марселино Риоха красное сухое 0,75 л",2000,МАЛО,670,Испания,Темпранильо,"13,5",,,,,,,,,,1600,,,670,,,,,,,
"Вино Саперави Бадагони красное сухое 0,75 л",2060,,700,Грузия,Саперави,13,,,,,,,,,,1400,,,640,,,,,,,
"Вино Тенуте Дель Неччио Кьянти красное сухое 0,75 л",2060,,700,Италия,"Санджовезе, Мальвазия Нера, Чильеджоло",13,,,,,,,,,,1700,,,650,,,,,,,
"Вино Марселино Риоха Крианза красное сухое 0,75 л",2190,МАЛО,770,Испания,Темпранильо,"12,5",,,,,,,,,,1900,,,870,,,,,,,
"Вино Бариста Пинотаж красное сухое 0,75 л",2610,,1000,ЮАР,Пинотаж,13,,,,,,,,,,2100,,,1000,,,,,,,
"Вино Сеньорио Де Ла Ералта Гран Резерва красное сухое 0,75 л",3170,МАЛО,1300,Испания,Темпранильо,"13,5",,,,,,,,,,2300,,,1400,,,,,,,
Вино Маркес Де Касерес Крианса красное сухое 0.75,3270,МАЛО,1350,Испания,Темпранильо/Гарнача/Грасиано,14,,,,,,,,,,2500,,,1299,,,,,,,
"Вино Патриа Чика красное сухое 0,75 л",3370,,1400,Испания,Темпранильо\Гарнача\Мерло\Каберне Совиньон,"14,5",,,,,,,,,,2500,,,1299,,,,,,,
Вино Трамонтана Апулия красное сухое,,нет,500,Италия,Санджовезе,11,,,,,,,,,,1000,,,370,,,,,,,
"Вино Терраш де Монсараш красное сухое 0,75 л",,НЕТ,500,Португалия,Тринкадейра\Арагонеш\Кастелао,"13,5",,,,,,,,,,1800,,,650,,,,,,,
"Вино Марселино Ресерва Риоха ДОКа красное сухое 0,75 л",,НЕТ,750,Испания,Темпранильо,"13,5",,,,,,,,,,2000,,,870,,,,,,,
"Вино Тенуте Дель Неччио Кьянти Ризерва красное сухое 0,75 л",,НЕТ,800,Италия,Санджовезе,"12,5",,,,,,,,,,1800,,,790,,,,,,,
"Вино Ультимо Бастион Бобаль Гарнача Крианца красное сухое 0,75 л",,НЕТ,800,Испания,Бобаль\Гарнача,"12,5",,,,,,,,,,1800,,,800,,,,,,,
"Вино Мирла Бэй Пино Нуар красное сухое 0,75 л",,НЕТ,НЕТ,Чили,Пино Нуар,"12,5",,,,,,,,,,1700,,,650,,,,,,,
"Вино Бардолино Валлезелле Пьеве Сан Вито красное сухое 0,75 л",,НЕТ,НЕТ,Италия,Корвина\Рондинелла\Молинара\Неграра,13,,,,,,,,,,2200,,,1300,,,,,,,
,,,,,,,,,,,,,,,,,,,,,,,,,,
ВИНО КРАСНОЕ ПОЛУСЛАДКОЕ,новая цена,Наличие,New,страна,сорт винограда,крепость,,,,,,,,,,цена,,,закуп,,,,,,,
"Вино Музаради Киндзмараули красное полусладкое 0,75 л",1600,,450,Грузия,Саперави,11,,,,,,,,,,1400,,,400,,,,,,,
"Вино Блэк Бёрд Вестерн Кейп Во красное полусладкое 0,75 л",1600,,450,ЮАР,Пинотаж,"13,5",,,,,,,,,,1500,,,450,,,,,,,
"Вино Рио Рика Ред Бленд красное полусладкое 0,75 л",1780,,550,Чили,Каберне Совиньон\Карменер\Шираз,"12,5",,,,,,,,,,1600,,,550,,,,,,,
"Вино Мукузани Кахури Гвинис Марани красное сухое 0,75 л",1780,,550,Грузия,Саперави,12,,,,,,,,,,1700,,,450,,,,,,,
"Вино Кахури Киндзмараули красное полусладкое 0,75 л",1850,,590,Грузия,Саперави,12,,,,,,,,,,1700,,,590,,,,,,,
"Вино Киндзмараули Бадагони красное полусладкое 0,75 л",2240,,800,Грузия,Саперави,11,,,,,,,,,,2000,,,690,,,,,,,
"Вино Киндзмараули Виниверия красное полусладкое 0,75 л",2810,,1100,Грузия,Саперави,12,,,,,,,,,,2100,,,1000,,,,,,,
Вино Трамонтана Апулия красное полусладкое,,нет,550,Италия,Санджовезе,"10,5",,,,,,,,,,1000,,,450,,,,,,,
"Вино Киндзмараули Шалвино красное полусладкое 0,75 л",,НЕТ,НЕТ,Грузия,Саперави,12,,,,,,,,,,1900,,,630,,,,,,,
"Вино Tabla Киндзмараули красное полусладкое 0,75 л",,НЕТ,НЕТ,Грузия,Саперави,"11,5",,,,,,,,,,1500,,,500,,,,,,,
,,,,,,,,,,,,,,,,,,,,,,,,,,
ВИНО КРАСНОЕ ПОЛУСУХОЕ,новая цена,Наличие,New,страна,сорт винограда,крепость,,,,,,,,,,цена,,,закуп,,,,,,,
"Вино Пиросмани Кахури Гвинис Марани красное полусухое 0,75 л",1600,,450,Грузия,Саперави,"11,5",,,,,,,,,,1100,,,500,,,,,,,
"Вино Фортецца деи Колли Негроамаро красное полусухое 0,75 л",2120,,730,Италия,Негроамаро,13,,,,,,,,,,1500,,,700,,,,,,,
"Вино Бастиони Делла Рокка Аппассименто красное полусухое 0,75 л",2060,,700,Италия,Примитиво\Негроамаро,15,,,,,,,,,,1700,,,730,,,,,,,
"Вино Фортецца Деи Колли Примитиво красное полусухое 0,75 л",2190,,770,Италия,Примитиво,"13,5",,,,,,,,,,1500,,,650,,,,,,,
"Вино Пьетраме Монтепульчано Д`Абруццо Лимитата кр.полусух 0,75 л",2000,,670,Италия,Монтепульчано,13,,,,,,,,,,1800,,,770,,,,,,,
"Вино Пьетраме Монтепульчано Д`Абруццо красное полусухое 0,75 л",2370,,870,Италия,Монтепульчано,13,,,,,,,,,,1600,,,730,,,,,,,
"Вино Примо Фиоре Ува Лонганези красное полусухое 0,75 л",2430,,900,Италия,Ува Лонганези,"13,5",,,,,,,,,,1900,,,900,,,,,,,
"Вино Эпикуро Примитиво красное полусухое 0,75 л",2480,МАЛО,930,Италия,Примитиво,14,,,,,,,,,,1900,,,850,,,,,,,
"Вино Кьянти Ризерва красное полусухое 0,75 л",2680,мало,1030,Италия,Санджовезе\Мерло,13,,,,,,,,,,2000,,,950,,,,,,,
"Вино Баррелая красное полусухое 0,75 л",2610,,1000,Италия,Мерло\Каберне Совиньон\Сира/Шираз\Санджовезе,"13,5",,,,,,,,,,2100,,,1000,,,,,,,
"Вино Орапьена Монтепульчано д'Абруццо Ризерва красное полусухое 0,75 л",3050,МАЛО,1230,Италия,Монтепульчано,"13,5",,,,,,,,,,2200,,,1100,,,,,,,
Вино ВайНот?! IGP красное полусухое,3370,,1400,Италия,Зинфандель,15,,,,,,,,,,2500,,,1400,,,,,,,
"Вино Спенсер Бэй Пинотаж красное полусухое 0,75 л",,НЕТ,НЕТ,ЮАР,Пинотаж,"13,5",,,,,,,,,,1400,,,590,,,,,,,
"Вино Кальдора Санджовезе Мерло красное полусухое 0,75 л",,НЕТ,НЕТ,Италия,Санджовезе\Мерло,"13,5",,,,,,,,,,1500,,,500,,,,,,,
"Вино Кот де Сомме Пино Нуар красное полусухое 0,75 л",,НЕТ,НЕТ,Франция,Пино Нуар,14,,,,,,,,,,1800,,,850,,,,,,,
"Вино Виллакьяра Неро Д`Авола Сицилия ДОП красное полусухое 0,75 л",,НЕТ,нет,Италия,Неро д'Авола,13,,,,,,,,,,1900,,,870,,,,,,,
"Вино Пино Нуар Лесс Зибенштейн красное полусухое 0,75 л",,НЕТ,НЕТ,Германия,Пино Нуар,"12,5",,,,,,,,,,2000,,,950,,,,,,,
"Вино Неро ди Тройя красное полусухое 0,75 л",,НЕТ,нет,Италия,Неро ди Троя,15,,,,,,,,,,2200,,,1200,,,,,,,
"Вино Сузуманьелло Гран Аппассо красное полусухое 0,75 л",,НЕТ,нет,Италия,Сузуманьелло,"14,5",,,,,,,,,,2300,,,1300,,,,,,,
,,,,,,,,,,,,,,,,,,,,,,,,,,
ПОРТВЕЙН,новая цена,наличие,New,страна,сорт винограда,крепость,,,,,,,,,,,,,,,,,,,,
"Вино ликерное ПОРТВЕЙН Красный Гурзуф крепкое красное 0,75 л",1680,,500,Россия,Бастардо\Магарачский\Каберне Совиньон\Саперави,17,,,,,,,,,,,,,,,,,,,,
"Вино ликерное Портвейн белый Гурзуф Крым крепкое белое 0,75 л",1780,,550,Россия,Кокур\Первенец Магарача\Шардоне\Алиготе\Ркацители\Мускат\Италия\Мускат Янтарный,17,,,,,,,,,,,,,,,,,,,,
"Вино ликерное Массандра Портвейн Белый Крымский 0,75 л",2150,,750,Россия,Кокур\Ркацители\Алиготе,"17,5",,,,,,,,,,,,,,,,,,,,
"Портвейн Гравураш ду Коа Порто Руби красный сладкий 0,75 л",2610,,1000,Португалия,Турига Франка\Тинта Баррока\Тинта Амарела\Тинта Рориш,19,,,,,,,,,,,,,,,,,,,,
,,,,,,,,,,,,,,,,,,,,,,,,,,
"ВОДКА 0,5л",новая цена,Наличие,New,,,,,,,,,,,,,цена,,,закуп,,,,,,,
"Водка Дикий Мед на Липовом мёде\классика\на Прополисе\на Цветочном Мёде,  0,5 л",1600,дасковайн,450,,,,,,,,,,,,,,,,,,,,,,,
"Водка Белая Березка 0,5",1690,,502,,,,,,,,,,,,,1200,,,420,,,,,,,
"Водка Русский Стандарт Голд 0,5",1720,,520,,,,,,,,,,,,,1100,,,440,,,,,,,
"Водка Нерпа Байкал,  0,5 л",1740,дасковайн,530,,,,,,,,,,,,,,,,,,,,,,,
Водка Медведь 0.5,1810,,570,,,,,,,,,,,,,1300,,,690,,,,,,,
"Водка Белая Берёзка золотая,  0,5 л",1880,дасковайн,600,,,,,,,,,,,,,,,,,,,,,,,
"Водка Царская Золотая,  0,5 л",2060,дасковайн,700,,,,,,,,,,,,,,,,,,,,,,,
"Водка Белый чай имбирь 0,5 л",2240,,800,,,,,,,,,,,,,1500,,,750,,,,,,,
"Водка Дикий Мед,  0,5 л",2340,дасковайн,850,,,,,,,,,,,,,,,,,,,,,,,
"Водка Чайковский,  0,5 л",2430,дасковайн,900,,,,,,,,,,,,,,,,,,,,,,,
"Водка Мамонт,  0,5 л",2800,дасковайн,1099,,,,,,,,,,,,,,,,,,,,,,,
"Водка Шмидт Суприм,  0,5 л",2800,дасковайн,1099,,,,,,,,,,,,,,,,,,,,,,,
"Водка Данска,  0,5 л",2970,дасковайн,1190,,,,,,,,,,,,,,,,,,,,,,,
"Водка Органика Лайф,  0,5 л",2990,,1200,,,,,,,,,,,,,,,,,,,,,,,
"Водка Чистые Росы из ржаного зерна 0,5 л",2990,,1200,,,,,,,,,,,,,2500,,,1000,,,,,,,
"Водка Белуга Нобл 0,5 л",2990,,1200,,,,,,,,,,,,,2300,,,1100,,,,,,,
"Водка Онегин,  0,5 л",3170,дасковайн,1300,,,,,,,,,,,,,,,,,,,,,,,
"Онегин Органик Ориджинал 0,5 40% ОЗ Нива Россия,  0,5 л",3200,дасковайн,1300,,,,,,,,,,,,,,,,,,,,,,,
"Водка Чистые Росы,  0,5 л",3250,дасковайн,1300,,,,,,,,,,,,,,,,,,,,,,,
"Водка ЧИСТЫЕ РОСЫ ИЗ ЯЧМЕННОГО ЗЕРНА,  0,5 л",3250,дасковайн,1300,,,,,,,,,,,,,,,,,,,,,,,
"Водка Мамонт Айвери,  0,5 л",3300,дасковайн,1300,,,,,,,,,,,,,,,,,,,,,,,
"Водка Монблан,  0,5 л",4480,дасковайн,2000,,,,,,,,,,,,,,,,,,,,,,,
"Водка Зимняя деревенька на солодовом спирте 0,5",,нет в наличии,нет,,,,,,,,,,,,,1100,,,370,,,,,,,
"Водка Тундра Аутентик 0,5 ",,нет в наличии,нет,,,,,,,,,,,,,1000,,,390,,,,,,,
,,,,,,,,,,,,,,,,,,,,,,,,,,
"ВОДКА 0,7л",новая цена,Наличие,New,,,,,,,,,,,,,цена,,,закуп,,,,,,,
"Водка Белая Березка  0,7",1850,,590,,,,,,,,,,,,,1400,,,590,,,,,,,
"Водка Дикий Мед Классика,  0,7 л",2060,,700,,,,,,,,,,,,,,,,,,,,,,,
"Водка Пять Озер 0,7",2060,,701,,,,,,,,,,,,,1200,,,460,,,,,,,
"Водка Зимняя Деревенька на солодовом спирте  0,7",2060,,701,,,,,,,,,,,,,1300,,,499,,,,,,,
"Водка Русский Стандарт  0,7",2060,,701,,,,,,,,,,,,,1400,,,640,,,,,,,
"Водка Царская Оригинальная,  0,7 л",2240,дасковайн,800,,,,,,,,,,,,,,,,,,,,,,,
"Водка Царская Золотая,  0,7 л",2610,дасковайн,1000,,,,,,,,,,,,,,,,,,,,,,,
"Водка Финляндия 0,7 л",2810,,1100,,,,,,,,,,,,,2700,,,1100,,,,,,,
"Водка Шмидт Суприм,  0,7 л",3490,дасковайн,1470,,,,,,,,,,,,,,,,,,,,,,,
"Водка Мамонт,  0,7 л",3550,дасковайн,1500,,,,,,,,,,,,,,,,,,,,,,,
"Водка Чистые росы 0,7 л",3690,,1580,,,,,,,,,,,,,2800,,,1450,,,,,,,
"Водка Чистые Росы из Ячменного зерна,  0,7 л",3920,дасковайн,1700,,,,,,,,,,,,,,,,,,,,,,,
"Водка Чистые Росы из ржаного зерна,  0,7 л",3920,дасковайн,1700,,,,,,,,,,,,,,,,,,,,,,,
"Водка Белуга Трансатлантик Рейсинг 0,7 л",4020,,1750,,,,,,,,,,,,,2700,,,970,,,,,,,
"Водка Суммум 0,7 л",4110,,1800,,,,,,,,,,,,,3000,,,1700,,,,,,,
"Водка Данска,  0,7 л",4300,дасковайн,1900,,,,,,,,,,,,,,,,,,,,,,,
"Водка Тенжаку,  0,7 л",5970,дасковайн,2800,,,,,,,,,,,,,,,,,,,,,,,
"Водка Онегин,  0,7 л",4480,дасковайн,2000,,,,,,,,,,,,,,,,,,,,,,,
"Водка Данска Грейпфрут,  0,7 л",4660,дасковайн,2099,,,,,,,,,,,,,,,,,,,,,,,
"Водка Абсолют,  0,7 л",4830,дасковайн,2190,,,,,,,,,,,,,,,,,,,,,,,
"Водка Тундра Аутентик 0,7 ",,нет в наличии,нет,,,,,,,,,,,,,1200,,,450,,,,,,,
,,,,,,,,,,,,,,,,,,,,,,,,,,
ВОДКА 1л,новая цена,Наличие,New,,,,,,,,,,,,,цена,,,закуп,,,,,,,
Водка Белая Березка 1Л,2190,,770,,,,,,,,,,,,,1500,,,770,,,,,,,
Водка Русский Стандарт 1л,2610,,1000,,,,,,,,,,,,,1600,,,830,,,,,,,
"Водка Пять Озер,  1,0 л",2610,дасковайн,1002,,,,,,,,,,,,,,,,,,,,,,,
"Водка Царская Оригинальная,  1,0 л",2800,дасковайн,1099,,,,,,,,,,,,,,,,,,,,,,,
Водка Медведь 1 л,2810,,1100,,,,,,,,,,,,,1800,,,900,,,,,,,
"Водка Чистые Росы,  1,0 л",5040,дасковайн,2300,,,,,,,,,,,,,,,,,,,,,,,
"Водка Чистые Росы из ржаного зерна,  1,0 л",5600,дасковайн,2600,,,,,,,,,,,,,,,,,,,,,,,
"Водка Коскенкорва,  1,0 л",6350,дасковайн,3000,,,,,,,,,,,,,,,,,,,,,,,
"Водка Грей Гуз,  1,0 л",10640,дасковайн мало,5300,,,,,,,,,,,,,,,,,,,,,,,
,,,,,,,,,,,,,,,,,,,,,,,,,,
"ВИСКИ 0,5л",новая цена,Наличие,New,,,,,,,,,,,,,цена,,,закуп,,,,,,,
"Виски Наки Томпсон 3 года купажированный 0,5",2240,,800,,,,,,,,,,,,,1500,,,770,,,,,,,
"Виски Вильям Лоусонс не менее 3 лет купажир. 0,5",2480,,930,,,,,,,,,,,,,1600,,,900,,,,,,,
"Виски Бэллс Ориджинал,  0,5 л",2990,дасковайн,1200,,,,,,,,,,,,,,,,,,,,,,,
"Виски Дюарс Белая Этикетка,  0,5 л",3090,дасковайн,1250,,,,,,,,,,,,,,,,,,,,,,,
"Виски Баллантайнс Файнест,  0,5 л",3920,дасковайн,1700,,,,,,,,,,,,,,,,,,,,,,,
"Виски Джим Бим,  0,5 л",5040,дасковайн,2300,,,,,,,,,,,,,,,,,,,,,,,
"Виски Джек Дэниел'с Теннесси,  0,5 л",5790,дасковайн,2700,,,,,,,,,,,,,,,,,,,,,,,
"Виски Тенжаку Пьюа Молт,  0,5 л",7840,дасковайн,3800,,,,,,,,,,,,,,,,,,,,,,,
,,,,,,,,,,,,,,,,,,,,,,,,,,
"ВИСКИ 0,7л",новая цена,Наличие,New,,,,,,,,,,,,,цена,,,закуп,,,,,,,
"Виски купажированный шотландский Нобл Стаг 3 года 0,7 л",2410,,890,,,,,,,,,,,,,1400,,,630,,,,,,,
"Виски Гродас Селекшн,  0,75 л",2620,дасковайн,999,,,,,,,,,,,,,,,,,,,,,,,
"Виски Наки Томпсон 3 года купажированный 0,7",2710,,1050,,,,,,,,,,,,,1800,,,1050,,,,,,,
"Виски купажированный шотландский Сир Эдвардс 0,7 л",2990,,1200,,,,,,,,,,,,,1800,,,980,,,,,,,
"Виски Скотс Голд 0,7 л ",2990,,1200,,,,,,,,,,,,,1800,,,?,,,,,,,
"Виски Вильям Лоусонс не менее 3 лет купажированный 0,7 ",3090,,1250,,,,,,,,,,,,,1900,,,1200,,,,,,,
"Виски Вильям Лоусонс Супер Спайсд выдержка 3 года 0,7 л",3090,,1250,,,,,,,,,,,,,2400,,,1350,,,,,,,
"Виски Джонни Уокер Рэд Лейбл,  0,7 л",3550,"дасковайн,кб",1500,,,,,,,,,,,,,,,,,,,,,,,
"Виски Бэллс Ориджинал,  0,7 л",3730,дасковайн,1600,,,,,,,,,,,,,,,,,,,,,,,
"Виски О'ДОНЕЛЛИ,  0,7 л",4480,дасковайн,2000,,,,,,,,,,,,,,,,,,,,,,,
"Виски Баллантайнс Файнест не менее 3 лет 0,7 л",4480,,2000,,,,,,,,,,,,,3900,,,1600,,,,,,,
"Виски Теннесси Джек Дениел`с 0,7",4480,,2000,,,,,,,,,,,,,3300,,,1800,,,,,,,
"Виски Джемесон не менее 3 лет купажир. 0,7",5230,,2400,,,,,,,,,,,,,3800,,,2590,,,,,,,
"Виски Джим Бим Саншайн,  0,7 л",4660,дасковайн,2099,,,,,,,,,,,,,,,,,,,,,,,
"Виски Джим Бим Блэк Черри,  0,7 л",5230,"дасковайн,кб",2400,,,,,,,,,,,,,,,,,,,,,,,
"Виски Джим Бим Белый,  0,7 л",6150,"дасковайн,кб",2900,,,,,,,,,,,,,,,,,,,,,,,
"Виски Уистлер Дабл Оакед Айриш Виски,  0,7 л",7660,дасковайн,3700,,,,,,,,,,,,,,,,,,,,,,,
"Виски БЭЛМОР ДРЮ регион Хайленд 5 лет,  0,7 л",8020,дасковайн,3900,,,,,,,,,,,,,,,,,,,,,,,
"Виски Тенжаку,  0,7 л",8770,дасковайн,4300,,,,,,,,,,,,,,,,,,,,,,,
"Виски МакЛелэнд'с Хайлэнд,  0,7 л",9150,дасковайн,4500,,,,,,,,,,,,,,,,,,,,,,,
Виски Макерс Марк 0.7л,9510,дасковайн,4700,,,,,,,,,,,,,6200,,,3100,,,,,,,
"Виски Тамнавулин Дабл Каск,  0,7 л",8220,дасковайн,4000,,,,,,,,,,,,,,,,,,,,,,,
"Виски Тамнавулин,  0,7 л",9150,дасковайн,4500,,,,,,,,,,,,,,,,,,,,,,,
"Виски Синглтон Молт Мастерс Селекшен,  0,7 л",9150,дасковайн,4500,,,,,,,,,,,,,,,,,,,,,,,
"Виски Синглтон 12 лет,  0,7 л",11000,дасковайн,5500,,,,,,,,,,,,,,,,,,,,,,,
"Виски Пендерин Кельт,  0,7 л",10080,дасковайн,5000,,,,,,,,,,,,,,,,,,,,,,,
"Виски Пендерин Легенда,  0,7 л",10080,дасковайн,5000,,,,,,,,,,,,,,,,,,,,,,,
"Виски Гленфарклас Херитейдж,  0,7 л",11200,дасковайн,5600,,,,,,,,,,,,,,,,,,,,,,,
"Виски Талискер Скай,  0,7 л",11940,дасковайн,6000,,,,,,,,,,,,,,,,,,,,,,,
"Виски Аберлауэр 12 лет,  0,7 л",13810,дасковайн,7000,,,,,,,,,,,,,,,,,,,,,,,
"Виски Гленфиддик 15 лет,  0,75 л",17540,дасковайн,9000,,,,,,,,,,,,,,,,,,,,,,,
"Виски Чивас Ригал 12 лет купажированный в 0,7 л",6910,,3300,,,,,,,,,,,,,5900,,,3299,,,,,,,
Виски Чивас Ригал 18 лет 0.7л,22950,дасковайн,11900,,,,,,,,,,,,,11500,,,6999,,,,,,,
"Виски Макаллан Дабл Каск 12 лет п/к 0,7 л",23130,,12000,,,,,,,,,,,,,15000,,,10300,,,,,,,
"Виски Вильям Пил 0,7 л",,нет,нет,,,,,,,,,,,,,1900,,,890,,,,,,,
"Виски Джонни Блонде 0,7 л",,нет,нет,,,,,,,,,,,,,2900,,,1500,,,,,,,
,,,,,,,,,,,,,,,,,,,,,,,,,,
ВИСКИ 1л,новая цена,Наличие,New,,,,,,,,,,,,,цена,,,закуп,,,,,,,
"Виски Бэллс Ориджинал,  1,0 л",4480,дасковайн,2000,,,,,,,,,,,,,,,,,,,,,,,
"Виски Бэллс Пряный,  1,0 л",4860,дасковайн,2200,,,,,,,,,,,,,,,,,,,,,,,
Виски Джонни Уокер Рэд Лейбл не менее 3 лет 1 л,5040,,2300,,,,,,,,,,,,,4200,,,3500,,,,,,,
Виски (бурбон) Джим Бим 4 года зерновой 1 л,5600,,2600,,,,,,,,,,,,,4300,,,2550,,,,,,,
"Виски Джонни Уокер Рэд Лейбл,  1,0 л",6350,дасковайн,3000,,,,,,,,,,,,,,,,,,,,,,,
Виски Теннесси Джек Дениел`с 1 л,6350,,3000,,,,,,,,,,,,,4300,,,2400,,,,,,,
"Виски Бушмилз Ориджинал,  1,0 л",6730,дасковайн,3200,,,,,,,,,,,,,,,,,,,,,,,
"Виски Баллантайнс Файнест,  1,0 л",7840,дасковайн,3800,,,,,,,,,,,,,,,,,,,,,,,
"Виски Чивас Ригал 12лет,  1,0 л",13620,дасковайн,6900,,,,,,,,,,,,,,,,,,,,,,,
"Виски Гленморанджи Кадболл,  1,0 л",19410,дасковайн,10000,,,,,,,,,,,,,,,,,,,,,,,
Виски Вильям Пил 1 л,,нет,нет,,,,,,,,,,,,,2200,,,1100,,,,,,,
,,,,,,,,,,,,,,,,,,,,,,,,,,
"КОНЬЯК 0,5л",новая цена,Наличие,New,,,,,,,,,,,,,цена,,,закуп,,,,,,,
"Коньяк ординарный Армянский Коньяк 5 лет 0,5 л",1960,,651,,,,,,,,,,,,,1200,,,560,,,,,,,
"Коньяк Кочари 5 лет 0,5",2060,,700,,,,,,,,,,,,,1400,,,680,,,,,,,
"Коньяк Фанагория 5 лет 0,5 л",2150,,750,,,,,,,,,,,,,1300,,,610,,,,,,,
"Коньяк Старейшина 5 лет 0,5",2150,,750,,,,,,,,,,,,,1500,,,740,,,,,,,
"Коньяк Ной Традиционный 5 лет 0,5",2150,,750,,,,,,,,,,,,,1700,,,850,,,,,,,
"Коньяк Армянский Кочари 7 лет подарочный п/к 0,5",2340,,850,,,,,,,,,,,,,1600,,,740,,,,,,,
Коньяк Старейшина 7 лет 0.5,2430,,900,,,,,,,,,,,,,1800,,,770,,,,,,,
"Коньяк Армянский Арарат 5 лет п/к 0,5",2990,,1200,,,,,,,,,,,,,2000,,,1200,,,,,,,
Бренди Торрес 10 лет Гран Резерва 0.5,3170,,1300,,,,,,,,,,,,,2200,,,1400,,,,,,,
"Коньяк А.де Фуссиньи ХО п/к 0,5 л",15670,,8000,,,,,,,,,,,,,7900,,,7000,,,,,,,
,,,,,,,,,,,,,,,,,,,,,,,,,,
"КОНЬЯК 0,7л",новая цена,Наличие,New,,,,,,,,,,,,,цена,,,закуп,,,,,,,
"Коньяк Асканели ВСОП 7 лет п/к 0,7 л",4110,,1800,,,,,,,,,,,,,3000,,,1700,,,,,,,
"Бренди Семболь Националь ХО 0,7 л",4300,,1900,,,,,,,,,,,,,,,,,,,,,,,
"Кальвадос Дюк Де Норманди ВС 0,7 л",5420,,2500,,,,,,,,,,,,,,,,,,,,,,,
"Бренди Делор Фрер В.С. 0,5 л",5600,,2600,,,,,,,,,,,,,,,,,,,,,,,
"Коньяк Готье ВСОП п/к 0,7 л",8220,,4000,,,,,,,,,,,,,5000,,,4130,,,,,,,
"Коньяк Рулле ВС,  0,7 л",8220,дасковайн,4000,,,,,,,,,,,,,,,,,,,,,,,
"Коньяк Максим Трижоль ВСОП,  0,7 л",10080,дасковайн,5000,,,,,,,,,,,,,,,,,,,,,,,
"Коньяк Мартель ВС,  0,7 л",10640,дасковайн,5300,,,,,,,,,,,,,,,,,,,,,,,
"Франсуа де Мартиньяк,  0,7 л",11580,дасковайн,5800,,,,,,,,,,,,,,,,,,,,,,,
"Коньяк Курвуазье ХО не менее 10 лет п/к 0,7 л",38060,МАЛО,20000,,,,,,,,,,,,,22000,,,20000,,,,,,,
"Коньяк СЕН КЛО ВС п/к 0,5 л",,нет,нет,,,,,,,,,,,,,3200,,,1300,,,,,,,
"Коньяк СЕН КЛО ВСОП п/к 0,7 л",,нет,нет,,,,,,,,,,,,,4200,,,1900,,,,,,,
"Коньяк Реми Мартан ХO Экселланс п/к 0,7 л",,нет,нет,,,,,,,,,,,,,25000,,,23000,,,,,,,
,,,,,,,,,,,,,,,,,,,,,,,,,,
РОМ 0.5л,новая цена,Наличие,New,,,,,,,,,цена,закуп,,,,,,,,,,,,,
"Ром Капитан Жан Лафитт дарк 0,5 л",1710,,510,,,,,,,,,,,,,,,,,,,,,,,
"Напиток спиртной на основе рома Оакхарт Ориджинал Бакарди 0,5",2430,,900,,,,,,,,,,,,,1600,,,799,,,,,,,
"Ром Капитан Морган Темный,  0,5 л",3170,дасковайн,1300,,,,,,,,,,,,,,,,,,,,,,,
,,,,,,,,,,,,,,,,,,,,,,,,,,
РОМ,новая цена,Наличие,New,,,,,,,,,,,,,цена,,,закуп,,,,,,,
"Спиртной напиток ромовый КУЛ СКЕЛЕТОН КОКОС 37,5% 0,7Л",2060,,700,,,,,,,,,,,,,,,,,,,,,,,
"Спиртной напиток ромовый КУЛ СКЕЛЕТОН МАНГО МАРАКУЙЯ 37,5% 0,7Л",2060,,700,,,,,,,,,,,,,,,,,,,,,,,
"Ром Мама Джама Блэк выдержанный 0,7 л",2080,,710,,,,,,,,,,,,,,,,,,,,,,,
"Ром Блэк Пирл Уайт 0,7 л",2610,,1000,,,,,,,,,,,,,2000,,,950,,,,,,,
"Ром Блэк Пирл Дарк 0,7 л",2810,,1100,,,,,,,,,,,,,2000,,,1150,,,,,,,
"Набор Оакхарт Ориджинал Спайс Голд+2 банки Rich Cola 0,7 л",2810,,1100,,,,,,,,,2699,1000,,,,,,,,,,,,,
"Напиток спиртной на основе рома Оакхарт Ориджинал Бакарди 0,7",2990,,1200,,,,,,,,,,,,,1900,,,1000,,,,,,,
"Ром выдержанный Сангсом в п/к 0,7 л",3170,,1300,,,,,,,,,,,,,2500,,,1350,,,,,,,
Ром Барсело Аньехо 0.7л,3920,,1700,,,,,,,,,,,,,,,2170,,,,,,,,2699
"Ром Вьехо де Кальдас 3-летний,  0,7 л",4110,дасковайн,1800,,,,,,,,,,,,,,,,,,,,,,,
"Ром БЕРМУДЕЗ БЛАНКО СУПЕРИОР,  0,7 л",4300,дасковайн,1900,,,,,,,,,,,,,,,,,,,,,,,
"Ром Контрабандо 5 лет 0,7 л",4480,,2000,,,,,,,,,,,,,,,,,,,,,,,
"Ром Вьехо де Кальдас. Хуан де ла Крус 5-летний,  0,7 л",4480,дасковайн,2000,,,,,,,,,,,,,,,,,,,,,,,
Ром Бругал Аньехо 0.7л,5040,,2300,,,,,,,,,,,,,,,1550,,,,,,,,4199
"Ром Капитан Морган Темный,  0,7 л",5230,дасковайн,2400,,,,,,,,,,,,,,,,,,,,,,,
"Ром Гавана Клуб Аньехо 3 года,  0,7 л",5600,дасковайн,2600,,,,,,,,,,,,,,,,,,,,,,,
"Ром Matusalem Solera 7 лет, 0.7л",5970,,2800,,,,,,,,,,,,,,,,,,,,,,,
"Ром Ангостура Эйджин 5 лет,  0,7 л",7840,дасковайн,3800,,,,,,,,,,,,,,,,,,,,,,,
"Ром Закапа XO п/к 0,7 л",,,8000,,,,,,,,,,,,,11500,,,10500,,,,,,,
"Напиток спиртной Тобакко Спайсд на основе рома 0,7 л",,нет,нет,,,,,,,,,,,,,2000,,,840,,,,,,,
,,,,,,,,,,,,,,,,,,,,,,,,,,
ТЕКИЛА,новая цена,Наличие,New,,,,,,,,,,,,,цена,,,закуп,,,,,,,
"Коктейль Альта Коста Сильвер с текилой 0,5 л",1690,,505,,,,,,,,,,,,,1400,,,420,,,,,,,
"Текила КАНИТЦА ТЕКИЛА СИЛЬВЕР,  0,7 л",4110,дасковайн,1800,,,,,,,,,,,,,,,,,,,,,,,
"Текила КАНИТЦА ТЕКИЛА ГОЛД,  0,7 л",4110,дасковайн,1800,,,,,,,,,,,,,,,,,,,,,,,
"Текила УРОБОРОС ТЕКИЛА СИЛЬВЕР,  0,5 л",4300,дасковайн,1900,,,,,,,,,,,,,,,,,,,,,,,
"Текила УРОБОРОС ТЕКИЛА ГОЛД,  0,5 л",4300,дасковайн,1900,,,,,,,,,,,,,,,,,,,,,,,
"Текила УРОБОРОС ТЕКИЛА БЛАНКО,  0,5 л",5420,дасковайн,2500,,,,,,,,,,,,,,,,,,,,,,,
"Текила РИО де ПЛАТА ТЕКИЛА РЕПОСАДО,  0,7 л",9710,дасковайн,4800,,,,,,,,,,,,,,,,,,,,,,,
"Текила Ольмека Голд,  0,7 л",6350,дасковайн,3000,,,,,,,,,,,,,,,,,,,,,,,
"Текила Эсполон Бланко 0,75 л",5420,МАЛО,2500,,,,,,,,,,,,,3900,,,2680,,,,,,,
"Текила Эсполон Репосадо 0,75 л",5600,МАЛО,2600,,,,,,,,,,,,,4000,,,2790,,,,,,,
"Текила Хосе Куэрво Репосадо 0,7 л",,нет,нет,,,,,,,,,,,,,3300,,,1500,,,,,,,
"Текила Ла Тременда 0,7 л",,нет,нет,,,,,,,,,,,,,2100,,,1000,,,,,,,
,,,,,,,,,,,,,,,,,,,,,,,,,,
ДЖИН,новая цена,Наличие,New,,,,,,,,,,,,,цена,,,закуп,,,,,,,
"Джин Фримен 0,5 л",1450,,501,,,,,,,,,,,,,1400,,,350,,,,,,,
"Джин Барристер Драй 0,7 л",1840,,730,,,,,,,,,,,,,1500,,,500,,,,,,,
"Джин КУРАЙ,  0,5 л",1870,дасковайн,750,,,,,,,,,,,,,,,,,,,,,,,
"Джин Хопперс Лаванда и Чабрец,  0,5 л",1950,дасковайн,800,,,,,,,,,,,,,,,,,,,,,,,
"Джин Бомбей Сапфир Драй,  0,7 л",6690,дасковайн,3600,,,,,,,,,,,,,,,,,,,,,,,
"Джин Битли классик лондон драй 0,5 л",,нет,нет,,,,,,,,,,,,,1500,,,900,,,,,,,
"Джин Финч Мэджик Аладдин 0,5 л",,нет,нет,,,,,,,,,,,,,1600,,,600,,,,,,,
"Джин ОуБиЭс Обсешн 0,7 л",,нет,нет,,,,,,,,,,,,,2000,,,900,,,,,,,
,,,,,,,,,,,,,,,,,,,,,,,,,,
ЛИКЕР,новая цена,Наличие,New,,,,,,,,,,,,,цена,,,закуп,,,,,,,
"Ликер Лимончелло Сан Ламаджо 0,5 л",1350,,320,,,,,,,,,,,,,1500,,,320,,,,,,,
"Ликер Самбука 0,5 л",1680,,500,,,,,,,,,,,,,1500,,,330,,,,,,,
"Ликер Старейшина Альпин Хани 0,5 л",2240,,800,,,,,,,,,,,,,2000,,,775,,,,,,,
"Напиток спирт. Апероль (аперитив) 0,7л",3450,,1450,,,,,,,,,,,,,2800,,,1400,,,,,,,
"Ликер Кампари (аперитив) 0,75 л",4110,,1800,,,,,,,,,,,,,3000,,,1800,,,,,,,
"Ликер Куантро крепкий 0,7 л",4480,,2000,,,,,,,,,,,,,3200,,,2000,,,,,,,
"Ликер Бехеровка,  0,7 л",4480,дасковайн,2000,,,,,,,,,,,,,,,,,,,,,,,
"Ликер Бехеровка,  0,5 л",4110,дасковайн,1800,,,,,,,,,,,,,,,,,,,,,,,
"Ягермайстер,  0,5 л",4020,дасковайн,1750,,,,,,,,,,,,,,,,,,,,,,,
"Ликер десертный Ягермайстер 0,7",4480,,2000,,,,,,,,,,,,,3330,,,1420,,,,,,,
"Ягермайстер,  1,0 л",6350,дасковайн,3000,,,,,,,,,,,,,,,,,,,,,,,
"Ликер эмульсионный Бэйлис сливочный оригинальный 0,7",5320,,2450,,,,,,,,,,,,,3000,,,2350,,,,,,,
"Ликер Найт Габриэлло Лимончелло 0,5 л",,нет,нет,,,,,,,,,,,,,1800,,,800,,,,,,,
,,,,,,,,,,,,,,,,,,,,,,,,,,
"ПРОСЕККО, БРЮТ",новая цена,Наличие,New,страна,сорт винограда,крепость,,,,,,,,,,цена,,,закуп,,,,,,,
"Вино игристое Российское Премиум белое брют 0,75 л",1200,,240,Россия,Белые сорта винограда,11,,,,,,,,,,1100,,,240,,,,,,,
Вино игристое Шато Тамань РОЗОВОЕ брют 0.75,1400,,350,Россия,Пино Блан/Мюллер/Мускат/Саперави,"12,5",,,,,,,,,,1100,,,320,,,,,,,
"Вино игристое Российское Фанагория белое брют 0,75 л",1680,,500,Россия,Шардоне/Алиготе/Пино Нуар/Рислинг,12,,,,,,,,,,1200,,,450,,,,,,,
"Вино игристое ВёВ Албан белое брют 0,75 л",1960,,650,Франция,Айрен,11,,,,,,,,,,1500,,,550,,,,,,,
"Вино игристое Вёв Албан розовое брют 0,75 л",2000,,670,Россия,Айрен,"11,5",,,,,,,,,,1600,,,600,,,,,,,
"Вино игристое Проссимо спуманте белое брют 0,75 л",2190,,770,Италия,Гарганега,11,,,,,,,,,,1700,,,630,,,,,,,
"Вино игристое Кава Арте Латино розовое брют 0,75 л",2270,,820,Испания,Трепат\Пино Нуар,"11,5",,,,,,,,,,1700,,,750,,,,,,,
"Вино игристое Корте дей Рови Просекко Экстра Драй DOC белое сухое 0,75 л",2990,,1200,Италия,Глера/Просекко,11,,,,,,,,,,1900,,,1260,,,,,,,
Вино игристое Мартини Брют бел.брют,3370,,1400,Италия,"Треббьяно, Шардоне","11,5",,,,,,,,,,2100,,,1200,,,,,,,
Игристое вино Просекко Мартини белое сухое,3370,,1400,Италия,Глера/Просекко,"11,5",,,,,,,,,,2100,,,1190,,,,,,,
Вино игристое Мондоро Просекко защ.геогр.ук.бел.сух,3400,,1420,Италия,Глера/Просекко,11,,,,,,,,,,2300,,,1380,,,,,,,
"Вино игристое Кюве ДиПи Традишн Давид Порэ белое брют 0,75 л",5040,,2300,Франция,Шардоне/Пино Нуар/Пино Менье,"12,5",,,,,,,,,,3800,,,2500,,,,,,,
"Вино игристое выдержанное Моэт и Шандон Империаль белое брют 0,75 л",15560,,7940,Франция,Шардоне/Пино Нуар/Пино Менье,12,,,,,,,,,,9000,,,5900,,,,,,,
"Вино игристое выдержанное Дж.Г. Мумм Гранд Кордон Брют белое п/к 0,75 л",,нет,нет,Франция,Шардоне/Пино Нуар/Пино Менье,12,,,,,,,,,,4000,,,2890,,,,,,,
"Вино игристое Вальпьяна Миллезимато Экстра Драй белое брют 0,75 л",,НЕТ,НЕТ,Италия,Глера,11,,,,,,,,,,1600,,,400,,,,,,,
,,,,,,,,,,,,,,,,,,,,,,,,,,
АСТИ,новая цена,Наличие,New,страна,сорт винограда,крепость,,,,,,,,,,цена,,,закуп,,,,,,,
"Вино игристое Российское Премиум белое полусладкое 0,75 л",1200,,240,Россия,Белые сорта винограда,12,,,,,,,,,,1100,,,240,,,,,,,
"Вино игристое Массимо Висконти Ламбруско белое сладкое 0,75 л",1850,,590,Италия,Ламбруско,"7,5",,,,,,,,,,1500,,,500,,,,,,,
Вино игристое Сант Орсола Асти DOCG белое сладкое,2430,,900,Италия,Мускат,7,,,,,,,,,,1800,,,880,,,,,,,
"Вино игристое Атто Примо Асти белое сладкое 0,75 л",2570,,970,Италия,Мускат,"7,5",,,,,,,,,,1900,,,990,,,,,,,
"Вино игристое Исси Мальвазия Спуманте белое сладкое 0,75 л",2570,,970,Италия,Мальвазия/Мускат,7,,,,,,,,,,1800,,,900,,,,,,,
Вино игристое Чинзано Асти DOCG бел.сл,3170,,1300,Италия,Мускат,7,,,,,,,,,,2000,,,1190,,,,,,,
Игристое вино Мартини Асти Пьемонт бел.сл,3370,,1400,Италия,Мускат,"7,5",,,,,,,,,,2100,,,1290,,,,,,,
Вино игристое Мондоро Асти DOCG бел.сл,3550,,1500,Италия,Мускат,"7,5",,,,,,,,,,2300,,,1470,,,,,,,
Напиток винный газ. Ламбруско Розато п/сл 0.75,,нет,нет,Россия,,8,,,,,,,,,,1000,,,200,,,,,,,
Напиток винный газ. Ламбруско Бьянко п/сл 0.75,,нет,нет,Россия,,8,,,,,,,,,,1000,,,250,,,,,,,
"Вино игристое Советское Шампанское белое полусладкое 0,75 л",,нет,нет,Россия,Шардоне/Совиньон Блан/Алиготе/Рислинг/Кокур,11,,,,,,,,,,1100,,,280,,,,,,,
"Вино игристое Линда Донна Асти DOCG белое сладкое 0,75 л",,нет,нет,Италия,Мускат,"7,5",,,,,,,,,,1700,,,нет в наличии,,,,,,,
"Вино игристое Фальдео Асти DOCG белое сладкое 0,75 л",,нет,нет,Италия,Мускат,7,,,,,,,,,,1600,,,нет в наличии,,,,,,,
,,,,,,,,,,,,,,,,,,,,,,,,,,
ВЕРМУТ,новая цена,Наличие,New,,,,,,,,,,,,,цена,,,закуп,,,,,,,
Вермут Чеаро Бьянко 1 л,1270,,280,,,,,,,,,,,,,1200,,,350,,,,,,,
"Вермут Каза Позитано Бьянко белый сладкий 0,75 л",2060,,700,,,,,,,,,,,,,1500,,,770,,,,,,,
"Вермут Мартини Бьянко белый сладкий 0,5 л",1980,,660,,,,,,,,,,,,,1600,,,950,,,,,,,
"Вермут Мартини Россо,  0,5 л",2610,дасковайн,1000,,,,,,,,,,,,,,,,,,,,,,,
"Вермут Мартини Россо,  1,0 л",3920,дасковайн,1700,,,,,,,,,,,,,,,,,,,,,,,
"Вермут Чинзано Бьянко белый сладкий 0,5 л",2340,,850,,,,,,,,,,,,,1600,,,850,,,,,,,
"Вермут Мартини Экстра Драй белый сухой 0,75 л",2810,,1100,,,,,,,,,,,,,1900,,,1150,,,,,,,
"Вермут Мартини Бьянко белый сладкий 0,75 л",2810,,1100,,,,,,,,,,,,,1900,,,1000,,,,,,,
"Вермут Мартини Фиеро сладкий 0,75 л",2810,,1100,,,,,,,,,,,,,1900,,,1100,,,,,,,
,,,,,,,,,,,,,,,,,,,,,,,,,,
ПИВО,новая цена,Наличие,New,,,,,,,,,,,,,цена,,,закуп,,,,,,,
"Пиво Жигули Барное светлое ст 0,31 л",199,,57,,,,,,,,,,,,,,,,,,,,,,,
"пиво Рижское светлое ст 0,45 л",199,,55,,,,,,,,,,,,,,,,,,,,,,,
"Пиво Белорусское светлое фильтрованное пастеризованное ст 0,5 л",199,,67,,,,,,,,,,,,,,,,,,,,,,,
"Сидр Мистер Лис Яблоко ж/б 0,43 л",209,,64,,,,,,,,,,,,,,,,,,,,,,,
"Пиво БАЛТИКА КЛАССИЧЕСКОЕ №3 СВЕТЛ. ФИЛЬТР. ПАСТЕР. СТ/Б 0,5Л",209,,64,,,,,,,,,,,,,,,,,,,,,,,
"Пиво КРУШОВИЦЕ СВЕТЛ. ФИЛЬТР. ПАСТЕР. Ж/Б 0,43Л",219,,70,,,,,,,,,,,,,,,,,,,,,,,
"Пиво СТАРЫЙ МЕЛЬНИК ИЗ БОЧОНКА МЯГКОЕ СВЕТЛ. ФИЛЬТР. ПАСТЕР. СТ/Б 0,45Л",229,,70,,,,,,,,,,,,,,,,,,,,,,,
"Пивной напиток СТАРЫЙ МЕЛЬНИК ИЗ БОЧОНКА БАРХАТНОЕ ТЕМН. ФИЛЬТР. ПАСТЕР. СТ/Б 0,45Л",229,,70,,,,,,,,,,,,,,,,,,,,,,,
"Пиво LOWENBRAU ОРИГИНАЛЬНОЕ СВЕТЛ. ФИЛЬТР. ПАСТЕР. Ж/Б 0,45Л",229,,68,,,,,,,,,,,,,,,,,,,,,,,
"Пивной напиток KRONE BLANCHE BIERE СВЕТЛ. НЕФИЛЬТР. ПАСТЕР. СТ/Б 0,45Л",239,,90,,,,,,,,,,,,,,,,,,,,,,,
"Сидр Бон Сезон ст 0,4 л",239,,90,,,,,,,,,,,,,,,,,,,,,,,
жигулевское,149,,65,,,,,,,,,,,,,150,,,50,,,,,,,
"Эсса(Дыня-клубника,Кокос-манго,Ананас-грейпфрут)",249,,80,,,,,,,,,,,,,250,,,69,,,,,,,
Хугарден,249,,85,,,,,,,,,,,,,250,,,85,,,,,,,
Козел светлое/темное,259,,90,,,,,,,,,,,,,200,,,80,,,,,,,
шпатен ,299,(лента),120,,,,,,,,,,,,,300,,,120,,,,,,,
корона ,349,(лента),135,,,,,,,,,,,,,350,,,140,,,,,,,
Пиво Bud 0.5 л (стяжка 4шт),999,,340,,,,,,,,,,,,,799,,,77,,,,,,,
"Пиво Стелла Артуа светлое ст 0,44 л (стяжка 4шт)",1299,(Кб/лента) ,392,,,,,,,,,,,,,1199,,,78,,,,,,,
чешское,,нет,нет,,,,,,,,,,,,,200,,,120,,,,,,,
"Пиво Хоп Райдер Уит Пэйл Эль светлое ж/б 0,33 л",259,нет,100,,,,,,,,,,,,,150,,,80,,,,,,,
"Пиво Хоп Райдер Экстра Стаут темное ж/б 0,33 л",269,нет,100,,,,,,,,,,,,,150,,,80,,,,,,,
"Пиво Хопфендорф Шварцбир темное фильтрованное пастеризованное ж/б 0,5 л",,нет,нет,,,,,,,,,,,,,250,,,80,,,,,,,
"Пиво Хопфендорф Шварцбир темное ж/б 0,5 л",,нет,нет,,,,,,,,,,,,,200,,,80,,,,,,,
"Пиво Белджиан Крон Лагер светлое ж/б 0,5 л",,нет,нет,,,,,,,,,,,,,200,,,90,,,,,,,
"Пиво Евротур Шварц темное фильтрованное пастеризованное ж/б 0,5 л",,нет,нет,,,,,,,,,,,,,200,,,79,,,,,,,
,,,,,,,,,,,,,,,,,,,,,,,,,,
ПИВО 1л и больше,новая цена,New,Наличие,,,,,,,,,,,,,цена,,,,,,,,,,
"Пиво БЕЛЫЙ МЕДВЕДЬ СВЕТЛ. ФИЛЬТР. ПАСТЕР. ПЭТ 1,15Л",299,79,,,,,,,,,,,,,,300,,,,,,,,,,
"Пиво ЖИГУЛЕВСКОЕ ТРАДИЦИОННОЕСВЕТЛ. ФИЛЬТР. 1,2Л",319,100,,,,,,,,,,,,,,250,,,,,,,,,,
"Пиво СТАРЫЙ МЕЛЬНИК ИЗ БОЧОНКА МЯГКОЕ СВ.ФИ. 0,9Л",329,100,,,,,,,,,,,,,,250,,,,,,,,,,
"Пиво Рижское светлое ПЭТ 1,3 л",339,115,,,,,,,,,,,,,,200,,,,,,,,,,
"Пиво Австрийское светлое ПЭТ 1,5 л",349,112,,,,,,,,,,,,,,300,,,,,,,,,,
"Пиво Живая Варка светлое ПЭТ 1,5 л",359,115,,,,,,,,,,,,,,300,,,,,,,,,,
"Пиво Пшеничное мягкое ПЭТ 1,5 л",369,147,,,,,,,,,,,,,,300,,,,,,,,,,
"Пиво TUBORG GREEN СВЕТЛ. ФИЛЬТР. ПАСТЕР. ПЭТ 1,35Л",379,150,,,,,,,,,,,,,,350,,,,,,,,,,
Разливное светлое фильтрованное 1л,419,120,180,,,,,,,,,,,,,400,,,,,,,,,,
Разливное светлое нефильтрованное 1л,419,120,180,,,,,,,,,,,,,400,,,,,,,,,,
Разливое темное 1л,449,130,180,,,,,,,,,,,,,450,,,,,,,,,,
"Пиво ГЁССЕР СВЕТЛ. ФИЛЬТР. ПАСТЕР. ПЭТ 1,2Л",,нет,,,,,,,,,,,,,,300,,,,,,,,,,
"Пиво Nord Land Beer светлое крепкое фильтрованное 1,2 л",,нет,,,,,,,,,,,,,,250,,,,,,,,,,
"Пиво CARLSBERG СВЕТЛ. ФИЛЬТР. ПАСТЕР. ПЭТ 1,35Л",,нет,,,,,,,,,,,,,,300,,,,,,,,,,
,,,,,,,,,,,,,,,,,,,,,,,,,,
НАПИТКИ Б\А,новая цена,наличие,закуп,,,,,,,,,,,,,,,,,,,,,,,
Вода Аква Минерале газированная 2 л,169,,70,,,,,,,,,,,,,,,,,,,,,,,
Вода Аква Минерале негаз 2 л,169,,70,,,,,,,,,,,,,,,,,,,,,,,
"Минеральная вода Заветный родник негазированная 1,5 л",149,,50,,,,,,,,,,,,,,,,,,,,,,,
"Вода Аква Люкс газ 1,5 л",149,,50,,,,,,,,,,,,,,,,,,,,,,,
Вода минеральная Аш Тау Скважина 6К газированная 1 л,99,,35,,,,,,,,,,,,,,,,,,,,,,,
Напиток ДОБРЫЙ КОЛА ГАЗ.  1Л,299,,100,,,,,,,,,,,,,,,,,,,,,,,
Сок RICH ВИШНЯ 1Л,389,,180,,,,,,,,,,,,,,,,,,,,,,,
Сок RICH ТОМАТ 1Л,349,,160,,,,,,,,,,,,,,,,,,,,,,,
Сок RICH АПЕЛЬСИН\АНАНАС\ГРЕЙПФРУТ 1Л,399,,190,,,,,,,,,,,,,,,,,,,,,,,
Сок Сады Придонья томатный с солью с мякотью\яблоко 1 л,339,,150,,,,,,,,,,,,,,,,,,,,,,,
"Напиток НАТАХТАРИ ГРУША\ФЕЙХОА\САПЕРАВИ СТ/Б 0,5Л",299,,108,,,,,,,,,,,,,,,,,,,,,,,
"Напиток LIPTON ЗЕЛЕНЫЙ ЧАЙ\ЧЕРНЫЙ ЛИМОН НЕГАЗ. 0,5л",249,,90,,,,,,,,,,,,,,,,,,,,,,,
Напиток Рич индиан тоник\биттер лимон сильногазированный 1 л,319,,135,,,,,,,,,,,,,,,,,,,,,,,
Газированный напиток Эвервесс Биттер Лимон 1 л,239,,80,,,,,,,,,,,,,,,,,,,,,,,
"Газированный напиток Старые Добрые Традиции Лимонад ст 0,5 л",159,,40,,,,,,,,,,,,,,,,,,,,,,,
"Квас Добрый хлеб фильтрованный пастеризованный 1,5 л",169,,50,,,,,,,,,,,,,,,,,,,,,,,
"Чай IceTea Лимон\лесные ягоды\малина 0,5 л",139,,50,,,,,,,,,,,,,,,,,,,,,,,
"Минеральная вода Ессентуки Целебная газированная ст 0,5 л",129,,40,,,,,,,,,,,,,,,,,,,,,,,
"Нектар Сады Придонья мультифрутовый\яблоко\черешня 0,95 л",399,,209,,,,,,,,,,,,,,,,,,,,,,,
Газированный напиток Экспорт Стаил Классик Кола 2 л,299,,100,,,,,,,,,,,,,,,,,,,,,,,
,,,,,,,,,,,,,,,,,,,,,,,,,,
ЭЛЕКТРОНКИ,новая цена,New,Наличие,,,,,,,,,,,,,цена,,,,,,,,,,
бристоль или любой продуктовый/вейпшоп,,,,,,,,,,,,,,,,,,,,,,,,,,
Электронная одноразовая система от 2000тяг,3599,1900,,,,,,,,,,,,,,1800,,,,,,,,,,
"(дыня, кола, банан, ягодный микс, клубничный коктейль,",,,,,,,,,,,,,,,,,,,,,,,,,,
"гуава-маракуйа, малина-арбуз, яблоко, мармелад, манго",,,,,,,,,,,,,,,,,,,,,,,,,,
Электронная одноразовая система от 5000тяг,4199,2500,,,,,,,,,,,,,,2900,,,,,,,,,,
"(банан, ягодный микс, клубника,маракуйа,яблоко,манго)",,,,,,,,,,,,,,,,,,,,,,,,,,
,,,,,,,,,,,,,,,,,,,,,,,,,,
СНЭКИ И ДР,новая цена,New,Наличие,,,,,,,,,,,,,цена,,,закуп,,,,,,,
ЛУКОВЫЕ КОЛЬЦА СМЕТАНА\СЫР 45г,109,,,,,,,,,,,,,,,100,,,40,,,,,,,
Сухарики КИРИЕШКИ ЧИЗБУРГЕР\ОГУРЦЫ\ШАШЛЫК\,119,,,,,,,,,,,,,,,100,,,40,,,,,,,
ХОЛОДЕЦ С ХРЕНОМ\ВЕТЧИНА СЫР\СТЕЙК\СЕМГА\ 60г,,,,,,,,,,,,,,,,,,,,,,,,,,
Семечки ОТ МАРТИНА ЖАРЕНЫЕ МОРСКАЯ СОЛЬ 100Г,199,,,,,,,,,,,,,,,150,,,50,,,,,,,
Сухарики ХРУСTEAM ЧИАБАТТА ОЛИВКИ\ВЕТЧИНА\,229,,,,,,,,,,,,,,,200,,,50,,,,,,,
КРАБ\ТОМАТ\СЫРНОЕ АССОРТИ\СМЕТАНА ЗЕЛЕНЬ 60г ,,,,,,,,,,,,,,,,,,,,,,,,,,
Колбаски Дымчики сырокопченые оригинальные 70 г,279,,,,,,,,,,,,,,,240,,,80,,,,,,,
Колбаски Кабанос сырокопченые куриные 70 г,289,,,,,,,,,,,,,,,250,,,90,,,,,,,
Чипсы Лэйс Бекон\Краб\Лук/Сменана зелень 90г,339,,,,,,,,,,,,,,,250,,,100,,,,,,,
Чипсы Лэйс Бекон\Краб\Лук/Сменана зелень 140г,379,,,,,,,,,,,,,,,350,,,150,,,,,,,
Фисташки «ОТЕЦ ОРЕХ» ЖАРЕНЫЕ СОЛЕНЫЕ,449,,,,,,,,,,,,,,,400,,,220,,,,,,,
Миндаль «ОТЕЦ ОРЕХ» ЖАРЕНЫЙ 150Г,479,,,,,,,,,,,,,,,350,,,220,,,,,,,
Фундук «ОТЕЦ ОРЕХ» ЖАРЕНЫЙ 150Г,489,,,,,,,,,,,,,,,350,,,250,,,,,,,
Чипсы соломкой POMSTICKS С СОЛЬЮ\СМЕТАНА 100Г,329,нет,нет,,,,,,,,,,,,,250,,,90,,,,,,,
,,,,,,,,,,,,,,,,,,,,,,,,,,
СИГАРЕТЫ И СТИКИ (за пачку),новая цена,Наличие,New,,,,,,,,,,,,,цена,,,       закуп,,,,,,,
Сигареты Ротманс Грин,399,,159,,,,,,,,,,,,,350,,,159,,,,,,,
Сигареты LUCKY STRIKE Green,399,,159,,,,,,,,,,,,,350,,,159,,,,,,,
Сигареты Ротманс Дэми Классик,419,,170,,,,,,,,,,,,,350,,,170,,,,,,,
Сигареты Камелл Желтый,449,,180,,,,,,,,,,,,,400,,,180,,,,,,,
Сигареты Камелл Компакт,449,,180,,,,,,,,,,,,,350,,,180,,,,,,,
Стики NEO Ванилла\Тобакко\Тропик,469,,190,,,,,,,,,,,,,450,,,190,,,,,,,
Сигареты LUCKY STRIKE XL,469,,190,,,,,,,,,,,,,350,,,190,,,,,,,
Стики IQOS Heets Янтарные\Бронзовые\Голд\Грин\Фиол.\Слайт\Самер Бриз,499,,200,,,,,,,,,,,,,450,,,200,,,,,,,
Сигареты Винстон Вайт,499,,200,,,,,,,,,,,,,400,,,200,,,,,,,
Сигареты Винстон ИксСтайл,499,,202,,,,,,,,,,,,,400,,,202,,,,,,,
Сигареты Винстон xs blue Тонкие,509,,223,,,,,,,,,,,,,450,,,223,,,,,,,
Сигареты Винстон XS компакт блю,539,,230,,,,,,,,,,,,,400,,,230,,,,,,,
Сигареты Винстон Рэд,539,,230,,,,,,,,,,,,,450,,,230,,,,,,,
Сигареты Винстон Блю,539,,230,,,,,,,,,,,,,400,,,230,,,,,,,
Сигареты Винстон Сильвер,539,,233,,,,,,,,,,,,,400,,,233,,,,,,,
Сигареты Парламент Платинум Блю,539,,230,,,,,,,,,,,,,450,,,230,,,,,,,
Сигареты Винстон Классик,549,,240,,,,,,,,,,,,,400,,,240,,,,,,,
Сигареты Парламент аква блю,559,,279,,,,,,,,,,,,,500,,,279,,,,,,,
Сигареты Парламент сильвер блю,619,,279,,,,,,,,,,,,,500,,,279,,,,,,,
Сигареты Парламент One,629,,279,,,,,,,,,,,,,500,,,279,,,,,,,
,,,,,,,,,,,,,,,,,,,,,,,,,,
"МЯСО, РЫБА И СЫР КОПЧЕНОЕ\НАРЕЗНОЕ",новая цена,NEW,Наличие,,,,,,,,,,,,,цена,,,закуп,,,,,,,
Колбаса Микоян сырокопченая 80г,199,64,,,,,,,,,,,,,,199,,,64,,,,,,,
Крабовые палочки 200г,249,85,,,,,,,,,,,,,,249,,,85,,,,,,,
Сосиски МОЛОЧНЫЕ 290Г,349,115,,,,,,,,,,,,,,349,,,115,,,,,,,
Сыр копченый косичка 90г,399,140,,,,,,,,,,,,,,399,,,140,,,,,,,
Рыба Копченная ПОРТ АРТУР Желтый полосатик\,349,140,,,,,,,,,,,,,,349,,,140,,,,,,,
Кольца кальмара\Мясо кальмара сушено-вяленое\ ,349,140,,,,,,,,,,,,,,349,,,140,,,,,,,
Кальмар сушеный\Стружка минтая\ 60г,349,140,,,,,,,,,,,,,,349,,,140,,,,,,,
"Рыбка сушеная желтый полосатик ""Чистое море""",349,145,,,,,,,,,,,,,,349,,,145,,,,,,,
Филе сельди\горбуша/скумбрия 200г,399,200,,,,,,,,,,,,,,399,,,200,,,,,,,
Кальмар Сухогруз сушеныйм70г,399,200,,,,,,,,,,,,,,399,,,200,,,,,,,
Сыр плавленый HOCHLAND\PRESIDENT 150г,449,155,,,,,,,,,,,,,,449,,,155,,,,,,,
Сервелат 300г,499,140,,,,,,,,,,,,,,499,,,140,,,,,,,
Сыр в ассортименте 180г,899,250,,,,,,,,,,,,,,899,,,250,,,,,,,
Сыр плавленый VIOLA Чеддер ломтики 140г,899,250,,,,,,,,,,,,,,899,,,250,,,,,,,
,,,,,,,,,,,,,,,,,,,,,,,,,,
ШОКОЛАД И КОНФЕТЫ,цена,закуп,,,,,,,,,,,,,,,,,,,,,,,,
Набор конфет RAFFAELLO 150Г коробка,800,350,,,,,,,,,,,,,,,,,,,,,,,,
Набор конфет Ферреро Роше 125г коробка,800,350,,,,,,,,,,,,,,,,,,,,,,,,
"Шоколад Чоко энд Натс молочный с цельным фундуком\с миндалем\белый с цельным фундуком, 200г",600,259,,,,,,,,,,,,,,,,,,,,,,,,
"Набор конфет Мерси ассорти, 250 г коробка",800,350,,,,,,,,,,,,,,,,,,,,,,,,
"Набор конфет Тоффифе, 125 г коробка",600,,,,,,,,,,,,,,,,,,,,,,,,,
Шоколад Милка молочный с карамелью\молочный\ с фундуком\миндаль и лесные ягоды 90г,200,85,,,,,,,,,,,,,,,,,,,,,,,,
"Набор конфет ОРЕШКА с цельным фундуком со вкусом сливок, 150 г",500,120,,,,,,,,,,,,,,,,,,,,,,,,
"Набор конфет Дав Promises ассорти, 118г, коробка",750,300,,,,,,,,,,,,,,,,,,,,,,,,
"Набор конфет Родные Просторы с вафельной крошкой, 180 г",450,160,,,,,,,,,,,,,,,,,,,,,,,,
"Шоколад Милка Мммакс Арахис и Карамель, 270 г",850,400,,,,,,,,,,,,,,,,,,,,,,,,
"Конфеты А.Коркунов Шоколадная палитра, 143 г коробка",600,250,,,,,,,,,,,,,,,,,,,,,,,,
Шоколад Альпен Гольд молочный\молочный Орео\с фундуком\ с черникой и йогуртом 80 г,180,70,,,,,,,,,,,,,,,,,,,,,,,,