ВОЛГОГРАД,новая цена,Наличие,New,страна,сорт винограда,крепость,,,,,,цена,закуп
ВИНО БЕЛОЕ СУХОЕ,,,,,,,,,,,,,
"Вино Айси Цинандали белое сухое 0,75 л",1540,,470,Грузия,Ркацители\Мцване Кахури,"12,5",,,,,,1100,400
"Вино Цинандали Алаверди белое сухое 0,75 л",1590,,500,Грузия,Ркацители\Мцване Кахури,12,,,,,,1300,490
"Вино Куумба Шардоне белое сухое 0,75 л",1720,,570,ЮАР,Шардоне,13,,,,,,1200,490
"Вино Эль Ниньо и Ла Луна Бланко белое сухое 0,75 л",1800,,570,Испания,Совиньон Блан,11,,,,,,1500,550
"Вино Кампо Вента Дон Хуан Тиерра де Кастилья белое сухое 0,75 л",1750,,590,Чили,Совиньон Блан,13,,,,,,1600,580
"Вино Н Нивариус белое сухое 0,75 л",1770,,600,Испания,Темпранильо Бланко,"13,5",,,,,,1900,900
Вино Бродлиф Совиньон Блан белое сухое,1820,,630,ЮАР,Совиньон Блан,"12,5",,,,,,1500,550
"Вино Калмеда Совиньон Блан-Москатель белое сухое 0,75 л",1860,,650,Чили,Совиньон Блан\Москатель,12,,,,,,1600,650
"Вино Оушен Свирл Шардоне белое сухое 0,75 л",1900,,650,ЮАР,Шардоне,"12,5",,,,,,1700,650
"Вино Кандиум Вердехо до Руэда белое сухое 0,75 л",1930,,690,Испания,Вердехо,"12,5",,,,,,1700,670
"Вино жемчужное Кашу Фрешку белое сухое 0,75 л",2000,,690,Португалия,Фернау Пирес,"11,5",,,,,,1600,690
Вино Пьетраме Пино Гриджо Терре ди Кьети Абруццо IGP белое сухое ,2180,,830,Италия,Пино Гриджио,"12,5",,,,,,1600,690
"Вино Универсале белое полусухое 0,75 л",2220,,850,Италия,Грилло\Совиньон\Верментино,"13,5",,,,,,1900,830
Вино Маркес Де Касерес Бланко белое сухое 0.75,2440,,970,Испания,Виура/Макабео,12,,,,,,2000,950
"Вино Ла Форшетьер Совиньон Блан белое сухое 0,75 л",2490,,1000,Франция,Совиньон Блан,"11,5",,,,,,2000,1000
"Вино Терра Норте ДО Риас Байшас белое сухое 0,75 л",3390,,1500,Испания,Альбариньо,"13,5",,,,,,2500,1500
Вино Трамонтана Сицилия белое сухое,1450,нет,500,Италия,Треббьяно,11,,,,,,1000,370
"Вино Солторо Вердехо белое сухое 0,75 л",,нет,нет,Испания,Вердехо ,"11,5",,,,,,1100,450
"Вино Ошторошбор Иршаи Оливер белое сухое 0,75 л",,нет,нет,Венгрия,Иршаи Оливер,"11,5",,,,,,1600,500
"Вино Кальдора Мальвазия Шардоне Терре ди Кьети белое сухое 0,75 л",,нет,нет,Италия,Мальвазия/Шардоне,12,,,,,,1600,550
"Вино Умбрия Блан Иль де Боте Казанова белое сухое 0,75 л",,нет,нет,Франция,Верментино/Шардоне,12,,,,,,1700,670
"Вино Маркези Спинола Гави Биолоджико DOCG белое сухое 0,75 л",,нет,нет,Италия,Кортезе,"12,5",,,,,,2500,1500
,,,,,,,,,,,,,
ВИНО БЕЛОЕ ПОЛУСЛАДКОЕ,новая цена,Наличие,New,страна,сорт винограда,крепость,,,,,,цена,закуп
"Вино Кахури Гвинис Марани Алазанская Долина белое полусладкое 0,75 л",1510,,450,Грузия,Ркацители,12,,,,,,1300,350
"Вино Алазанская Долина Алаверди белое полусладкое 0,75 л",1580,,490,Грузия,Ркацители\Кахури Мцване,13,,,,,,1400,400
"Вино Музаради Алазанская Долина белое полусладкое 0,75 л",1590,,500,Грузия,Ркацители\Белые сорта винограда,"12,5",,,,,,1400,400
"Вино Рио Рика Москато белое полусладкое 0,75 л",1680,мало,550,Чили,Москато,12,,,,,,1500,540
"Вино Бадагони Алазанская Долина белое полусладкое 0,75 л",1720,,570,Грузия,Ркацители,"10,5",,,,,,1399,470
"Вино Энгельшайн Либлих белое полусладкое 0,75 л",1820,,630,Германия,Айрен\Треббьяно\Макабео,"9,5",,,,,,1600,600
"Вино Пиккола Джойа Мальвазия Рубиконе ИГТ белое полусладкое 0,75 л",1950,,700,Италия,Мальвазия,9,,,,,,1500,530
"Вино Молоко Любимой Женщины белое полусладкое 0,75 л",2010,,730,Германия,Мюллер-Тургау\Рислинг\Сильванер\Кёрнер,"9,5",,,,,,1700,700
Вино Лизард Рислинг бел.п/сл,2160,,820,Германия,Рислинг,11,,,,,,1800,820
Вино Маркес Де Касерес Сантинела Риоха DOC белое полусладкое,2490,,1000,Испания,"Мальвазия, Виура/Макабео",11.5,,,,,,2000,1000
Вино Трамонтана Сицилия белое полусладкое,,нет,510,Италия,Треббьяно,"10,5",,,,,,1000,390
"Вино Tabla Алазанская Долина белое полусладкое 0,75 л",,нет,нет,Грузия,Ркацители\Цоликоури,"11,5",,,,,,1400,350
,,,,,,,,,,,,,
ВИНО БЕЛОЕ ПОЛУСУХОЕ,новая цена,Наличие,New,страна,сорт винограда,крепость,,,,,,цена,закуп
"Вино Терра де Оро Шардоне белое полусухое 0,75 л",1590,мало,500,Чили,Шардоне,13,,,,,,1500,500
"Вино Вилла Анна Пино Гриджио белое полусухое 0,75 л",1770,,600,Италия,Пино Гриджио,12,,,,,,1500,570
Вино Маре Альта Винью Верде DOC белое полусухое,1950,,700,Португалия,"Аринто/Падерна, Лоурейро",10,,,,,,1600,670
Вино Лизард Рислинг Трокен белое полусухое,2120,,800,Германия,Рислинг,12,,,,,,1700,800
"Вино Вейнцунфт Рислинг Мозель белое полусухое 0,75 л",2180,,830,Германия,Рислинг,12,,,,,,1700,790
"Вино Примо Фиоре Фамозо белое полусухое 0,75 л",2390,,950,Италия,Фамозо,"12,5",,,,,,1900,950
"Вино Зибенштейн Рислинг Пфальц белое полусухое 0,75 л",2440,,970,Германия,Рислинг,12,,,,,,1900,970
"Вино Зибенштейн Совиньон Блан Пфальц белое полусухое 0,75 л",2440,,970,Германия,Совиньон Блан,"12,5",,,,,,1900,970
Вино Макуту Бей Совиньон Блан белое полусухое ,2750,,1150,Новая Зеландия,Совиньон Блан,12,,,,,,2100,1050
,,,,,,,,,,,,,
ВИНО РОЗОВОЕ СУХОЕ,новая цена,Наличие,New,страна,сорт винограда,крепость,,,,,,цена,закуп
"Вино Бродлиф Совиньон Блан розовое сухое 0,75 л",1820,,630,ЮАР,Совиньон Блан\Пино Нуар,"12,5",,,,,,1700,550
"Вино Розато Тоскана Тенуте Россетти розовое сухое 0,75 л",2120,,800,Италия,Санджовезе\Мерло,"12,5",,,,,,1900,800
"Вино Кампо Вента Дон Хуан Тиерра де Кастилья розовое сухое 0,75 л",,нет,нет,Испания,Бобаль,12,,,,,,1500,500
"Вино жемчужное Кашу Фрешку розовое сухое 0,75 л",,нет,нет,Португалия,Арагонеш\Каштелау,"11,5",,,,,,1600,500
,,,,,,,,,,,,,
ВИНО РОЗОВОЕ ПОЛУСУХОЕ,новая цена,Наличие,New,страна,сорт винограда,крепость,,,,,,цена,закуп
"Вино Бриза ду Мар Винью Верде DOC розовое полусухое 0,75 л",1860,,650,Португалия,Виньяу\Амарал\Боррасал,10,,,,,,1600,590
"Вино Маре Альта Винью Верде розовое полусухое 0,75 л",1950,,700,Португалия,Виньаон\Боррасал\Эшпадейро,10,,,,,,1700,670
"Вино Галеоне Примитиво Мерло Розе Апулия розовое полусухое 0,75 л",2180,,830,Италия,Примитиво/Мерло,"12,5",,,,,,1900,770
,,,,,,,,,,,,,
ВИНО КРАСНОЕ СУХОЕ,новая цена,Наличие,New,страна,сорт винограда,крепость,,,,,,цена,закуп
"Вино Саперави красное сухое 0,75 л",1220,,300,Россия,Саперави,11,,,,,,1200,250
"Вино Кинта дель Дуке Виньо Тинто красное сухое 0,75 л",1590,,500,Испания,Темпранильо,11,,,,,,1300,490
"Вино Сол де Плата Мальбек красное сухое 0,75 л",1860,,650,Аргентина,Мальбек,"13,5",,,,,,1500,650
"Вино Марселино Риоха красное сухое 0,75 л",1890,,670,Испания,Темпранильо,"13,5",,,,,,1600,650
"Вино Саперави Бадагони красное сухое 0,75 л",1980,,720,Грузия,Саперави,13,,,,,,1400,720
"Вино Тенуте Дель Неччио Кьянти красное сухое 0,75 л",2040,,750,Италия,"Санджовезе, Мальвазия Нера, Чильеджоло",13,,,,,,1700,700
"Вино Ультимо Бастион Бобаль Гарнача Крианца красное сухое 0,75 л",2120,,800,Испания,Бобаль\Гарнача,"12,5",,,,,,1800,770
"Вино Марселино Риоха Крианза красное сухое 0,75 л",2200,,800,Испания,Темпранильо,"12,5",,,,,,1900,800
"Вино Марселино Ресерва Риоха ДОКа красное сухое 0,75 л",2250,,870,Испания,Темпранильо,"13,5",,,,,,2000,870
"Вино Бариста Пинотаж красное сухое 0,75 л",2490,,1000,ЮАР,Пинотаж,13,,,,,,2100,1000
"Вино Сеньорио Де Ла Ералта Гран Резерва красное сухое 0,75 л",3020,,1300,Испания,Темпранильо,"13,5",,,,,,2300,1300
Вино Маркес Де Касерес Крианса красное сухое 0.75,3120,,1350,Испания,Темпранильо/Гарнача/Грасиано,14,,,,,,2500,1350
"Вино Патриа Чика красное сухое 0,75 л",3210,,1400,Испания,Темпранильо\Гарнача\Мерло\Каберне Совиньон,"14,5",,,,,,2500,1400
"Вино Терраш де Монсараш красное сухое 0,75 л",,нет в наличии,нет в налиии,Португалия,Тринкадейра\Арагонеш\Кастелао,"13,5",,,,,,1700,650
Вино Трамонтана Апулия красное сухое,,нет,500,Италия,Санджовезе,11,,,,,,1000,400
"Вино Мирла Бэй Пино Нуар красное сухое 0,75 л",,нет,нет,Чили,Пино Нуар,"12,5",,,,,,1700,900
"Вино Тенуте Дель Неччио Кьянти Ризерва красное сухое 0,75 л",,нет,нет  ,Италия,Санджовезе,"12,5",,,,,,1800,630
"Вино Бардолино Валлезелле Пьеве Сан Вито красное сухое 0,75 л",,нет,нет,Италия,Корвина\Рондинелла\Молинара\Неграра,13,,,,,,2200,1200
,,,,,,,,,,,,,
ВИНО КРАСНОЕ ПОЛУСЛАДКОЕ,новая цена,Наличие,New,страна,сорт винограда,крепость,,,,,,цена,закуп
"Вино Блэк Бёрд Вестерн Кейп Во красное полусладкое 0,75 л",1510,,450,ЮАР,Пинотаж,"13,5",,,,,,1500,450
"Вино Музаради Киндзмараули красное полусладкое 0,75 л",1590,,500,Грузия,Саперави,11,,,,,,1400,400
"Вино Рио Рика Ред Бленд красное полусладкое 0,75 л",1680,,550,Чили,Каберне Совиньон\Карменер\Шираз,"12,5",,,,,,1600,550
"Вино Мукузани Кахури Гвинис Марани красное сухое 0,75 л",1680,,550,Грузия,Саперави,12,,,,,,1700,450
"Вино Кахури Киндзмараули красное полусладкое 0,75 л",1770,,600,Грузия,Саперави,12,,,,,,1700,590
"Вино Киндзмараули Шалвино красное полусладкое 0,75 л",1950,,700,Грузия,Саперави,12,,,,,,1900,630
"Вино Киндзмараули Бадагони красное полусладкое 0,75 л",2120,,800,Грузия,Саперави,11,,,,,,2000,690
"Вино Киндзмараули Виниверия красное полусладкое 0,75 л",2670,,1100,Грузия,Саперави,12,,,,,,2100,1000
Вино Трамонтана Апулия красное полусладкое,,нет,500,Италия,Санджовезе,"10,5",,,,,,1000,450
"Вино Tabla Киндзмараули красное полусладкое 0,75 л",,нет,нет,Грузия,Саперави,"11,5",,,,,,1500,500
,,,,,,,,,,,,,
ВИНО КРАСНОЕ ПОЛУСУХОЕ,новая цена,Наличие,New,страна,сорт винограда,крепость,,,,,,цена,закуп
"Вино Пиросмани Кахури Гвинис Марани красное полусухое 0,75 л",1680,,550,Грузия,Саперави,"11,5",,,,,,1100,350
"Вино Фортецца деи Колли Негроамаро красное полусухое 0,75 л",2010,,730,Италия,Негроамаро,13,,,,,,1500,700
"Вино Пьетраме Монтепульчано Д`Абруццо красное полусухое 0,75 л",2050,,730,Италия,Монтепульчано,13,,,,,,1600,730
"Вино Бастиони Делла Рокка Аппассименто красное полусухое 0,75 л",2070,,740,Италия,Примитиво\Негроамаро,15,,,,,,1700,730
"Вино Фортецца Деи Колли Примитиво красное полусухое 0,75 л",2080,,770,Италия,Примитиво,"13,5",,,,,,1500,650
"Вино Пьетраме Монтепульчано Д`Абруццо Лимитата кр.полусух 0,75 л",2250,,870,Италия,Монтепульчано,13,,,,,,1800,770
"Вино Виллакьяра Неро Д`Авола Сицилия ДОП красное полусухое 0,75 л",2300,,870,Италия,Неро д'Авола,13,,,,,,1900,870
"Вино Примо Фиоре Ува Лонганези красное полусухое 0,75 л",2310,,900,Италия,Ува Лонганези,"13,5",,,,,,1900,900
"Вино Эпикуро Примитиво красное полусухое 0,75 л",2360,,930,Италия,Примитиво,14,,,,,,1900,850
"Вино Пино Нуар Лесс Зибенштейн красное полусухое 0,75 л",2440,,970,Германия,Пино Нуар,"12,5",,,,,,2000,950
"Вино Баррелая красное полусухое 0,75 л",2490,,1000,Италия,Мерло\Каберне Совиньон\Сира/Шираз\Санджовезе,"13,5",,,,,,2100,1000
"Вино Кьянти Ризерва красное полусухое 0,75 л",2670,,1100,Италия,Санджовезе\Мерло,13,,,,,,2000,950
"Вино Неро ди Тройя красное полусухое 0,75 л",2850,,1200,Италия,Неро ди Троя,15,,,,,,2200,1200
"Вино Орапьена Монтепульчано д'Абруццо Ризерва красное полусухое 0,75 л",3020,,1300,Италия,Монтепульчано,"13,5",,,,,,2200,1100
"Вино Сузуманьелло Гран Аппассо красное полусухое 0,75 л",3100,,1300,Италия,Сузуманьелло,"14,5",,,,,,2300,1300
Вино ВайНот?! IGP красное полусухое,3210,,1400,Италия,Зинфандель,15,,,,,,2500,1400
"Вино Спенсер Бэй Пинотаж красное полусухое 0,75 л",,нет,нет ,ЮАР,Пинотаж,"13,5",,,,,,1400,570
"Вино Кальдора Санджовезе Мерло красное полусухое 0,75 л",,нет,нет ,Италия,Санджовезе\Мерло,"13,5",,,,,,1500,500
"Вино Кот де Сомме Пино Нуар красное полусухое 0,75 л",,нет,нет ,Франция,Пино Нуар,14,,,,,,1800,850
,,,,,,,,,,,,,
ПОРТВЕЙН,новая цена,Наличие,New,страна,сорт винограда,крепость,,,,,,,
"Вино ликерное ПОРТВЕЙН Красный Гурзуф крепкое красное 0,75 л",1510,,450,Россия,Бастардо\Магарачский\Каберне Совиньон\Саперави,17,,,,,,,
"Вино ликерное Массандра Портвейн Белый Крымский 0,75 л",1550,,450,Россия,Кокур\Ркацители\Алиготе,"17,5",,,,,,,
"Вино ликерное Портвейн белый Гурзуф Крым крепкое белое 0,75 л",1600,,500,Россия,Кокур\Первенец Магарача\Шардоне\Алиготе\Ркацители\Мускат\Италия\Мускат Янтарный,17,,,,,,,
"Портвейн Гравураш ду Коа Порто Руби красный сладкий 0,75 л",2490,,1000,Португалия,Турига Франка\Тинта Баррока\Тинта Амарела\Тинта Рориш,19,,,,,,,
,,,,,,,,,,,,,
"ВОДКА 0,5л",новая цена,Наличие,New,,,,,,,,,цена,закуп
"Водка Зимняя деревенька на солодовом спирте 0,5",1460,,430,,,,,,,,,1100,360
"Водка Тундра Аутентик 0,5",1480,,440,,,,,,,,,1000,390
"Водка Русский Стандарт Голд 0,5",1590,,500,,,,,,,,,1100,450
"Водка Белая Березка 0,5",1680,,550,,,,,,,,,1100,420
"Водка виноградная Найт Габриелло Граппа Нобиле 0,5 л",2490,,1000,,,,,,,,,1800,1000
"Водка Белуга Нобл 0,5 л",2850,,1200,,,,,,,,,2200,1100
"Водка ЧИСТЫЕ РОСЫ 40% 0,5Л ",2900,бристоль,1200,,,,,,,,,2500,1150
"Водка АБСОЛЮТ 40% 0,5Л ",,нет,нет,,,,,,,,,2600,1500
"Водка Белый чай имбирь 0,5 л",,нет,нет,,,,,,,,,1600,750
,,,,,,,,,,,,,
"ВОДКА 0,7л",новая цена,Наличие,New,,,,,,,,,цена,закуп
"Водка Зимняя Деревенька на солодовом спирте  0,7",1750,,590,,,,,,,,,1300,490
"Водка Тундра Аутентик 0,7",1770,,600,,,,,,,,,1200,460
"Водка Пять Озер 0,7",1810,,620,,,,,,,,,1200,490
"Водка Русский Стандарт  0,7",1950,,700,,,,,,,,,1400,620
"Водка Белая Березка  0,7",1970,,710,,,,,,,,,1400,590
"Водка БЕЛУГА ТРАНСАТЛАНТИК РЕЙСИНГ 40% 0,7Л",3840,,1750,,,,,,,,,2700,990
"Водка Суммум 0,7 л",3920,,1800,,,,,,,,,3000,1750
"Водка ЧИСТЫЕ РОСЫ 40% 0,7Л ",4000,,1800,,,,,,,,,2700,1400
"Водка АБСОЛЮТ 40% 0,7Л ",,нет,нет,,,,,,,,,2800,1800
,,,,,,,,,,,,,
ВОДКА 1л,новая цена,Наличие,New,,,,,,,,,цена,закуп
Водка Зимняя Деревенька на солодовом спирте 1л,2120,бристоль,800,,,,,,,,,1500,750
Водка Пять Озер 1л,2200,,800,,,,,,,,,,
Водка Белая Березка 1Л,2390,,950,,,,,,,,,1600,760
Водка Русский Стандарт 1л,2400,,950,,,,,,,,,1600,830
Водка Медведь 1 л,2650,,1090,,,,,,,,,1700,900
Водка особая Немирофф пшеница 1л,,,,,,,,,,,,,
,,,,,,,,,,,,,
"ВИСКИ 0,5л",новая цена,Наличие,New,,,,,,,,,цена,закуп
"Виски Наки Томпсон 3 года купажированный 0,5",2210,,840,,,,,,,,,1500,780
"Виски Вильям Лоусонс не менее 3 лет купажир. 0,5",2490,,1000,,,,,,,,,1600,900
"Виски Вильям Лоусонс Супер Спайсд купажир. 0,5 л",2500,,1000,,,,,,,,,2000,900
"Виски шотландский купажированный ЧИВАС РИГАЛ 12 ЛЕТ 0,5",5720,,2800,,,,,,,,,,5100
"Виски ДЖОННИ УОКЕР РЭД ЛЕЙБЛ 40% 0,5Л",,нет,нет,,,,,,,,,2700,1399
"Виски бурбон ДЖИМ БИМ 4 ГОДА БЕЛ. ЭТИК. 40% 0,5Л ",,нет,нет,,,,,,,,,3000,1750
,,,,,,,,,,,,,
"ВИСКИ 0,7л",новая цена,Наличие,New,,,,,,,,,цена,закуп
"Виски купажированный шотландский Нобл Стаг 3 года 0,7 л",2290,,890,,,,,,,,,1400,640
"Виски Наки Томпсон 3 года купажированный 0,7",2670,,1100,,,,,,,,,1800,950
"Виски купажированный шотландский Сир Эдвардс 0,7 л",2850,,1200,,,,,,,,,1900,1190
"Виски Вильям Лоусонс не менее 3 лет купажированный 0,7",3020,,1300,,,,,,,,,1900,899
"Виски Вильям Лоусонс Супер Спайсд выдержка 3 года 0,7 л",3100,,1300,,,,,,,,,2400,1050
"Виски шотландский купажированный БАЛЛАНТАЙНС ФАЙНЕСТ 40% 0,7Л",4280,,2000,,,,,,,,,3800,1700
"Виски ДЖОННИ УОКЕР РЭД ЛЕЙБЛ 40% 0,7Л",4650,,2200,,,,,,,,,2900,1399
Виски ДЖОННИ УОКЕР РЭД ЛЕЙБЛ 40% 1Л,5010,мало,2400,,,,,,,,,3300,1600
"Виски бурбон ДЖИМ БИМ 4 ГОДА 40% 0,7Л",5180,,2500,,,,,,,,,3200,2150
"Виски ирландский купажированный ДЖЕМЕСОН 40% 0,7Л ",5720,,2800,,,,,,,,,3700,1590
"Виски купажированный ХАТОЗАКИ 3 ГОДА 40% 0,7Л ",7880,бристоль,4000,,,,,,,,,4000,3000
"Виски шотландский купажированный ЧИВАС РИГАЛ 12 ЛЕТ П/УП. 0,7Л ",7900,,4000,,,,,,,,,5500,3299
"Виски шотландский ЧИВАС РИГАЛ 18 ЛЕТ 40% П/УП. 0,7Л",20450,очень мало,11000,,,,,,,,,12000,10900
Виски ирланский Поугс оригинальный (черный) 0.7л,,нет,1900,,,,,,,,,3000,1999
Виски ирланский Поугс фруктовая мята и лайм (красный) 0.7л,,нет,1900,,,,,,,,,3000,1900
Виски ирланский Поугс медовый (оранжевый) 0.7л,,нет,1900,,,,,,,,,3200,2480
"Виски шотландский ДЖОННИ УОКЕР ГОЛД ЛЕЙБЛ 40% П/УП. 0,7Л",,нет,9000,,,,,,,,,11000,7199
"Виски Джонни Блонде 0,7 л",,нет,нет,,,,,,,,,2600,1800
"Виски бурбон ДЖИМ БИМ РАЙ ЗЕРНОВОЙ 40% 0,7Л",,нет,нет,,,,,,,,,3900,2900
Виски шотландский купажированный ЧИВАС РИГАЛ 12 ЛЕТ П/УП. 1Л ,,нет,нет,,,,,,,,,6800,5100
Виски ирландский купажированный БУШМИЛЗ ОРИДЖИНАЛ 3 ГОДА 40% 1Л,,нет,нет,,,,,,,,,4100,2990
"Виски шотландский МАКАЛЛАН ДАБЛ КАСК ГОЛД 3 ГОДА 40% П/УП. 0,7Л ",,нет,нет,,,,,,,,,13000,10500
,,,,,,,,,,,,,
"КОНЬЯК 0,5л",новая цена,Наличие,New,,,,,,,,,цена,закуп
"Коньяк ординарный Армянский Коньяк 5 лет 0,5 л",1880,,660,,,,,,,,,1200,560
"Коньяк Кочари 5 лет 0,5",1950,,700,,,,,,,,,1500,680
"Коньяк Фазерс Олд Баррель не менее 5 лет 0,5 л",1980,,720,,,,,,,,,1400,600
"Коньяк Фанагория 5 лет 0,5 л",2040,,750,,,,,,,,,1300,610
"Коньяк Старейшина 5 лет 0,5",2160,,820,,,,,,,,,1500,740
"Коньяк Армянский Кочари 7 лет подарочный п/к 0,5",2180,,830,,,,,,,,,1700,740
"Коньяк Ной Традиционный 5 лет 0,5",2490,,1000,,,,,,,,,1700,850
Коньяк Старейшина 7 лет 0.5,2500,,1000,,,,,,,,,1800,770
"Коньяк Армянский Арарат 5 лет п/к 0,5",3020,,1300,,,,,,,,,1900,1200
"Бренди ТОРРЕС 5 СОЛЕРА РЕЗЕРВА 38% 0,5Л ",3210,,1400,,,,,,,,,2200,940
"Коньяк КУРВУАЗЬЕ ВС 40% 0,5Л",6080,бристоль,3000,,,,,,,,,5100,4500
"Коньяк РЕМИ МАРТАН ВСОП 40% 0,5Л ",,нет,нет,,,,,,,,,5700,3500
"Коньяк ХЕННЕССИ ВСОП 40% П/УП. 0,5Л ",,нет,нет,,,,,,,,,6000,5000
"Коньяк МАРТЕЛЬ ЭЙДЖД ИН РЕД БАРРЕЛС ВСОП 4 ГОДА 40% 0,5Л",,нет в наличии,нет в наличии,,,,,,,,,5200,-
,,,,,,,,,,,,,
"КОНЬЯК 0,7л",новая цена,Наличие,New,,,,,,,,,цена,закуп
"Коньяк КУРВУАЗЬЕ ВС 40% П/УП. 0,7Л ",9130,,4700,,,,,,,,,6300,5150
"Коньяк ординарный МАРТЕЛЬ ВС 3 ГОДА 40% 0,7Л",9680,,5000,,,,,,,,,6800,4700
Коньяк ординарный РЕМИ МАРТАН ХО 0.7Л ,36610,МАЛО,20000,,,,,,,,,25000,22000
"Коньяк КУРВУАЗЬЕ ХО 40% П/УП. 0,7Л ",38410,,21000,,,,,,,,,23000,21000
Коньяк ординарный РЕМИ МАРТАН ВСОП 4 ГОДА 40% 1Л,,нет в наличии,7400,,,,,,,,,9200,7400
"Коньяк Мартель XO Экстра Олд п/к 0,7 л",,нет в наличии,нет в наличии,,,,,,,,,24000,23000
,,,,,,,,,,,,,
"РОМ 0,5л",новая цена,Наличие,New,,,,,,,,,цена,закуп
"Ром Капитан Жан Лафитт дарк 0,5 л",1590,,500,,,,,,,,,,
"Напиток спиртной на основе рома Оакхарт Ориджинал Бакарди 0,5",2310,,900,,,,,,,,,1700,799
"Ром БАРСЕЛО АНЬЕХО ВЫДЕРЖАННЫЙ 37,5-40% ТЕМН. 0,5Л ",3750,,1700,,,,,,,,,2200,1470
,,,,,,,,,,,,,
"РОМ 0,7л",новая цена,Наличие,New,,,,,,,,,цена,закуп
"Спиртной напиток ромовый КУЛ СКЕЛЕТОН КОКОС 37,5% 0,7Л",1890,"кб, бристоль",670,,,,,,,,,,
"Спиртной напиток ромовый КУЛ СКЕЛЕТОН МАНГО МАРАКУЙЯ 37,5% 0,7Л",1900,"кб, бристоль",670,,,,,,,,,,
"Ром КОППЕР ШАРК 38% 0,7Л",1850,бристоль,670,,,,,,,,,,
"Ром Мама Джама Блэк выдержанный 0,7 л",2040,"кб, бристоль",750,,,,,,,,,1699,700
"Ром Блэк Пирл Уайт 0,7 л",2490,"кб, бристоль",1000,,,,,,,,,,
"Ром выдержанный БЛЭК ПИРЛ ДАРК 37,5% 0,7Л",2500,"кб, бристоль",1000,,,,,,,,,,
"Набор коктейль ОАКХАРТ ОРИДЖИНАЛ СПАЙСД ГОЛД С РОМОМ 35% П/УП. 0,7Л + RICH COLA 2ШТ
",2490,бристоль,1000,,,,,,,,,,
"Напиток спиртной на основе рома Оакхарт Ориджинал Бакарди 0,7",2850,,1200,,,,,,,,,2000,1000
"Ром выдержанный ДЭД МЭН'С ФИНГЕРС БЕЛЫЙ 37,5% 0,7Л",2900,бристоль,1200,,,,,,,,,,
"Ром САНГСОМ выдержанный 40%, 0.7L",3020,,1300,,,,,,,,,,
"Ром выдержанный БАРСЕЛО ДОРАДО 37,5-40% 0,7Л ",3100,бристоль,1300,,,,,,,,,2400,1600
"Ром невыдержанный ОЛД МОНК БЕЛЫЙ 42,8% 0,75Л",3210,бристоль,1400,,,,,,,,,,
"Ром выдержанный ОЛД МОНК 7 ЛЕТ 42,8% 0,75Л",3390,бристоль,1500,,,,,,,,,,
"Напиток на осн. рома КАПИТАН МОРГАН ПРЯНЫЙ ЗОЛОТОЙ 35% 0,7Л",3400,,1500,,,,,,,,,2500,1850
"Ром ДЭД МЭН’С ФИНГЕРС ПРЯНЫЙ РОМ 37,5% 0,7Л",3650,бристоль,1650,,,,,,,,,2300,1650
"Ром Контрабандо 5 лет 0,7 л",4280,,2000,,,,,,,,,,
"Ром Бругал Аньехо Супериор 0,7 л",4300,,2000,,,,,,,,,4499,2400
"Ром Matusalem Solera 7 лет, 0.7л",4650,"кб, метро",2200,,,,,,,,,,
"Ром  ГАВАНА КЛУБ ОРИДЖИНАЛ АНЬЕХО 3 ГОДА БЕЛ. 0,7Л ",5180,,2500,,,,,,,,,3100,1650
"Ром ЗАКАПА СЭНТЭНАРИО СОЛЕРА ГРАН РЕЗЕРВА 23 ГОДА 40% П/УП. 0,7Л",13260,бристоль,7000,,,,,,,,,9000,7800
"Напиток на основе рома КАПИТАН МОРГАН ЧЕРНЫЙ ПРЯНЫЙ 40% 0,7Л",,нет,2500,,,,,,,,,3300,2500
Ром Ботукал Мантуано 0.7л,,нет,нет,,,,,,,,,4300,3000
,,,,,,,,,,,,,
ТЕКИЛА,новая цена,Наличие,New,,,,,,,,,цена,закуп
"Напиток спиртной текила Дон Чику Золото 0,5 л",2120,,800,,,,,,,,,,
"Текила Ольмека Сильвер 38% 0,7л ",3750,,1700,,,,,,,,,4499,2750
"Текила Ольмека Голд 38% 0,7л ",3800,,1700,,,,,,,,,4999,2070
"Текила Хосе Куэрво Эспесиаль Сильвер 38% 0,7л",4280,,2000,,,,,,,,,3000,1700
"Текила Хосе Куэрво Репосадо 38% 0,7л",4300,,2000,,,,,,,,,3000,1700
"Спиртной напиток ТЕКИЛА АСИЕНДА ВЬЕХА БЛАНКО 40% 0,75Л",6080,бристоль,3000,,,,,,,,,4000,2000
"Спиртной напиток ТЕКИЛА АСИЕНДА ВЬЕХА РЕПОСАДО 40% 0,75Л",6100,бристоль,3000,,,,,,,,,4000,2100
"Текила ЭСПОЛОН БЛАНКО 40% 0,75Л",6390,,3170,,,,,,,,,3700,2690
"Спиртной напиток ТЕКИЛА СИЕРРА РЕПОСАДО 38% 0,7Л",,нет,2000,,,,,,,,,2600,2400
"Спиртной напиток ТЕКИЛА СИЛЬВЕР ЛА МИСЬОН ДЕЛЬ СИГЛО 21 40% 0,75Л",,нет,нет,,,,,,,,,2500,2650
"Текила САУЗА АСЬЕНДА ГОЛД 38% 0,7Л",,нет,нет,,,,,,,,,3200,2600
"Текила САУЗА АСЬЕНДА СИЛЬВЕР 38% 0,7Л",,нет,нет,,,,,,,,,3100,1600
,,,,,,,,,,,,,
ДЖИН,новая цена,Наличие,New,,,,,,,,,цена,закуп
"Джин Фримен Пинк 40% 0,5л.",1350,,370,,,,,,,,,1199,360
"Джин Фримен 40% 0,5л.",1320,,350,,,,,,,,,1199,360
"Джин Барристер 40% 0,7л",1950,,700,,,,,,,,,1699,700
"Джин Барристер блю 40% 0,7л",2000,,700,,,,,,,,,1699,700
"Джин ГИБСОН'С ЛОНДОН ДРАЙ 37,5% 0,7Л",3390,бристоль,1500,,,,,,,,,1500,950
"Джин ГОРДОНС 37,5% СУХ. 0,7Л",4280,,2000,,,,,,,,,2700,2140
"ПИКИ БЛАЙНДЕР СПАЙС ДРАЙ 40% 0,7Л",,нет,нет,,,,,,,,,1600,1190
"Джин ПИКИ БЛАЙНДЕР СПАЙС ДРАЙ 40% 0,7Л",,нет,нет,,,,,,,,,1900,1299
"Джин БИФИТЕР ЛОНДОН ДРАЙ 40% 0,7Л",,нет,нет,,,,,,,,,3200,2450
"Джин ХЕНДРИКС 44% 0,7Л",,нет,нет,,,,,,,,,5000,4000
,,,,,,,,,,,,,
ЛИКЕР,новая цена,Наличие,New,,,,,,,,,цена,закуп
"Ликер десертный ЛИМОНЧЕЛЛО 18% 0,5Л",1380,бристоль,380,,,,,,,,,1300,380
"Спиртной напиток десертный АПЕРОЛЬ 11% СЛ. 0,7Л",3920,,1800,,,,,,,,,2600,1400
"Ликер десертный ЯГЕРМАЙСТЕР 35% 0,7Л",4280,,2000,,,,,,,,,3200,1420
"Ликер десертный КАМПАРИ 25% 0,75Л",4610,,2180,,,,,,,,,2800,1900
"Ликер Куантро крепкий 0,7 л",4650,мало,2200,,,,,,,,,3200,1900
"Ликер эмульсионный БЭЙЛИС СЛИВОЧНЫЙ ОРИГИНАЛЬНЫЙ 17% 0,7Л",4820,,2300,,,,,,,,,3000,2300
"Ликер крепкий САМБУКА МОЛИНАРИ 40% 0,7Л",4930,бристоль,2360,,,,,,,,,2900,2100
"Спиртной напиток Джек Дэниелс Теннеси Хани Ликер 0,7 л",5720,бристоль,2800,,,,,,,,,3100,2800
Ликер десертный ЯГЕРМАЙСТЕР 35% 1Л,,нет,нет,,,,,,,,,3800,1650
"Ликер десертный САН ЛОРЕНЦО ЛИМОНЧЕЛЛО 25% 0,5Л",,нет,нет,,,,,,,,,1300,350
"Ликер крепкий ЛОРЕНЦО ГАСПАРИНИ САМБУКА 40% 0,5Л",,нет,нет,,,,,,,,,1300,450
Напиток спирт. Апероль (аперитив) 1л,,нет,нет,,,,,,,,,2900,1600
,,,,,,,,,,,,,
"ПРОСЕККО, БРЮТ",новая цена,Наличие,New,страна,сорт винограда,крепость,,,,,,цена,закуп
"Вино игристое Российское Премиум белое брют 0,75 л",1120,,240,Россия,Белые сорта винограда,11,,,,,,1100,240
Вино игристое Шато Тамань РОЗОВОЕ брют 0.75,1320,,350,Россия,Пино Блан/Мюллер/Мускат/Саперави,"12,5",,,,,,1100,320
"Вино игристое Российское Фанагория белое брют 0,75 л",1580,,490,Россия,Шардоне/Алиготе/Пино Нуар/Рислинг,12,,,,,,1300,450
"Вино игристое ВёВ Албан белое брют 0,75 л",1860,,650,Франция,Айрен,11,,,,,,1600,550
"Вино игристое Вёв Албан розовое брют 0,75 л",1890,,670,Россия,Айрен,"11,5",,,,,,1600,600
"Вино игристое Проссимо спуманте белое брют 0,75 л",2080,,770,Италия,Гарганега,11,,,,,,1700,630
"Вино игристое Кава Арте Латино розовое брют 0,75 л",2160,,820,Испания,Трепат\Пино Нуар,"11,5",,,,,,1700,750
"Вино игристое Креман де Луар Домен д`Аврийе белое брют 0,75 л",3020,,1300,Франция,Шардоне\Пино Нуар\Шенен Блан,11,,,,,,3000,1300
Вино игристое Мартини Брют бел.брют,3210,,1400,Италия,"Треббьяно, Шардоне","11,5",,,,,,2000,1200
"Вино игристое Корте дей Рови Просекко Экстра Драй DOC белое сухое 0,75 л",3370,,1490,Италия,Глера/Просекко,11,МАЛО,,,,,2000,1490
Игристое вино Просекко Мартини белое сухое,3390,,1500,Италия,Глера/Просекко,"11,5",,,,,,2100,1190
Вино игристое Мондоро Просекко защ.геогр.ук.бел.сух,3840,,1750,Италия,Глера/Просекко,11,,,,,,2200,1380
"Вино игристое Кюве ДиПи Традишн Давид Порэ белое брют 0,75 л",5180,мало,2500,Франция,Шардоне/Пино Нуар/Пино Менье,"12,5",,,,,,3900,2500
"Вино игристое Шампань Де Корветте Премье Крю белое брют 0,75 л",9130,,4700,Франция,Шардоне/Пино Нуар/Пино Менье,"12,5",,,,,,7000,4700
"Вино игристое выдержанное Моэт и Шандон Империаль белое брют 0,75 л",12260,,6440,Франция,Шардоне/Пино Нуар/Пино Менье,12,,,,,,9000,5900
"Вино игристое Вальпьяна Миллезимато Экстра Драй белое брют 0,75 л",,нет,нет,Италия,Глера,11,,,,,,1600,400
,,,,,,,,,,,,,
АСТИ,новая цена,Наличие,New,страна,сорт винограда,крепость,,,,,,цена,закуп
"Вино игристое Российское Премиум белое полусладкое 0,75 л",1120,,240,Россия,Белые сорта винограда,12,,,,,,1100,240
"Вино игристое Советское Шампанское белое полусладкое 0,75 л",1220,бристоль,300,Россия,Шардоне/Совиньон Блан/Алиготе/Рислинг/Кокур,11,,,,,,1100,280
"Вино игристое Массимо Висконти Ламбруско белое сладкое 0,75 л",1750,,590,Италия,Ламбруско,"7,5",,,,,,1500,500
"Вино игристое Исси Мальвазия Спуманте белое сладкое 0,75 л",2440,,970,Италия,Мальвазия/Мускат,7,,,,,,1800,900
"Вино игристое Атто Примо Асти белое сладкое 0,75 л",2480,,990,Италия,Мускат,"7,5",,,,,,1900,990
Вино игристое Сант Орсола Асти DOCG белое сладкое,2490,,1000,Италия,Мускат,7,,,,,,1800,880
Вино игристое Чинзано Асти DOCG бел.сл,3210,,1400,Италия,Мускат,7,,,,,,2000,1190
Игристое вино Мартини Асти Пьемонт бел.сл,3390,,1500,Италия,Мускат,"7,5",,,,,,2100,1290
Вино игристое Мондоро Асти DOCG бел.сл,3840,,1750,Италия,Мускат,"7,5",,,,,,2200,1470
Напиток винный газ. Ламбруско Розато п/сл 0.75,,нет,нет,Россия,,8,,,,,,1000,200
Напиток винный газ. Ламбруско Бьянко п/сл 0.75,,нет,нет,Россия,,8,,,,,,1000,250
"Вино игристое Линда Донна Асти DOCG белое сладкое 0,75 л",,нет,нет,Италия,Мускат,"7,5",,,,,,1700,850
"Вино игристое Фальдео Асти DOCG белое сладкое 0,75 л",,нет,нет,Италия,Мускат,7,,,,,,1700,нет в наличии
,,,,,,,,,,,,,
ВЕРМУТ,новая цена,Наличие,New,,,,,,,,,цена,закуп
Вермут Чеаро Бьянко 1 л,1460,,430,,,,,,,,,1300,300
"Вермут Чинзано Бьянко белый сладкий 0,5 л",2120,,800,,,,,,,,,1600,1100
"Вермут Мартини Экстра Драй белый сухой 0,75 л",2850,,1200,,,,,,,,,1900,1150
"Вермут Мартини Бьянко белый сладкий 0,75 л",2900,,1200,,,,,,,,,1900,1000
"Вермут Мартини Фиеро сладкий 0,75 л",2850,,1200,,,,,,,,,1900,950
Вермут ЧИНЗАНО БЬЯНКО 15% БЕЛ. СЛ. 1Л,3210,бристоль,1400,,,,,,,,,2000,1200
"Вермут Каза Позитано Бьянко белый сладкий 0,75 л",,нет в наличии,нет в наличии,,,,,,,,,1500,790
,,,,,,,,,,,,,
ПИВО,новая цена,Наличие,New,,,,,,,,,цена, закуп 
"пиво Рижское светлое ст 0,45 л",149,,50,,,,,,,,,,
жигулевское 0.5 л,169,,50,,,,,,,,,150,50
"Пиво Жигули Барное светлое ст 0,31 л",179,,53,,,,,,,,,,
"Сидр Мистер Лис Яблоко ж/б 0,43 л",199,,64,,,,,,,,,,
"Пиво БАЛТИКА КЛАССИЧЕСКОЕ №3 СВЕТЛ. ФИЛЬТР. ПАСТЕР. СТ/Б 0,5Л",199,,64,,,,,,,,,,
"Пиво Белорусское светлое фильтрованное пастеризованное ст 0,5 л",209,,67,,,,,,,,,,
"Пиво LOWENBRAU ОРИГИНАЛЬНОЕ СВЕТЛ. ФИЛЬТР. ПАСТЕР. Ж/Б 0,45Л",219,,68,,,,,,,,,,
"Пиво СТАРЫЙ МЕЛЬНИК ИЗ БОЧОНКА МЯГКОЕ СВЕТЛ. ФИЛЬТР. ПАСТЕР. СТ/Б 0,45Л",219,,70,,,,,,,,,,
"Пиво КРУШОВИЦЕ СВЕТЛ. ФИЛЬТР. ПАСТЕР. Ж/Б 0,43Л",219,,70,,,,,,,,,,
"Пиво VELKOPOPOVICKY KOZEL СВЕТЛ. ФИЛЬТР. ПАСТЕР. Ж/Б 0,45Л",229,,82,,,,,,,,,,
Хугарден,229,,90,,,,,,,,,200,80
"Пиво Белджиан Крон Вайцен светлое нефильтрованное пастеризованное ж/б 0,5 л",229,,90,,,,,,,,,,
"Пиво Белджиан Крон Лагер светлое ж/б 0,5 л",229,,90,,,,,,,,,250,90
"Сидр Бон Сезон ст 0,4 л",239,,90,,,,,,,,,,
"Пивной напиток KRONE BLANCHE BIERE СВЕТЛ. НЕФИЛЬТР. ПАСТЕР. СТ/Б 0,45Л",239,,90,,,,,,,,,,
Козел светлое/темное,239,,95,,,,,,,,,200,80
"Пиво Fiery Shield светлое фильтрованное ст 0,33 л (АНАЛОГ КОРОНЫ)",239,,95,,,,,,,,,350,95
"Эсса(Дыня-клубника,Кокос-манго,Ананас-грейпфрут)",249,,85,,,,,,,,,250,70
шпатен 0.5 л ,319,,125,,,,,,,,,300,130
"Напиток пивной Корона Экстра светлое пастеризованное ст 0,355 л",329,,130,,,,,,,,,,
Пиво Bud 0.5 л (стяжка 4шт),999,,360,,,,,,,,,999,75
"Пиво Стелла Артуа светлое ст 0,44 л (стяжка 4шт)",1199,,430,,,,,,,,,1199,80
"Пиво Хопфендорф Шварцбир темное ж/б 0,5 л",,нет,нет,,,,,,,,,250,80
"Пиво Хопфендорф Шварцбир темное фильтрованное пастеризованное ж/б 0,5 л",,нет,нет,,,,,,,,,250,80
чешское 0.5 л,,нет,нет,,,,,,,,,200,70
"Пиво Хоп Райдер Уит Пэйл Эль светлое ж/б 0,33 л",,нет,нет,,,,,,,,,150,80
"Пиво Хоп Райдер Экстра Стаут темное ж/б 0,33 л",,нет,нет,,,,,,,,,150,80
"Пиво Евротур Шварц темное фильтрованное пастеризованное ж/б 0,5 л",,нет,нет,,,,,,,,,200,80
,,,,,,,,,,,,,
ПИВО 1л и больше,новая цена,Наличие,New,,,,,,,,,цена,
"Пиво БЕЛЫЙ МЕДВЕДЬ СВЕТЛ. ФИЛЬТР. ПАСТЕР. ПЭТ 1,15Л",299,,79,,,,,,,,,300,
"Пиво ЖИГУЛЕВСКОЕ ТРАДИЦИОННОЕСВЕТЛ. ФИЛЬТР. 1,2Л",359,,100,,,,,,,,,250,
"Пиво СТАРЫЙ МЕЛЬНИК ИЗ БОЧОНКА МЯГКОЕ СВ.ФИ. 0,9л",369,,100,,,,,,,,,250,
"Пиво Австрийское светлое ПЭТ 1,5 л",379,,112,,,,,,,,,300,
"Пиво Живая Варка светлое ПЭТ 1,5 л",389,,115,,,,,,,,,300,
"Пиво Рижское светлое ПЭТ 1,3 л",399,,115,,,,,,,,,200,
"Пиво Пшеничное мягкое ПЭТ 1,5 л",419,,147,,,,,,,,,300,
"Пиво TUBORG GREEN СВЕТЛ. ФИЛЬТР. ПАСТЕР. ПЭТ 1,35Л",429,,150,,,,,,,,,350,
Разливное светлое фильтрованное 1л,449,180,130,,,,,,,,,400,
Разливное светлое нефильтрованное 1л,449,180,130,,,,,,,,,400,
Разливое темное 1л,459,190,130,,,,,,,,,450,
"Пиво ГЁССЕР СВЕТЛ. ФИЛЬТР. ПАСТЕР. ПЭТ 1,2Л",,нет,нет,,,,,,,,,300,
"Пиво CARLSBERG СВЕТЛ. ФИЛЬТР. ПАСТЕР. ПЭТ 1,35Л",,нет,нет,,,,,,,,,300,
"Пиво Nord Land Beer светлое крепкое фильтрованное 1,2 л",,нет,нет,,,,,,,,,250,
,,,,,,,,,,,,,
НАПИТКИ Б\А,новая цена,наличие,закуп,,,,,,,,,,
Вода Аква Минерале газированная 2 л,169,,70,,,,,,,,,,
Вода Аква Минерале негаз 2 л,169,,70,,,,,,,,,,
"Минеральная вода Заветный родник негазированная 1,5 л",149,,50,,,,,,,,,,
"Вода Аква Люкс газ 1,5 л",149,,50,,,,,,,,,,
Вода минеральная Аш Тау Скважина 6К газированная 1 л,99,,35,,,,,,,,,,
Напиток ДОБРЫЙ КОЛА ГАЗ.  1Л,299,,100,,,,,,,,,,
Сок RICH ВИШНЯ 1Л,389,,180,,,,,,,,,,
Сок RICH ТОМАТ 1Л,349,,160,,,,,,,,,,
Сок RICH АПЕЛЬСИН\АНАНАС\ГРЕЙПФРУТ 1Л,399,,190,,,,,,,,,,
Сок Сады Придонья томатный с солью с мякотью\яблоко 1 л,339,,150,,,,,,,,,,
"Напиток НАТАХТАРИ ГРУША\ФЕЙХОА\САПЕРАВИ СТ/Б 0,5Л",299,,108,,,,,,,,,,
"Напиток LIPTON ЗЕЛЕНЫЙ ЧАЙ\ЧЕРНЫЙ ЛИМОН НЕГАЗ. 0,5л",249,,90,,,,,,,,,,
Напиток Рич индиан тоник\биттер лимон сильногазированный 1 л,319,,135,,,,,,,,,,
Газированный напиток Эвервесс Биттер Лимон 1 л,239,,80,,,,,,,,,,
"Газированный напиток Старые Добрые Традиции Лимонад ст 0,5 л",159,,40,,,,,,,,,,
"Квас Добрый хлеб фильтрованный пастеризованный 1,5 л",169,,50,,,,,,,,,,
"Чай IceTea Лимон\лесные ягоды\малина 0,5 л",139,,50,,,,,,,,,,
"Минеральная вода Ессентуки Целебная газированная ст 0,5 л",129,,40,,,,,,,,,,
"Нектар Сады Придонья мультифрутовый\яблоко\черешня 0,95 л",399,,209,,,,,,,,,,
Газированный напиток Экспорт Стаил Классик Кола 2 л,299,,100,,,,,,,,,,
,,,,,,,,,,,,,
ЭЛЕКТРОНКИ,новая цена,Наличие,New,,,,,,,,,цена,
бристоль или любой продуктовый/вейпшоп,,,,,,,,,,,,,
Электронная одноразовая система от 2000тяг,3599,,1900,,,,,,,,,1500,
"(дыня, кола, банан, ягодный микс, клубничный коктейль,",,,,,,,,,,,,,
"гуава-маракуйа, малина-арбуз, яблоко, мармелад, манго",,,,,,,,,,,,,
Электронная одноразовая система от 5000тяг,4199,,2500,,,,,,,,,2900,
"(банан, ягодный микс, клубника,маракуйа,яблоко,манго)",,,,,,,,,,,,,
,,,,,,,,,,,,,
СНЭКИ И ДР,новая цена,Наличие,New,,,,,,,,,цена,
ЛУКОВЫЕ КОЛЬЦА СМЕТАНА\СЫР 45г,109,,40,,,,,,,,,100,
Сухарики КИРИЕШКИ ЧИЗБУРГЕР\ОГУРЦЫ\ШАШЛЫК\,119,,50,,,,,,,,,100,
ХОЛОДЕЦ С ХРЕНОМ\ВЕТЧИНА СЫР\СТЕЙК\СЕМГА\ 60г,,,,,,,,,,,,,
Сухарики ХРУСTEAM ЧИАБАТТА ОЛИВКИ\ВЕТЧИНА\,199,,50,,,,,,,,,200,
КРАБ\ТОМАТ\СЫРНОЕ АССОРТИ\СМЕТАНА ЗЕЛЕНЬ 60г ,,,,,,,,,,,,,
Семечки ОТ МАРТИНА ЖАРЕНЫЕ МОРСКАЯ СОЛЬ 100Г,149,,70,,,,,,,,,150,
Чипсы Лэйс Бекон\Краб\Лук/Сменана зелень 90г,249,,100,,,,,,,,,250,
Чипсы Лэйс Бекон\Краб\Лук/Сменана зелень 140г,339,,100,,,,,,,,,350,
Фисташки «ОТЕЦ ОРЕХ» ЖАРЕНЫЕ СОЛЕНЫЕ,449,,220,,,,,,,,,400,
Миндаль «ОТЕЦ ОРЕХ» ЖАРЕНЫЙ 150Г,479,,250,,,,,,,,,350,
Фундук «ОТЕЦ ОРЕХ» ЖАРЕНЫЙ 150Г,489,,260,,,,,,,,,350,
Чипсы соломкой POMSTICKS С СОЛЬЮ\СМЕТАНА 100Г,349,нет,110,,,,,,,,,250,
,,,,,,,,,,,,,
СИГАРЕТЫ И СТИКИ (за пачку),новая цена,Наличие,New,,,,,,,,,цена,закуп
Сигареты LUCKY STRIKE Green,399,,159,,,,,,,,,350,159
Сигареты Ротманс Грин,399,,159,,,,,,,,,350,159
Сигареты Ротманс Дэми Классик,419,,170,,,,,,,,,350,170
Сигареты Камелл Желтый,449,,180,,,,,,,,,400,180
Сигареты Камелл Компакт,449,,180,,,,,,,,,350,180
Стики NEO Ванилла\Тобакко\Тропик,469,,190,,,,,,,,,450,190
Сигареты LUCKY STRIKE XL,469,,190,,,,,,,,,350,190
Стики IQOS Heets Янтарные\Бронзовые\Голд\Грин\Фиол.\Слайт\Самер Бриз,499,,200,,,,,,,,,450,200
Сигареты Винстон Вайт,499,,200,,,,,,,,,400,200
Сигареты Винстон ИксСтайл,499,,202,,,,,,,,,400,202
Сигареты Винстон xs blue Тонкие,509,,223,,,,,,,,,450,223
Сигареты Парламент Платинум Блю,539,,230,,,,,,,,,450,230
Сигареты Винстон XS компакт блю,539,,230,,,,,,,,,400,230
Сигареты Винстон Рэд,539,,230,,,,,,,,,450,230
Сигареты Винстон Блю,539,,230,,,,,,,,,400,230
Сигареты Винстон Сильвер,549,,233,,,,,,,,,400,233
Сигареты Винстон Классик,559,,240,,,,,,,,,400,240
Сигареты Парламент аква блю,619,,279,,,,,,,,,500,279
Сигареты Парламент сильвер блю,629,,279,,,,,,,,,500,279
Сигареты Парламент One,639,,279,,,,,,,,,500,279
,,,,,,,,,,,,,
"МЯСО, РЫБА И СЫР КОПЧЕНОЕ\НАРЕЗНОЕ",новая цена,Наличие,New,,,,,,,,,цена,закуп
Колбаса Микоян сырокопченая 80г,149,,60,,,,,,,,,150,60
Крабовые палочки 200г,239,,90,,,,,,,,,200,90
Сыр копченый косичка 90г,299,,100,,,,,,,,,300,100
Сервелат 300г,349,,130,,,,,,,,,350,130
Рыба Копченная ПОРТ АРТУР Желтый полосатик\,359,,140,,,,,,,,,300,140
Кольца кальмара\Мясо кальмара сушено-вяленое\ ,369,,150,,,,,,,,,,150
Сыр плавленый HOCHLAND\PRESIDENT 150г,379,,150,,,,,,,,,350,150
Кальмар сушеный\Стружка минтая\ 60г,369,,150,,,,,,,,,,150
Сосиски МОЛОЧНЫЕ 290Г,399,,170,,,,,,,,,300,170
Филе сельди\горбуша/скумбрия 200г,439,,200,,,,,,,,,250,200
Сыр в ассортименте 180г,799,,200,,,,,,,,,800,200
,,,,,,,,,,,,,
ШОКОЛАД И КОНФЕТЫ,цена,Наличие,закуп,,,,,,,,,,
Шоколад Альпен Гольд молочный\молочный Орео\с фундуком\ с черникой и йогуртом 80 г,180,,70,,,,,,,,,,
Шоколад Милка молочный с карамелью\молочный\ с фундуком\миндаль и лесные ягоды 90г,200,,85,,,,,,,,,,
"Набор конфет Родные Просторы с вафельной крошкой, 180 г",450,,160,,,,,,,,,,
"Набор конфет ОРЕШКА с цельным фундуком со вкусом сливок, 150 г",500,,120,,,,,,,,,,
"Конфеты А.Коркунов Шоколадная палитра, 143 г коробка",600,,250,,,,,,,,,,
"Набор конфет Тоффифе, 125 г коробка",600,,,,,,,,,,,,
"Шоколад Чоко энд Натс молочный с цельным фундуком\с миндалем\белый с цельным фундуком, 200г",600,,259,,,,,,,,,,
"Набор конфет Дав Promises ассорти, 118г, коробка",750,,300,,,,,,,,,,
Набор конфет RAFFAELLO 150Г коробка,800,,350,,,,,,,,,,
Набор конфет Ферреро Роше 125г коробка,800,,350,,,,,,,,,,
"Набор конфет Мерси ассорти, 250 г коробка",800,,350,,,,,,,,,,
"Шоколад Милка Мммакс Арахис и Карамель, 270 г",850,,400,,,,,,,,,,