Нижний Новгород,,,,,,,,,,,,,,,,,,,,,,,,
ВИНО БЕЛОЕ СУХОЕ,новая цена,Наличие,New,страна,сорт винограда,крепость,,,,,,,,,,,,,,,,цена,,закуп
"Вино Айси Цинандали белое сухое 0,75 л",1600,,450,Грузия,Ркацители\Мцване Кахури,"12,5",,,,,,,,,,,,,,,,1100,,390
"Вино Цинандали Алаверди белое сухое 0,75 л",1680,,500,Грузия,Ркацители\Мцване Кахури,12,,,,,,,,,,,,,,,,1400,,450
"Вино Калмеда Совиньон Блан-Москатель белое сухое 0,75 л",1810,,570,Чили,Совиньон Блан/Москатель,"12,5",,,,,,,,,,,,,,,,1500,,470
"Вино Кампо Вента Дон Хуан Тиерра де Кастилья белое сухое 0,75 л",1850,,590,Чили,Совиньон Блан,13,,,,,,,,,,,,,,,,1600,,580
Вино Бродлиф Совиньон Блан белое сухое,1920,,630,ЮАР,Совиньон Блан,"12,5",,,,,,,,,,,,,,,,1500,,550
"Вино Куумба Шардоне белое сухое 0,75 л",1960,,650,ЮАР,Шардоне,13,,,,,,,,,,,,,,,,1200,,400
"Вино жемчужное Кашу Фрешку белое сухое 0,75 л",1960,,650,Португалия,Фернау Пирес,"11,5",,,,,,,,,,,,,,,,1600,,650
"Вино Оушен Свирл Шардоне белое сухое 0,75 л",1980,МАЛО,660,ЮАР,Шардоне,"12,5",,,,,,,,,,,,,,,,1700,,660
"Вино П.В.С.& Б Стеларис Пино Гриджио белое сухое 0,75 л",2000,,670,ЮАР,Пино Гриджио,13,,,,,,,,,,,,,,,,1600,,650
Вино Тенуте Дель Неччио Орвието Классико Умбрия DOC белое сухое,2030,,690,Италия,"Грекетто, Проканико, Шардоне","12,5",,,,,,,,,,,,,,,,1600,,620
"Вино Кандиум Вердехо до Руэда белое сухое 0,75 л",2030,МАЛО,690,Испания,Вердехо,"12,5",,,,,,,,,,,,,,,,1700,,660
Вино Пьетраме Пино Гриджо Терре ди Кьети Абруццо IGP белое сухое,2230,МАЛО,790,Италия,Пино Гриджио,"12,5",,,,,,,,,,,,,,,,1600,,680
"Вино Адега Май Дори белое сухое 0,75 л",2240,,800,Португалия,Виозиньо\Аринту\Альвариньо\Совиньон Блан,"12,5",,,,,,,,,,,,,,,,1800,,700
"Вино Универсале белое полусухое 0,75 л",2340,,850,Италия,Грилло\Совиньон\Верментино,"13,5",,,,,,,,,,,,,,,,1900,,850
"Вино Н Нивариус белое сухое 0,75 л",2430,,900,Испания,Темпранильо Бланко,"13,5",,,,,,,,,,,,,,,,1900,,900
Вино Маркес Де Касерес Бланко белое сухое 0.75,2570,МАЛО,970,Испания,,,,,,,,,,,,,,,,,,2100,,900
"Вино Ла Форшетьер Совиньон Блан белое сухое 0,75 л",2970,МАЛО,1190,Франция,Совиньон Блан,"11,5",,,,,,,,,,,,,,,,2100,,1190
"Вино Пино Гриджио Делле Венецие Арнази белое сухое 0,75 л",3170,,1300,Италия,Пино Гриджио,"12,5",,,,,,,,,,,,,,,,2400,,1100
"Вино Терра Норте ДО Риас Байшас белое сухое 0,75 л",3830,,1650,Испания,Альбариньо,"13,5",,,,,,,,,,,,,,,,2500,,1650
Вино Трамонтана Сицилия белое сухое,,нет,510,Италия,Треббьяно,11,,,,,,,,,,,,,,,,1000,,300
"Вино Ошторошбор Иршаи Оливер белое сухое 0,75 л",,нет,не продается,Венгрия,Иршаи Оливер,"11,5",,,,,,,,,,,,,,,,1600,,500
"Вино Маркези Спинола Гави Биолоджико DOCG белое сухое 0,75 л",,нет,не продается,Италия,Кортезе,"12,5",,,,,,,,,,,,,,,,2500,,900
,,,,,,,,,,,,,,,,,,,,,,,,
ВИНО БЕЛОЕ ПОЛУСЛАДКОЕ,новая цена,Наличие,New,страна,сорт винограда,крепость,,,,,,,,,,,,,,,,цена,,закуп
"Вино Алазанская Долина Алаверди белое полусладкое 0,75 л",1670,,490,Грузия,Ркацители\Кахури Мцване,13,,,,,,,,,,,,,,,,1400,,400
"Вино Рио Рика Москато белое полусладкое 0,75 л",1780,,550,Чили,Москато,12,,,,,,,,,,,,,,,,1500,,550
"Вино Бадагони Алазанская Долина белое полусладкое 0,75 л",1810,,570,Грузия,Ркацители,"10,5",,,,,,,,,,,,,,,,1399,,470
"Вино Энгельшайн Либлих белое полусладкое 0,75 л",1880,,600,Германия,Айрен\Треббьяно\Макабео,"9,5",,,,,,,,,,,,,,,,1600,,600
"Вино Пиккола Джойа Мальвазия Рубиконе ИГТ белое полусладкое 0,75 л",2030,,690,Италия,Мальвазия,9,,,,,,,,,,,,,,,,1500,,650
"Вино Молоко Любимой Женщины белое полусладкое 0,75 л",2060,,700,Германия,Мюллер-Тургау\Рислинг\Сильванер\Кёрнер,"9,5",,,,,,,,,,,,,,,,1700,,700
Вино Лизард Рислинг бел.п/сл,2340,,850,Германия,Рислинг,11,,,,,,,,,,,,,,,,1800,,840
Вино Маркес Де Касерес Сантинела Риоха DOC белое полусладкое,2710,,1050,Испания,"Мальвазия, Виура/Макабео",11.5,,,,,,,,,,,,,,,,2000,,1050
Вино Трамонтана Сицилия белое полусладкое,,нет,510,Италия,Треббьяно,"10,5",,,,,,,,,,,,,,,,1000,,390
"Вино Tabla Алазанская Долина белое полусладкое 0,75 л",,нет,не продается,Грузия,Ркацители\Цоликоури,"11,5",,,,,,,,,,,,,,,,1400,,350
,,,,,,,,,,,,,,,,,,,,,,,,
ВИНО БЕЛОЕ ПОЛУСУХОЕ,новая цена,Наличие,New,страна,сорт винограда,крепость,,,,,,,,,,,,,,,,цена,,закуп 
"Вино Терра де Оро Шардоне белое полусухое 0,75 л",1630,,470,Чили,Шардоне,13,,,,,,,,,,,,,,,,1500,,550
"Вино Вилла Анна Пино Гриджио белое полусухое 0,75 л",1880,,600,Италия,Пино Гриджио,12,,,,,,,,,,,,,,,,1500,,550
"Вино Маре Альта Винью Верде белое полусухое 0,75 л",2030,,690,Португалия,"Аринто/Падерна, Лоурейро",10,,,,,,,,,,,,,,,,1600,,650
Вино Лизард Рислинг Трокен белое полусухое,2240,,800,Германия,Рислинг,12,,,,,,,,,,,,,,,,1700,,800
"Вино Вейнцунфт Рислинг Мозель белое полусухое 0,75 л",2240,средне,800,Германия,Рислинг,12,,,,,,,,,,,,,,,,1700,,730
"Вино Зибенштейн Рислинг Пфальц белое полусухое 0,75 л",2520,,950,Германия,Рислинг,12,,,,,,,,,,,,,,,,1900,,890
"Вино Зибенштейн Совиньон Блан Пфальц белое полусухое 0,75 л",2520,мало,950,Германия,Совиньон Блан,"12,5",,,,,,,,,,,,,,,,1900,,890
"Вино Примо Фиоре Фамозо белое полусухое 0,75 л",2540,МАЛО,960,Италия,Фамозо,"12,5",,,,,,,,,,,,,,,,1900,,950
Вино Макуту Бей Совиньон Блан белое полусухое ,2890,средне,1150,Новая Зеландия,Совиньон Блан,12,,,,,,,,,,,,,,,,2100,,1000
,,,,,,,,,,,,,,,,,,,,,,,,
ВИНО РОЗОВОЕ СУХОЕ,новая цена,Наличие,New,страна,сорт винограда,крепость,,,,,,,,,,,,,,,,цена,,закуп
"Вино Бродлиф Совиньон Блан розовое сухое 0,75 л",1920,,630,ЮАР,Совиньон Блан\Пино Нуар,"12,5",,,,,,,,,,,,,,,,1700,,550
"Вино Розато Тоскана Тенуте Россетти розовое сухое 0,75 л",2240,МАЛО,800,Италия,Санджовезе\Мерло,"12,5",,,,,,,,,,,,,,,,1900,,800
"Вино Кампо Вента Дон Хуан Тиерра де Кастилья розовое сухое 0,75 л",,нет,не продается,Испания,Бобаль,12,,,,,,,,,,,,,,,,1500,,500 
"Вино жемчужное Кашу Фрешку розовое сухое 0,75 л",,нет,не продается,Португалия,Арагонеш\Каштелау,"11,5",,,,,,,,,,,,,,,,1600,,500
,,,,,,,,,,,,,,,,,,,,,,,,
ВИНО РОЗОВОЕ ПОЛУСУХОЕ,новая цена,Наличие,New,страна,сорт винограда,крепость,,,,,,,,,,,,,,,,цена,,закуп
"Вино Маре Альта Винью Верде розовое полусухое 0,75 л",2060,,700,Португалия,Виньаон\Боррасал\Эшпадейро,10,,,,,,,,,,,,,,,,1700,,670
"Вино Бриза ду Мар Винью Верде DOC розовое полусухое 0,75 л",2240,,800,Португалия,Виньяу\Амарал\Боррасал,10,,,,,,,,,,,,,,,,1600,,560
"Вино Галеоне Примитиво Мерло Розе Апулия розовое полусухое 0,75 л",2240,средне,800,Италия,Примитиво/Мерло,"12,5",,,,,,,,,,,,,,,,1900,,770
,,,,,,,,,,,,,,,,,,,,,,,,
ВИНО КРАСНОЕ СУХОЕ,новая цена,Наличие,New,страна,сорт винограда,крепость,,,,,,,,,,,,,,,,цена,,закуп
"Вино Саперави красное сухое 0,75 л",1680,,500,Россия,Саперави,11,,,,,,,,,,,,,,,,1200,,250
"Вино Кинта дель Дуке Виньо Тинто красное сухое 0,75 л",1680,,500,Испания,Темпранильо,11,,,,,,,,,,,,,,,,1300,,490
"Вино Сол де Плата Мальбек красное сухое 0,75 л",1960,,650,Аргентина,Мальбек,"13,5",,,,,,,,,,,,,,,,1500,,650
"Вино Терраш де Монсараш красное сухое 0,75 л",1960,МАЛО,650,Португалия,Тринкадейра\Арагонеш\Кастелао,"13,5",,,,,,,,,,,,,,,,1700,,750
"Вино Саперави Бадагони красное сухое 0,75 л",2060,МАЛО,700,Грузия,Саперави,13,,,,,,,,,,,,,,,,1400,,690
"Вино Тенуте Дель Неччио Кьянти красное сухое 0,75 л",2150,,750,Италия,"Санджовезе, Мальвазия Нера, Чильеджоло",13,,,,,,,,,,,,,,,,1700,,700
"Вино Ультимо Бастион Бобаль Гарнача Крианца красное сухое 0,75 л",2240,,800,Испания,Бобаль\Гарнача,"12,5",,,,,,,,,,,,,,,,1800,,770
"Вино Марселино Риоха Крианза красное сухое 0,75 л",2240,,800,Испания,Темпранильо,"12,5",,,,,,,,,,,,,,,,1900,,800
"Вино Марселино Риоха красное сухое 0,75 л",2370,МАЛО,870,Испания,Темпранильо,"13,5",,,,,,,,,,,,,,,,1600,,770
"Вино Марселино Ресерва Риоха ДОКа красное сухое 0,75 л",2370,,870,Испания,Темпранильо,"13,5",,,,,,,,,,,,,,,,2000,,870
"Вино Бариста Пинотаж красное сухое 0,75 л",2610,,1000,ЮАР,Пинотаж,13,,,,,,,,,,,,,,,,2100,,1000
"Вино Сеньорио Де Ла Ералта Гран Резерва красное сухое 0,75 л",3170,,1300,Испания,Темпранильо,"13,5",,,,,,,,,,,,,,,,2300,,1300
Вино Маркес Де Касерес Крианса красное сухое 0.75,3270,,1350,Испания,Темпранильо/Гарнача/Грасиано,14,,,,,,,,,,,,,,,,2500,,1350
"Вино Патриа Чика красное сухое 0,75 л",3370,,1400,Испания,Темпранильо\Гарнача\Мерло\Каберне Совиньон,"14,5",,,,,,,,,,,,,,,,2500,,1400
Вино Трамонтана Апулия красное сухое,,нет,500,Италия,Санджовезе,11,,,,,,,,,,,,,,,,1000,,400
"Вино Мирла Бэй Пино Нуар красное сухое 0,75 л",,нет,не продается,Чили,Пино Нуар,"12,5",,,,,,,,,,,,,,,,1700,,670
"Вино Тенуте Дель Неччио Кьянти Ризерва красное сухое 0,75 л",,нет,не продается,Италия,Санджовезе,"12,5",,,,,,,,,,,,,,,,1800,,630
"Вино Бардолино Валлезелле Пьеве Сан Вито красное сухое 0,75 л",,нет,не продается,Италия,Корвина\Рондинелла\Молинара\Неграра,13,,,,,,,,,,,,,,,,2200,,1200
,,,,,,,,,,,,,,,,,,,,,,,,
ВИНО КРАСНОЕ ПОЛУСЛАДКОЕ,новая цена,Наличие,New,страна,сорт винограда,крепость,,,,,,,,,,,,,,,,цена,,закуп
"Вино Блэк Бёрд Вестерн Кейп Во красное полусладкое 0,75 л",1600,,450,ЮАР,Пинотаж,"13,5",,,,,,,,,,,,,,,,1500,,450
"Вино Музаради Алазанская Долина белое полусладкое 0,75 л",1680,,500,Грузия,Ркацители\Белые сорта винограда,"12,5",,,,,,,,,,,,,,,,1400,,400
"Вино Музаради Киндзмараули красное полусладкое 0,75 л",1680,,500,Грузия,Саперави,11,,,,,,,,,,,,,,,,1400,,400
"Вино Мукузани Кахури Гвинис Марани красное сухое 0,75 л",1680,,500,Грузия,Саперави,12,,,,,,,,,,,,,,,,1700,,450
"Вино Рио Рика Ред Бленд красное полусладкое 0,75 л",1790,,560,Чили,Каберне Совиньон\Карменер\Шираз,"12,5",,,,,,,,,,,,,,,,1600,,550
"Вино Кахури Киндзмараули красное полусладкое 0,75 л",1880,,600,Грузия,Саперави,12,,,,,,,,,,,,,,,,1700,,590
"Вино Киндзмараули Шалвино красное полусладкое 0,75 л",2060,,700,Грузия,Саперави,12,,,,,,,,,,,,,,,,1900,,630
"Вино Киндзмараули Бадагони красное полусладкое 0,75 л",2240,,800,Грузия,Саперави,11,,,,,,,,,,,,,,,,2000,,690
"Вино Киндзмараули Виниверия красное полусладкое 0,75 л",2810,мало,1100,Грузия,Саперави,12,,,,,,,,,,,,,,,,2100,,1000
"Вино Tabla Киндзмараули красное полусладкое 0,75 л",1530,нет,550,Грузия,Саперави,"11,5",,,,,,,,,,,,,,,,1500,,500
Вино Трамонтана Апулия красное полусладкое,1450,нет ,500,Италия,Санджовезе,"10,5",,,,,,,,,,,,,,,,1000,,450
,,,,,,,,,,,,,,,,,,,,,,,,
ВИНО КРАСНОЕ ПОЛУСУХОЕ,новая цена,Наличие,New,страна,сорт винограда,крепость,,,,,,,,,,,,,,,,цена,,закуп
"Вино Пиросмани Кахури Гвинис Марани красное полусухое 0,75 л",1780,,550,Грузия,Саперави,"11,5",,,,,,,,,,,,,,,,1100,,550
"Вино Фортецца деи Колли Негроамаро красное полусухое 0,75 л",2120,,730,Италия,Негроамаро,13,,,,,,,,,,,,,,,,1500,,700
"Вино Пьетраме Монтепульчано Д`Абруццо красное полусухое 0,75 л",2130,,740,Италия,Монтепульчано,13,,,,,,,,,,,,,,,,1600,,730
"Вино Бастиони Делла Рокка Аппассименто красное полусухое 0,75 л",2130,,740,Италия,Примитиво\Негроамаро,15,,,,,,,,,,,,,,,,1700,,730
"Вино Фортецца Деи Колли Примитиво красное полусухое 0,75 л",2190,,770,Италия,Примитиво,"13,5",,,,,,,,,,,,,,,,1500,,650
"Вино Пьетраме Монтепульчано Д`Абруццо Лимитата кр.полусух 0,75 л",2300,,830,Италия,Монтепульчано,13,,,,,,,,,,,,,,,,1800,,770
"Вино Виллакьяра Неро Д`Авола Сицилия ДОП красное полусухое 0,75 л",2400,,880,Италия,Неро д'Авола,13,,,,,,,,,,,,,,,,1900,,870
"Вино Эпикуро Примитиво красное полусухое 0,75 л",2430,,900,Италия,Примитиво,14,,,,,,,,,,,,,,,,1900,,850
"Вино Примо Фиоре Ува Лонганези красное полусухое 0,75 л",2470,,920,Италия,Ува Лонганези,"13,5",,,,,,,,,,,,,,,,1900,,900
"Вино Пино Нуар Лесс Зибенштейн красное полусухое 0,75 л",2570,,970,Германия,Пино Нуар,"12,5",,,,,,,,,,,,,,,,2000,,950
"Вино Кьянти Ризерва красное полусухое 0,75 л",2610,,1000,Италия,Санджовезе\Мерло,13,,,,,,,,,,,,,,,,2000,,950
"Вино Баррелая красное полусухое 0,75 л",2650,,1020,Италия,Мерло\Каберне Совиньон\Сира/Шираз\Санджовезе,"13,5",,,,,,,,,,,,,,,,2100,,1000
"Вино Орапьена Монтепульчано д'Абруццо Ризерва красное полусухое 0,75 л",2990,,1200,Италия,Монтепульчано,"13,5",,,,,,,,,,,,,,,,2200,,1100
"Вино Неро ди Тройя красное полусухое 0,75 л",2990,,1200,Италия,Неро ди Троя,15,,,,,,,,,,,,,,,,2200,,1200
"Вино Сузуманьелло Гран Аппассо красное полусухое 0,75 л",3170,,1300,Италия,Сузуманьелло,"14,5",,,,,,,,,,,,,,,,2300,,1300
Вино ВайНот?! IGP красное полусухое,3370,,1400,Италия,Зинфандель,15,,,,,,,,,,,,,,,,2500,,1400
"Вино Спенсер Бэй Пинотаж красное полусухое 0,75 л",,нет,нет в наличии,ЮАР,Пинотаж,"13,5",,,,,,,,,,,,,,,,1400,,570
"Вино Кальдора Санджовезе Мерло красное полусухое 0,75 л",,нет,нет в наличии,Италия,Санджовезе\Мерло,"13,5",,,,,,,,,,,,,,,,1500,,500
"Вино Кот де Сомме Пино Нуар красное полусухое 0,75 л",,нет,нет в наличии,Франция,Пино Нуар,14,,,,,,,,,,,,,,,,1800,,850
,,,,,,,,,,,,,,,,,,,,,,,,
"ВОДКА 0,5л",новая цена,Наличие,New,,,,,,,,,,,,,,,,,,,цена,,закуп
"Водка Тундра Аутентик 0,5",1470,,390,,,,,,,,,,,,,,,,,,,1100,,390
"Водка Зимняя деревенька на солодовом спирте 0,5",1470,бристоль,390,,,,,,,,,,,,,,,,,,,1100,,360
"Водка Белая Березка 0,5",1600,,450,,,,,,,,,,,,,,,,,,,1200,,420
"Водка Русский Стандарт Голд 0,5",1670,,490,,,,,,,,,,,,,,,,,,,1200,,450
"Водка виноградная Найт Габриелло Граппа Нобиле 0,5 л",2610,,1000,,,,,,,,,,,,,,,,,,,1800,,1000
Водка Чистые росы 0.5 ,3170,,1300,,,,,,,,,,,,,,,,,,,2500,,1150
"Водка Белуга Нобл 0,5 л",3270,,1350,,,,,,,,,,,,,,,,,,,2300,,1100
,,,,,,,,,,,,,,,,,,,,,,,,
"ВОДКА 0,7л",новая цена,Наличие,New,,,,,,,,,,,,,,,,,,,цена,,закуп
"Водка Тундра Аутентик 0,7",1670,,490,,,,,,,,,,,,,,,,,,,1300,,450
"Водка Зимняя Деревенька на солодовом спирте  0,7",1670,,490,,,,,,,,,,,,,,,,,,,1300,,490
"Водка Пять Озер 0,7",1710,,510,,,,,,,,,,,,,,,,,,,1300,,460
"Водка Белая Березка  0,7",1890,,610,,,,,,,,,,,,,,,,,,,1400,,590
"Водка Русский Стандарт  0,7",1950,,640,,,,,,,,,,,,,,,,,,,1400,,640
Водка Чистые росы 0.7 ,3730,,1600,,,,,,,,,,,,,,,,,,,2700,,1400
"Водка Финляндия 0,7 л",3920,,1700,,,,,,,,,,,,,,,,,,,2900,,1590
"Водка БЕЛУГА ТРАНСАТЛАНТИК РЕЙСИНГ 40% 0,7Л ",4020,,1750,,,,,,,,,,,,,,,,,,,2700,,990
"Водка Суммум 0,7 л",4110,,1800,,,,,,,,,,,,,,,,,,,3000,,1700
,,,,,,,,,,,,,,,,,,,,,,,,
ВОДКА 1л,новая цена,Наличие,New,,,,,,,,,,,,,,,,,,,цена,,закуп
Водка Белая Березка 1Л,2320,,840,,,,,,,,,,,,,,,,,,,1500,,780
Водка Зимняя Деревенька на солодовом спирте 1л,2430,бристоль,900,,,,,,,,,,,,,,,,,,,1500,,900
Водка Русский Стандарт 1л ,2430,,900,,,,,,,,,,,,,,,,,,,1600,,830
Водка Медведь 1 л,2520,,950,,,,,,,,,,,,,,,,,,,1900,,900
,,,,,,,,,,,,,,,,,,,,,,,,
"ВИСКИ 0,5л",новая цена,Наличие,New,,,,,,,,,,,,,,,,,,,цена,,закуп
"Виски Наки Томпсон 3 года купажированный 0,5",2430,,900,,,,,,,,,,,,,,,,,,,1500,,780
"Виски Вильям Лоусонс Супер Спайсд купажир. 0,5 л",2430,,900,,,,,,,,,,,,,,,,,,,2000,,900
"Виски Вильям Лоусонс не менее 3 лет купажир. 0,5",2610,,1000,,,,,,,,,,,,,,,,,,,1600,,900
"Виски бурбон ДЖИМ БИМ 4 ГОДА БЕЛ. ЭТИК. 0,5Л ",,,нет в наличии,,,,,,,,,,,,,,,,,,,2600,,2100
"Виски шотландский МАКАЛЛАН Трипл КАСК  12 ЛЕТ П/УП. 0,5Л",,,нет в наличии,,,,,,,,,,,,,,,,,,,13000,,10000
,,,,,,,,,,,,,,,,,,,,,,,,
"ВИСКИ 0,7л",новая цена,Наличие,New,,,,,,,,,,,,,,,,,,,цена,,закуп
"Виски купажированный шотландский Нобл Стаг 3 года 0,7 л",2430,,900,,,,,,,,,,,,,,,,,,,1400,,650
"Виски купажированный шотландский Сир Эдвардс 0,7 л",2990,,1200,,,,,,,,,,,,,,,,,,,1800,,1190
"Виски Вильям Лоусонс не менее 3 лет купажированный 0,7",3170,,1300,,,,,,,,,,,,,,,,,,,1900,,899
"Виски Вильям Лоусонс Супер Спайсд выдержка 3 года 0,7 л",3170,,1300,,,,,,,,,,,,,,,,,,,2400,,1050
Виски Джонни Уоккер Ред 0.7л,3170,мало,1300,,,,,,,,,,,,,,,,,,,2900,,1299
"Виски бурбон ДЖИМ БИМ 4 ГОДА 40% 0,7Л ",4860,,2200,,,,,,,,,,,,,,,,,,,2800,,2200
Виски Теннесси Джек Дениел`с 0.7л,5420,,2500,,,,,,,,,,,,,,,,,,,2900,,1800
Виски ирланский Поугс медовый (оранжевый) 0.7л,5420,,2500,,,,,,,,,,,,,,,,,,,3200,,2470
"Виски шотландский ГЛЕН ПАРКЕР СПЕЙСАЙД 3 ГОДА П/УП. 0,7Л",5600,бристоль,2600,,,,,,,,,,,,,,,,,,,3600,,2500
Виски ирланский Поугс оригинальный (черный) 0.7л,5790,бристоль,2700,,,,,,,,,,,,,,,,,,,3000,,2600
"Виски ирландский купажированный ДЖЕМЕСОН 40% 0,7Л ",5880,,2750,,,,,,,,,,,,,,,,,,,3500,,2700
"Виски купажированный ХАТОЗАКИ 3 ГОДА 40% 0,7Л ",6910,бристоль,3300,,,,,,,,,,,,,,,,,,,4000,,3300
"Виски шотландский ЧИВАС РИГАЛ 12 ЛЕТ 40%  0,7Л ",8220,бристоль,4000,,,,,,,,,,,,,,,,,,,5500,,3700
"Виски шотландский ЧИВАС РИГАЛ 18 ЛЕТ 40% П/УП. 0,7Л ",20520,,10600,,,,,,,,,,,,,,,,,,,12500,,7999
"Виски шотландский МАКАЛЛАН Дабл КАСК  12 ЛЕТ П/УП. 0,7Л ",28730,,15000,,,,,,,,,,,,,,,,,,,15000,,10500
"Виски Баллантайнс Файнест не менее 3 лет купажир. 0,7 л",,нет,1700,,,,,,,,,,,,,,,,,,,3600,,1600
Виски ирланский Поугс фруктовая мята и лайм (красный) 0.7л,,нет,нет в наличии,,,,,,,,,,,,,,,,,,,3000,,1900
Виски Джонни Блонде 0.7л,,нет,нет в наличии,,,,,,,,,,,,,,,,,,,2800,,2250
Виски шотландский ЧИВАС РИГАЛ 12 ЛЕТ 40% П/УП. 1Л ,,нет,нет в наличии,,,,,,,,,,,,,,,,,,,6900,,5900
"Виски шотландский МАКАЛЛАН Дабл КАСК  3года  П/УП. 0,7Л ",,нет,нет в наличии,,,,,,,,,,,,,,,,,,,13000,,11200
,,,,,,,,,,,,,,,,,,,,,,,,
ВИСКИ 1л,новая цена,Наличие,New,,,,,,,,,,,,,,,,,,,цена,,закуп
Виски Баллантайнс Файнест 1 л,5040,,2300,,,,,,,,,,,,,,,,,,,3700,,1600
Виски Джим Бим 1 л,5040,,2300,,,,,,,,,,,,,,,,,,,4000,,2200
Виски Теннесси Джек Дениел`с 1 л,9150,,4500,,,,,,,,,,,,,,,,,,,3900,,2100
Виски ирландский БУШМИЛЗ ОРИДЖИНАЛ 3 ГОДА 1Л ,,нет,нет в наличии,,,,,,,,,,,,,,,,,,,3200,,2000
,,,,,,,,,,,,,,,,,,,,,,,,
"КОНЬЯК 0,5л",новая цена,Наличие,New,,,,,,,,,,,,,,,,,,,цена,,закуп
"Коньяк ординарный Армянский Коньяк 5 лет 0,5 л",2060,,700,,,,,,,,,,,,,,,,,,,1200,,560
"Коньяк Кочари 5 лет 0,5",2060,,700,,,,,,,,,,,,,,,,,,,1400,,680
"Коньяк Фанагория 5 лет 0,5 л",2150,,750,,,,,,,,,,,,,,,,,,,1300,,610
"Коньяк Старейшина 5 лет 0,5",2200,,780,,,,,,,,,,,,,,,,,,,1500,,740
"Коньяк Армянский Кочари 7 лет подарочный п/к 0,5",2300,,830,,,,,,,,,,,,,,,,,,,1600,,740
"Коньяк Ной Традиционный 5 лет 0,5",2370,,870,,,,,,,,,,,,,,,,,,,1700,,850
Коньяк Старейшина 7 лет 0.5,2810,,1100,,,,,,,,,,,,,,,,,,,1800,,770
"Коньяк Армянский Арарат 5 лет п/к 0,5 ",3170,,1300,,,,,,,,,,,,,,,,,,,2000,,1200
Бренди Торрес 5 лет Гран Резерва 0.5,3370,,1400,,,,,,,,,,,,,,,,,,,2200,,940
"Коньяк А.ДЕ Фуссиньи Селексьон Коллексьон туба 0,5 л",5790,,2700,,,,,,,,,,,,,,,,,,,3300,,2700
"Коньяк КУРВУАЗЬЕ ВСОП 40% П/УП. 0,5Л ",9150,,4500,,,,,,,,,,,,,,,,,,,5700,,4500
"Коньяк А.де Фуссиньи ХО п/к 0,5 л",15670,,8000,,,,,,,,,,,,,,,,,,,8500,,7000
"Коньяк МАРТЕЛЬ ЭЙДЖД ИН РЕД БАРРЕЛС ВСОП 4 ГОДА 40% 0,5Л",,нет,не продается,,,,,,,,,,,,,,,,,,,5000,,4300
"Коньяк РЕМИ МАРТАН ВСОП 40% 0,5Л ",,нет,не продается,,,,,,,,,,,,,,,,,,,5400,,?
,,,,,,,,,,,,,,,,,,,,,,,,
"КОНЬЯК 0,7л",новая цена,Наличие,New,,,,,,,,,,,,,,,,,,,цена,,закуп
"Коньяк Готье ВСОП п/к 0,7 л",8580,,4200,,,,,,,,,,,,,,,,,,,5600,,4130
"Коньяк ординарный МАРТЕЛЬ ВС 3 ГОДА 40% 0,7Л",8870,,4350,,,,,,,,,,,,,,,,,,,6500,,4040
"Коньяк КУРВУАЗЬЕ ВС 40% П/УП. 0,7Л ",11940,,6000,,,,,,,,,,,,,,,,,,,7500,,6000
"Коньяк ординарный ХЕННЕССИ ВС 40% П/УП. 0,7Л",11940,МАЛО,6000,,,,,,,,,,,,,,,,,,,6700,,5500
"Коньяк ординарный ХЕННЕССИ ВСОП ПРИВИЛЕЖ 4 ГОДА 40% П/УП. 0,7Л",17540,,9000,,,,,,,,,,,,,,,,,,,12000,,9000
"Коньяк РЕМ МАРТАН ХО 40% П/УП. 0,7Л ",38060,,20000,,,,,,,,,,,,,,,,,,,25000,,20000
"Коньяк КУРВУАЗЬЕ ХО 40% П/УП. 0,7Л ",40860,МАЛО,21500,,,,,,,,,,,,,,,,,,,24000,,21500
"Коньяк РЕМИ МАРТАН ВСОП 40% 0,7Л",,нет,6000,,,,,,,,,,,,,,,,,,,8800,,6000
,,,,,,,,,,,,,,,,,,,,,,,,
РОМ 0.5л,новая цена,Наличие,New,,,,,,,,,цена,закуп,,,,,,,,,,,
"Ром Капитан Жан Лафитт дарк 0,5 л",1680,,500,,,,,,,,,,,,,,,,,,,,,
"Напиток спиртной на основе рома Оакхарт Ориджинал Бакарди 0,5",2430,,900,,,,,,,,,,,,,,,,,,,1700,,799
,,,,,,,,,,,,,,,,,,,,,,,,
"РОМ 0,7л",новая цена,Наличие,New,,,,,,,,,,,,,,,,,,,цена,,запук
"Спиртной напиток ромовый КУЛ СКЕЛЕТОН КОКОС 37,5% 0,7Л",2020,"кб,бристоль",680,,,,,,,,,,,,,,,,,,,,,
"Спиртной напиток ромовый КУЛ СКЕЛЕТОН МАНГО МАРАКУЙЯ 37,5% 0,7Л",2020,"кб,бристоль",680,,,,,,,,,,,,,,,,,,,,,
"Ром Мама Джама Блэк выдержанный 0,7 л",2080,,710,,,,,,,,,,,,,,,,,,,,,
"Набор Оакхарт Ориджинал Спайс Голд+2 банки Rich Cola 0,7 л",2610,"кб,бристоль",1000,,,,,,,,,2799,1970,,,,,,,,,,,
"Напиток спиртной на основе рома Оакхарт Ориджинал Бакарди 0,7",2810,,1100,,,,,,,,,,,,,,,,,,,1900,,1000
"Ром Блэк Пирл Уайт 0,7 л",2890,,1150,,,,,,,,,,,,,,,,,,,1900,,1120
"Ром выдержанный Сангсом в п/к 0,7 л",2990,,1200,,,,,,,,,,,,,,,,,,,,,
"Ром Барсело Аньехо 0,7Л",3170,,1300,,,,,,,,,2600,1550,,,,,,,,,,,
"Напиток на основе рома КАПИТАН МОРГАН золотой ПРЯНЫЙ 0,7Л ",3170,,1300,,,,,,,,,,,,,,,,,,,3300,,2500
"Ром Бругал Аньехо Супериор 0,7 л",3920,,1700,,,,,,,,,3900,2500,,,,,,,,,,,
Контрабандо 5 лет 0.7л,4480,"кб, лента",2000,,,,,,,,,3799,1670,,,,,,,,,,,
"Ром Matusalem Solera 7 лет, 0.7л",5970,"кб, метро",2800,,,,,,,,,,,,,,,,,,,,,
"Ром ЗАКАПА СЭНТЭНАРИО СОЛЕРА ГРАН РЕЗЕРВА 23 ГОДА 40% П/УП. 0,7Л",13810,,7000,,,,,,,,,,,,,,,,,,,7600,,6100
"Ром Закапа XO п/к 0,7 л",22210,,11500,,,,,,,,,,,,,,,,,,,12500,,10500
"Ром БАРСЕЛО АНЬЕХО ВЫДЕРЖАННЫЙ 37,5-40% ТЕМН. 0,7Л",,нет,1200,,,,,,,,,,,,,,,,,,,2300,,1100
"Ром КАПИТАН МОРГАН ТЕМН. 40% 0,7Л",,нет,2500,,,,,,,,,,,,,,,,,,,3200,,1990
"Ром КАЙО ГРАНДЕ КЛАБ АНЬЕХО РЕЗЕРВА 37,5% 0,7Л",,нет,нет в наличии,,,,,,,,,,,,,,,,,,,2100,,1450
"Ром БОТУКАЛ МАНТУАНО 40% 0,7Л ",,нет,нет в наличии,,,,,,,,,,,,,,,,,,,3900,,3500
Ром Гавана Клаб Аньехо Белый 0.7л ,,нет,нет в наличии,,,,,,,,,,,,,,,,,,,3300,,2199
,,,,,,,,,,,,,,,,,,,,,,,,
ТЕКИЛА,новая цена,Наличие,New,,,,,,,,,,,,,,,,,,,цена,,закуп
"Текила Ранчо Вьехо Сильвер 0,7 л",3550,,1500,,,,,,,,,,,,,,,,,,,2500,,990
"Спиртной напиток ТЕКИЛА АСИЕНДА ВЬЕХА БЛАНКО 40% 0,75Л",4480,бристоль,2000,,,,,,,,,,,,,,,,,,,4000,,2000
"Спиртной напиток ТЕКИЛА АСИЕНДА ВЬЕХА РЕПОСАДО 40% 0,75Л",4480,бристоль,2000,,,,,,,,,,,,,,,,,,,4000,,2000
"Текила Эсполон Репосадо 0,75 л",5600,,2600,,,,,,,,,,,,,,,,,,,4000,,2560
"Текила Эсполон Бланко 0,75 л",5790,,2700,,,,,,,,,,,,,,,,,,,4100,,2650
"Текила Пелигро Катрина Сильвер 0,7 л",,нет,нет в налиии,,,,,,,,,,,,,,,,,,,2300,,1000
"Текила САУЗА АСЬЕНДА ГОЛД 38% 0,7Л",,нет,нет в наличии,,,,,,,,,,,,,,,,,,,3700,,3300
"Текила САУЗА АСЬЕНДА Сильвер 38% 0,7Л",,нет,нет в наличии,,,,,,,,,,,,,,,,,,,3800,,3100
,,,,,,,,,,,,,,,,,,,,,,,,
ДЖИН,новая цена,Наличие,New,,,,,,,,,,,,,,,,,,,цена,,закуп
Джин Гиббсонс 0.7л,2520,,950,,,,,,,,,,,,,,,,,,,1600,,950
"Джин Гордонс лондонский сухой 0,7",4480,МАЛО,2000,,,,,,,,,,,,,,,,,,,2900,,1750
"Спиртной напиток на основе джина ГОРДОНС ПИНК 37,5% 0,7Л",4480,,2000,,,,,,,,,,,,,,,,,,,3000,,2000
"Джин РОКУ 43% 0,7Л",8220,бристоль,4000,,,,,,,,,,,,,,,,,,,5000,,3890
"Джин Финч Мэджик Аладдин 0,5 л",,нет,нет в наличии,,,,,,,,,,,,,,,,,,,1400,,560
"Джин Бифитер Лондон Драй 0,7",,нет,нет в наличии,,,,,,,,,,,,,,,,,,,3200,,2450
"Джин ХЕНДРИКС 44% 0,7Л",,нет,нет в наличии,,,,,,,,,,,,,,,,,,,5000,,4000
,,,,,,,,,,,,,,,,,,,,,,,,
ЛИКЕР,новая цена,Наличие,New,,,,,,,,,,,,,,,,,,,цена,,закуп
"Спиртной напиток десертный АПЕРОЛЬ 11% СЛ. 0,7Л",4110,,1800,,,,,,,,,,,,,,,,,,,2700,,1500
"Ликер десертный Ягермайстер 0,7",4300,,1900,,,,,,,,,,,,,,,,,,,3200,,1799
"Ликер десертный Кампари (аперитив) 0,75 л",4480,,2000,,,,,,,,,,,,,,,,,,,2600,,1800
"Ликер эмульсионный Бэйлис сливочный оригинальный 0,7",5230,,2400,,,,,,,,,,,,,,,,,,,3000,,2350
"Ликер крепкий САМБУКА МОЛИНАРИ 40% 0,7Л",5230,бристоль,2400,,,,,,,,,,,,,,,,,,,2900,,2100
"Спиртной напиток ДЖЕК ДЭНИЕЛС ТЕННЕССИ ХАНИ ЛИКЕР 35% 0,7Л",5790,МАЛО,2700,,,,,,,,,,,,,,,,,,,3100,,2600
"Ликер крепкий ЛОРЕНЦО ГАСПАРИНИ САМБУКА 40% 0,5Л",,нет,700,,,,,,,,,,,,,,,,,,,1200,,530
"Ликер десертный Бехеровка 0,7",,нет,нет в наличии,,,,,,,,,,,,,,,,,,,3000,,1700
"Ликер десертный ЯГЕРМАЙСТЕР ШАРФ 33% 0,7Л",,нет,нет в наличии,,,,,,,,,,,,,,,,,,,3300,,1899
Напиток спирт. Апероль (аперитив) 1л,,нет,нет в наличии,,,,,,,,,,,,,,,,,,,3000,,1800
,,,,,,,,,,,,,,,,,,,,,,,,
"ПРОСЕККО, БРЮТ",новая цена,Наличие,New,страна,сорт винограда,крепость,,,,,,,,,,,,,,,,цена,,закуп
"Вино игристое Российское Мысхако Кюве защ.геогр.ук.белое брют 0,75 л",1200,,240,Россия,Шардоне/Совиньон Блан/Рислинг,"11,5",,,,,,,,,,,,,,,,1200,,240
Вино игристое Шато Тамань РОЗОВОЕ брют 0.75,1500,,400,Россия,Пино Блан/Мюллер/Мускат/Саперави,"12,5",,,,,,,,,,,,,,,,1100,,320
"Вино игристое Российское Фанагория белое брют 0,75 л",1600,,450,Россия,Шардоне/Алиготе/Пино Нуар/Рислинг,12,,,,,,,,,,,,,,,,1200,,450
"Вино игристое Вёв Албан розовое брют 0,75 л",1880,,600,Россия,Айрен,"11,5",,,,,,,,,,,,,,,,1600,,600
"Вино игристое Кава Арте Латино розовое брют 0,75 л",2230,МАЛО,790,Испания,Трепат\Пино Нуар,"11,5",,,,,,,,,,,,,,,,1700,,790
"Вино игристое Вальпьяна Миллезимато Экстра Драй белое брют 0,75 л",2240,МАЛО,800,Италия,Глера,11,,,,,,,,,,,,,,,,1700,,800
"Вино игристое Проссимо спуманте белое брют 0,75 л",2340,МАЛО,850,Италия,Гарганега,11,,,,,,,,,,,,,,,,1700,,850
"Вино игристое ВёВ Албан белое брют 0,75 л",2340,МАЛО,850,Франция,Айрен,11,,,,,,,,,,,,,,,,1700,,850
"Вино игристое Корте дей Рови Просекко Экстра Драй DOC белое сухое 0,75 л",3090,МАЛО,1250,Италия,Глера/Просекко,11,,,,,,,,,,,,,,,,2000,,1100
"Вино игристое Креман де Луар Домен д`Аврийе белое брют 0,75 л",3270,,1350,Франция,Шардоне\Пино Нуар\Шенен Блан,11,,,,,,,,,,,,,,,,3000,,1300
Вино игристое Мартини Брют бел.брют,3270,,1350,Италия,"Треббьяно, Шардоне","11,5",,,,,,,,,,,,,,,,2000,,1200
Игристое вино Просекко Мартини белое сухое,3370,,1400,Италия,Глера/Просекко,"11,5",,,,,,,,,,,,,,,,2000,,1190
Вино игристое Мондоро Просекко защ.геогр.ук.бел.сух,3450,,1450,Италия,Глера/Просекко,11,,,,,,,,,,,,,,,,2300,,1380
"Вино игристое Кюве ДиПи Традишн Давид Порэ белое брют 0,75 л",5420,,2500,Франция,Шардоне/Пино Нуар/Пино Менье,"12,5",,,,,,,,,,,,,,,,3800,,2500
"Вино игристое Шампань Де Корветте Премье Крю белое брют 0,75 л",9510,,4700,Франция,Шардоне/Пино Нуар/Пино Менье,"12,5",,,,,,,,,,,,,,,,7000,,4700
"Вино игристое выдержанное Моэт и Шандон Империаль белое брют 0,75 л",13810,,7000,Франция,Шардоне/Пино Нуар/Пино Менье,12,,,,,,,,,,,,,,,,9000,,5900
,,,,,,,,,,,,,,,,,,,,,,,,
АСТИ,новая цена,Наличие,New,страна,сорт винограда,крепость,,,,,,,,,,,,,,,,цена,,закуп
"Вино игристое Российское Премиум белое полусладкое 0,75 л",1200,,240,Россия,Белые сорта винограда,12,,,,,,,,,,,,,,,,1000,,240
"Вино игристое Советское Шампанское белое полусладкое 0,75 л",1300,,300,Россия,Шардоне/Совиньон Блан/Алиготе/Рислинг/Кокур,11,,,,,,,,,,,,,,,,1000,,250
"Вино игристое Массимо Висконти Ламбруско белое сладкое 0,75 л",1880,,600,Италия,Ламбруско,"7,5",,,,,,,,,,,,,,,,1500,,500
"Вино игристое Исси Мальвазия Спуманте белое сладкое 0,75 л",2520,,950,Италия,Мальвазия/Мускат,7,,,,,,,,,,,,,,,,1800,,900
"Вино игристое Атто Примо Асти белое сладкое 0,75 л",2610,,1000,Италия,Мускат,"7,5",,,,,,,,,,,,,,,,1900,,990
Вино игристое Сант Орсола Асти DOCG белое сладкое,2610,,1000,Италия,Мускат,7,,,,,,,,,,,,,,,,1700,,880
Вино игристое Чинзано Асти DOCG бел.сл,3370,,1400,Италия,Мускат,7,,,,,,,,,,,,,,,,2499,,1190
Игристое вино Мартини Асти Пьемонт бел.сл,3550,,1500,Италия,Мускат,"7,5",,,,,,,,,,,,,,,,2100,,1290
Вино игристое Мондоро Асти DOCG бел.сл,3920,,1700,Италия,Мускат,"7,5",,,,,,,,,,,,,,,,2300,,1470
Напиток винный газ. Ламбруско Розато п/сл 0.75,,нет,нет в наличии,Россия,,8,,,,,,,,,,,,,,,,1000,,200
Напиток винный газ. Ламбруско Бьянко п/сл 0.75,,нет,нет в наличии,Россия,,8,,,,,,,,,,,,,,,,1000,,250
"Вино игристое Линда Донна Асти DOCG белое сладкое 0,75 л",,нет,нет в наличии,Италия,Мускат,"7,5",,,,,,,,,,,,,,,,1700,,850
"Вино игристое Фальдео Асти DOCG белое сладкое 0,75 л",,нет,нет в наличии,Италия,Мускат,7,,,,,,,,,,,,,,,,1600,,нет в наличии
,,,,,,,,,,,,,,,,,,,,,,,,
ВЕРМУТ,новая цена,Наличие,New,,,,,,,,,,,,,,,,,,,цена,,закуп
"Вермут Каза Позитано Бьянко белый сладкий 0,75 л",2340,,850,,,,,,,,,,,,,,,,,,,1500,,770
"Напиток ароматизированный МАРТИНИ БЬЯНКО 15% БЕЛ. СЛ. 0,5Л",2430,,900,,,,,,,,,,,,,,,,,,,1600,,1000
"Вермут Чинзано Бьянко белый сладкий 0,5 л",2520,,950,,,,,,,,,,,,,,,,,,,1600,,899
"Вермут Мартини Бьянко белый сладкий 0,75 л",2810,,1100,,,,,,,,,,,,,,,,,,,1900,,950
"Вермут Мартини Фиеро сладкий 0,75 л",2810,,1100,,,,,,,,,,,,,,,,,,,1900,,1100
"Вермут Мартини Экстра Драй белый сухой 0,75 л",2890,,1150,,,,,,,,,,,,,,,,,,,1900,,1150
Вермут ЧИНЗАНО БЬЯНКО 15% БЕЛ. СЛ. 1Л,3170,,1300,,,,,,,,,,,,,,,,,,,2000,,1200
,,,,,,,,,,,,,,,,,,,,,,,,
ПИВО,новая цена,Наличие,New,,,,,,,,,,,,,,,,,,,цена,,закуп
"Пиво Жигули Барное светлое ст 0,31 л",199,,57,,,,,,,,,,,,,,,,,,,,,
"пиво Рижское светлое ст 0,45 л",199,,55,,,,,,,,,,,,,,,,,,,,,
"Пиво Белорусское светлое фильтрованное пастеризованное ст 0,5 л",199,,67,,,,,,,,,,,,,,,,,,,,,
"Сидр Мистер Лис Яблоко ж/б 0,43 л",209,,64,,,,,,,,,,,,,,,,,,,,,
"Пиво БАЛТИКА КЛАССИЧЕСКОЕ №3 СВЕТЛ. ФИЛЬТР. ПАСТЕР. СТ/Б 0,5Л",209,,64,,,,,,,,,,,,,,,,,,,,,
"Пиво КРУШОВИЦЕ СВЕТЛ. ФИЛЬТР. ПАСТЕР. Ж/Б 0,43Л",219,,70,,,,,,,,,,,,,,,,,,,,,
"Пиво СТАРЫЙ МЕЛЬНИК ИЗ БОЧОНКА МЯГКОЕ СВЕТЛ. ФИЛЬТР. ПАСТЕР. СТ/Б 0,45Л",229,,70,,,,,,,,,,,,,,,,,,,,,
"Пивной напиток СТАРЫЙ МЕЛЬНИК ИЗ БОЧОНКА БАРХАТНОЕ ТЕМН. ФИЛЬТР. ПАСТЕР. СТ/Б 0,45Л",229,,70,,,,,,,,,,,,,,,,,,,,,
"Пиво LOWENBRAU ОРИГИНАЛЬНОЕ СВЕТЛ. ФИЛЬТР. ПАСТЕР. Ж/Б 0,45Л",229,,68,,,,,,,,,,,,,,,,,,,,,
"Пивной напиток KRONE BLANCHE BIERE СВЕТЛ. НЕФИЛЬТР. ПАСТЕР. СТ/Б 0,45Л",239,,90,,,,,,,,,,,,,,,,,,,,,
"Сидр Бон Сезон ст 0,4 л",239,,90,,,,,,,,,,,,,,,,,,,,,
жигулевское,199,,80,,,,,,,,,,,,,,,,,,,150,,80
Козел светлое/темное,219,,85,,,,,,,,,,,,,,,,,,,200,,50
"Эсса(Дыня-клубника,Кокос-манго,Ананас-грейпфрут)",249,,80,,,,,,,,,,,,,,,,,,,250,,79
Хугарден,249,,90,,,,,,,,,,,,,,,,,,,250,,80
шпатен ,299,(онли лента),115,,,,,,,,,,,,,,,,,,,300,,110
корона ,379,(онли лента),140,,,,,,,,,,,,,,,,,,,350,,135
"Пиво Хубер Вайссес Хеллес Хефе Вайссбир светлое нефильтрованное пастеризованное ст 0,5 л",625,,250,,,,,,,,,,,,,,,,,,,,,
"Пиво Стелла Артуа светлое ст 0,44 л (стяжка 4шт)",1199,(Кб/лента),360,,,,,,,,,,,,,,,,,,,1199,,85
Пиво Bud 0.5 л (стяжка 4шт),1299,,380,,,,,,,,,,,,,,,,,,,799,,75
чешское,,нет,не продается,,,,,,,,,,,,,,,,,,,200,,90
"Пиво Хопфендорф Шварцбир темное фильтрованное пастеризованное ж/б 0,5 л",,нет,не продается,,,,,,,,,,,,,,,,,,,250,,80
"Пиво Хопфендорф Шварцбир темное ж/б 0,5 л",,нет,не продается,,,,,,,,,,,,,,,,,,,250,,
"Пиво Евротур Шварц темное фильтрованное пастеризованное ж/б 0,5 л",,нет,не продается,,,,,,,,,,,,,,,,,,,200,,80
"Пиво Хоп Райдер Уит Пэйл Эль светлое ж/б 0,33 л",229,нет,90,,,,,,,,,,,,,,,,,,,200,,80
"Пиво Хоп Райдер Экстра Стаут темное ж/б 0,33 л",229,нет,90,,,,,,,,,,,,,,,,,,,200,,80
"Пиво Белджиан Крон Лагер светлое ж/б 0,5 л",249,нет,100,,,,,,,,,,,,,,,,,,,250,,80
,,,,,,,,,,,,,,,,,,,,,,,,
ПИВО 1л и больше,новая цена,Наличие,New,,,,,,,,,,,,,,,,,,,,цена,
"Пиво Живая Варка светлое ПЭТ 1,5 л",299,,110,,,,,,,,,,,,,,,,,,,,300,
"Пиво Рижское светлое ПЭТ 1,3 л",299,,115,,,,,,,,,,,,,,,,,,,,200,
"Пиво СТАРЫЙ МЕЛЬНИК ИЗ БОЧОНКА МЯГКОЕ СВ.ФИ. 0,9Л",319,,120,,,,,,,,,,,,,,,,,,,,250,
"Пиво ЖИГУЛЕВСКОЕ ТРАДИЦИОННОЕСВЕТЛ. ФИЛЬТР. 1,2Л",329,,130,,,,,,,,,,,,,,,,,,,,250,
"Пиво Пшеничное мягкое ПЭТ 1,5 л",349,,130,,,,,,,,,,,,,,,,,,,,300,
"Пиво ГЁССЕР СВЕТЛ. ФИЛЬТР. ПАСТЕР. ПЭТ 1,2Л",359,,130,,,,,,,,,,,,,,,,,,,,300,
"Пиво CARLSBERG СВЕТЛ. ФИЛЬТР. ПАСТЕР. ПЭТ 1,35Л",369,,130,,,,,,,,,,,,,,,,,,,,300,
"Пиво БЕЛЫЙ МЕДВЕДЬ СВЕТЛ. ФИЛЬТР. ПАСТЕР. ПЭТ 1,15Л",379,,140,,,,,,,,,,,,,,,,,,,,300,
"Пиво TUBORG GREEN СВЕТЛ. ФИЛЬТР. ПАСТЕР. ПЭТ 1,35Л",389,,160,,,,,,,,,,,,,,,,,,,,350,
Разливное светлое фильтрованное 1л,449,150-180,130,,,,,,,,,,,,,,,,,,,,400,
Разливное светлое нефильтрованное 1л,449,150-180,130,,,,,,,,,,,,,,,,,,,,400,
Разливое темное 1л,499,150-180,130,,,,,,,,,,,,,,,,,,,,450,
"Пиво Nord Land Beer светлое крепкое фильтрованное 1,2 л",,нет,нет в наличии,,,,,,,,,,,,,,,,,,,,250,
"Пиво Австрийское светлое ПЭТ 1,5 л",,нет,не продается,,,,,,,,,,,,,,,,,,,,300,
,,,,,,,,,,,,,,,,,,,,,,,,
НАПИТКИ Б\А,новая цена,наличие,закуп,,,,,,,,,,,,,,,,,,,,,
Вода Аква Минерале газированная 2 л,169,,70,,,,,,,,,,,,,,,,,,,,,
Вода Аква Минерале негаз 2 л,169,,70,,,,,,,,,,,,,,,,,,,,,
"Минеральная вода Заветный родник негазированная 1,5 л",149,,50,,,,,,,,,,,,,,,,,,,,,
"Вода Аква Люкс газ 1,5 л",149,,50,,,,,,,,,,,,,,,,,,,,,
Вода минеральная Аш Тау Скважина 6К газированная 1 л,99,,35,,,,,,,,,,,,,,,,,,,,,
Напиток ДОБРЫЙ КОЛА ГАЗ.  1Л,299,,100,,,,,,,,,,,,,,,,,,,,,
Сок RICH ВИШНЯ 1Л,389,,180,,,,,,,,,,,,,,,,,,,,,
Сок RICH ТОМАТ 1Л,349,,160,,,,,,,,,,,,,,,,,,,,,
Сок RICH АПЕЛЬСИН\АНАНАС\ГРЕЙПФРУТ 1Л,399,,190,,,,,,,,,,,,,,,,,,,,,
Сок Сады Придонья томатный с солью с мякотью\яблоко 1 л,339,,150,,,,,,,,,,,,,,,,,,,,,
"Напиток НАТАХТАРИ ГРУША\ФЕЙХОА\САПЕРАВИ СТ/Б 0,5Л",299,,108,,,,,,,,,,,,,,,,,,,,,
"Напиток LIPTON ЗЕЛЕНЫЙ ЧАЙ\ЧЕРНЫЙ ЛИМОН НЕГАЗ. 0,5л",249,,90,,,,,,,,,,,,,,,,,,,,,
Напиток Рич индиан тоник\биттер лимон сильногазированный 1 л,319,,135,,,,,,,,,,,,,,,,,,,,,
Газированный напиток Эвервесс Биттер Лимон 1 л,239,,80,,,,,,,,,,,,,,,,,,,,,
"Газированный напиток Старые Добрые Традиции Лимонад ст 0,5 л",159,,40,,,,,,,,,,,,,,,,,,,,,
"Квас Добрый хлеб фильтрованный пастеризованный 1,5 л",169,,50,,,,,,,,,,,,,,,,,,,,,
"Чай IceTea Лимон\лесные ягоды\малина 0,5 л",139,,50,,,,,,,,,,,,,,,,,,,,,
"Минеральная вода Ессентуки Целебная газированная ст 0,5 л",129,,40,,,,,,,,,,,,,,,,,,,,,
"Нектар Сады Придонья мультифрутовый\яблоко\черешня 0,95 л",399,,209,,,,,,,,,,,,,,,,,,,,,
Газированный напиток Экспорт Стаил Классик Кола 2 л,299,,100,,,,,,,,,,,,,,,,,,,,,
,,,,,,,,,,,,,,,,,,,,,,,,
СИГАРЕТЫ И СТИКИ (за пачку),новая цена,Наличие,New,,,,,,,,,,,,,,,,,,,цена,,закуп
Сигареты Ротманс Грин,399,,159,,,,,,,,,,,,,,,,,,,350,,159
Сигареты LUCKY STRIKE Green,399,,159,,,,,,,,,,,,,,,,,,,350,,159
Сигареты Ротманс Дэми Классик,419,,170,,,,,,,,,,,,,,,,,,,350,,170
Сигареты Камелл Желтый,449,,180,,,,,,,,,,,,,,,,,,,400,,180
Сигареты Камелл Компакт,449,,180,,,,,,,,,,,,,,,,,,,350,,180
Сигареты LUCKY STRIKE XL,469,,190,,,,,,,,,,,,,,,,,,,350,,190
Стики NEO Ванилла\Тобакко\Тропик,469,,190,,,,,,,,,,,,,,,,,,,450,,190
Сигареты Винстон Вайт,499,,200,,,,,,,,,,,,,,,,,,,400,,200
Стики IQOS Heets Янтарные\Бронзовые\Голд\Грин\Фиол.\Слайт\Самер Бриз,499,,200,,,,,,,,,,,,,,,,,,,450,,200
Сигареты Винстон ИксСтайл,499,,202,,,,,,,,,,,,,,,,,,,400,,202
Сигареты Винстон xs blue Тонкие,509,,223,,,,,,,,,,,,,,,,,,,450,,223
Сигареты Винстон XS компакт блю,539,,230,,,,,,,,,,,,,,,,,,,400,,230
Сигареты Винстон Рэд,539,,230,,,,,,,,,,,,,,,,,,,450,,230
Сигареты Винстон Блю,539,,230,,,,,,,,,,,,,,,,,,,400,,230
Сигареты Винстон Сильвер,539,,233,,,,,,,,,,,,,,,,,,,400,,233
Сигареты Винстон Классик,539,,240,,,,,,,,,,,,,,,,,,,400,,240
Сигареты Парламент аква блю,549,,279,,,,,,,,,,,,,,,,,,,500,,279
Сигареты Парламент сильвер блю,559,,279,,,,,,,,,,,,,,,,,,,500,,279
Сигареты Парламент One,619,,279,,,,,,,,,,,,,,,,,,,500,,279
Сигареты Парламент Платинум Блю,629,,230,,,,,,,,,,,,,,,,,,,450,,230
,,,,,,,,,,,,,,,,,,,,,,,,
ЭЛЕКТРОНКИ,новая цена,Наличие,New,,,,,,,,,,,,,,,,,,,цена,,
бристоль или любой продуктовый/вейпшоп,,,,,,,,,,,,,,,,,,,,,,,,
Электронная одноразовая система от 5000тяг,3599,,1900,,,,,,,,,,,,,,,,,,,1900,,
"(дыня, кола, банан, ягодный микс, клубничный коктейль,",,,,,,,,,,,,,,,,,,,,,,,,
"гуава-маракуйа, малина-арбуз, яблоко, мармелад, манго",,,,,,,,,,,,,,,,,,,,,,,,
Электронная одноразовая система от 5000тяг,4199,,2500,,,,,,,,,,,,,,,,,,,2900,,
"(банан, ягодный микс, клубника,маракуйа,яблоко,манго)",,,,,,,,,,,,,,,,,,,,,,,,
,,,,,,,,,,,,,,,,,,,,,,,,
СНЭКИ И ДР,новая цена,Наличие,New,,,,,,,,,,,,,,,,,,,цена,,
ЛУКОВЫЕ КОЛЬЦА СМЕТАНА\СЫР 45г,109,,40,,,,,,,,,,,,,,,,,,,100,,
Сухарики КИРИЕШКИ ЧИЗБУРГЕР\ОГУРЦЫ\ШАШЛЫК\,119,,50,,,,,,,,,,,,,,,,,,,100,,
ХОЛОДЕЦ С ХРЕНОМ\ВЕТЧИНА СЫР\СТЕЙК\СЕМГА\ 60г,,,,,,,,,,,,,,,,,,,,,,,,
Сухарики ХРУСTEAM ЧИАБАТТА ОЛИВКИ\ВЕТЧИНА\,199,,50,,,,,,,,,,,,,,,,,,,200,,
КРАБ\ТОМАТ\СЫРНОЕ АССОРТИ\СМЕТАНА ЗЕЛЕНЬ 60г ,,,,,,,,,,,,,,,,,,,,,,,,
Семечки ОТ МАРТИНА ЖАРЕНЫЕ МОРСКАЯ СОЛЬ 100Г,229,,70,,,,,,,,,,,,,,,,,,,150,,
Чипсы Лэйс Бекон\Краб\Лук/Сменана зелень 90г,249,,100,,,,,,,,,,,,,,,,,,,250,,
Чипсы Лэйс Бекон\Краб\Лук/Сменана зелень 140г,349,,100,,,,,,,,,,,,,,,,,,,350,,
Фисташки «ОТЕЦ ОРЕХ» ЖАРЕНЫЕ СОЛЕНЫЕ,449,,220,,,,,,,,,,,,,,,,,,,400,,
Миндаль «ОТЕЦ ОРЕХ» ЖАРЕНЫЙ 150Г,479,,250,,,,,,,,,,,,,,,,,,,350,,
Фундук «ОТЕЦ ОРЕХ» ЖАРЕНЫЙ 150Г,489,,260,,,,,,,,,,,,,,,,,,,350,,
Чипсы соломкой POMSTICKS С СОЛЬЮ\СМЕТАНА 100Г,349,нет,110,,,,,,,,,,,,,,,,,,,250,,
,,,,,,,,,,,,,,,,,,,,,,,,
"МЯСО, РЫБА И СЫР КОПЧЕНОЕ\НАРЕЗНОЕ",новая цена,Наличие,NEW,,,,,,,,,,,,,,,,,,,цена,,закуп
Колбаса Микоян сырокопченая 80г,199,,64,,,,,,,,,,,,,,,,,,,199,,64
Крабовые палочки 200г,249,,85,,,,,,,,,,,,,,,,,,,249,,85
Сосиски МОЛОЧНЫЕ 290Г,349,,115,,,,,,,,,,,,,,,,,,,349,,115
Сыр копченый косичка 90г,399,,140,,,,,,,,,,,,,,,,,,,399,,140
Рыба Копченная ПОРТ АРТУР Желтый полосатик\,349,,140,,,,,,,,,,,,,,,,,,,349,,140
Кольца кальмара\Мясо кальмара сушено-вяленое\ ,349,,140,,,,,,,,,,,,,,,,,,,349,,140
Кальмар сушеный\Стружка минтая\ 60г,349,,140,,,,,,,,,,,,,,,,,,,349,,140
"Рыбка сушеная желтый полосатик ""Чистое море""",349,,145,,,,,,,,,,,,,,,,,,,349,,145
Филе сельди\горбуша/скумбрия 200г,399,,200,,,,,,,,,,,,,,,,,,,399,,200
Кальмар Сухогруз сушеныйм70г,399,,200,,,,,,,,,,,,,,,,,,,399,,200
Сервелат 300г,499,,140,,,,,,,,,,,,,,,,,,,499,,140
Сыр плавленый HOCHLAND\PRESIDENT 150г,449,,155,,,,,,,,,,,,,,,,,,,449,,155
Сыр в ассортименте 180г,899,,250,,,,,,,,,,,,,,,,,,,899,,250
Сыр плавленый VIOLA Чеддер ломтики 140г,899,,250,,,,,,,,,,,,,,,,,,,899,,250
,,,,,,,,,,,,,,,,,,,,,,,,
ШОКОЛАД И КОНФЕТЫ,цена,наличие,закуп,,,,,,,,,,,,,,,,,,,,,
Набор конфет RAFFAELLO 150Г коробка,800,,350,,,,,,,,,,,,,,,,,,,,,
Набор конфет Ферреро Роше 125г коробка,800,,350,,,,,,,,,,,,,,,,,,,,,
"Шоколад Чоко энд Натс молочный с цельным фундуком\с миндалем\белый с цельным фундуком, 200г",600,,259,,,,,,,,,,,,,,,,,,,,,
"Набор конфет Мерси ассорти, 250 г коробка",800,,350,,,,,,,,,,,,,,,,,,,,,
"Набор конфет Тоффифе, 125 г коробка",600,,,,,,,,,,,,,,,,,,,,,,,
Шоколад Милка молочный с карамелью\молочный\ с фундуком\миндаль и лесные ягоды 90г,200,,85,,,,,,,,,,,,,,,,,,,,,
"Набор конфет ОРЕШКА с цельным фундуком со вкусом сливок, 150 г",500,,120,,,,,,,,,,,,,,,,,,,,,
"Набор конфет Дав Promises ассорти, 118г, коробка",750,,300,,,,,,,,,,,,,,,,,,,,,
"Набор конфет Родные Просторы с вафельной крошкой, 180 г",450,,160,,,,,,,,,,,,,,,,,,,,,
"Шоколад Милка Мммакс Арахис и Карамель, 270 г",850,,400,,,,,,,,,,,,,,,,,,,,,
"Конфеты А.Коркунов Шоколадная палитра, 143 г коробка",600,,250,,,,,,,,,,,,,,,,,,,,,
Шоколад Альпен Гольд молочный\молочный Орео\с фундуком\ с черникой и йогуртом 80 г,180,,70,,,,,,,,,,,,,,,,,,,,,